{"timestamp": "2026-08-04 00:13:29,323", "level": "INFO", "module": "train_tabular", "message": "Generating mock tabular dataset..."}
{"timestamp": "2026-08-04 00:13:29,349", "level": "INFO", "module": "train_tabular", "message": "Saved mock dataset to data/datasets/tabular_dataset.csv"}
{"timestamp": "2026-08-04 00:13:54,535", "level": "INFO", "module": "train_tabular", "message": "Generating mock tabular dataset..."}
{"timestamp": "2026-08-04 00:13:54,563", "level": "INFO", "module": "train_tabular", "message": "Saved mock dataset to data/datasets/tabular_dataset.csv"}
{"timestamp": "2026-08-04 00:13:55,123", "level": "INFO", "module": "train_tabular", "message": "Saved scaler to models/scaler.pkl"}
{"timestamp": "2026-08-04 00:13:55,124", "level": "INFO", "module": "train_tabular", "message": "Training random_forest..."}
{"timestamp": "2026-08-04 00:13:55,486", "level": "INFO", "module": "train_tabular", "message": "random_forest Evaluation: F1=0.3636, AUC=0.7489"}
{"timestamp": "2026-08-04 00:13:55,496", "level": "INFO", "module": "train_tabular", "message": "Training gradient_boosting..."}
{"timestamp": "2026-08-04 00:13:55,839", "level": "INFO", "module": "train_tabular", "message": "gradient_boosting Evaluation: F1=0.4000, AUC=0.7546"}
{"timestamp": "2026-08-04 00:13:55,843", "level": "INFO", "module": "train_tabular", "message": "Training xgboost..."}
{"timestamp": "2026-08-04 00:13:56,269", "level": "INFO", "module": "train_tabular", "message": "xgboost Evaluation: F1=0.4595, AUC=0.7236"}
{"timestamp": "2026-08-04 00:13:56,273", "level": "INFO", "module": "train_tabular", "message": "Best model was xgboost with F1=0.4595"}
{"timestamp": "2026-08-04 00:13:56,279", "level": "INFO", "module": "train_tabular", "message": "Saved best model to models/tabular/best_model.pkl"}
{"timestamp": "2026-08-04 00:14:09,401", "level": "INFO", "module": "train_gnn", "message": "Generating mock wallet graph..."}
{"timestamp": "2026-08-04 00:14:12,413", "level": "INFO", "module": "train_gnn", "message": "Training GNN model..."}
{"timestamp": "2026-08-04 00:14:12,485", "level": "INFO", "module": "train_gnn", "message": "Epoch 020 | Loss: 0.5001 | Accuracy: 0.8067"}
{"timestamp": "2026-08-04 00:14:12,537", "level": "INFO", "module": "train_gnn", "message": "Epoch 040 | Loss: 0.4632 | Accuracy: 0.8067"}
{"timestamp": "2026-08-04 00:14:12,589", "level": "INFO", "module": "train_gnn", "message": "Epoch 060 | Loss: 0.3535 | Accuracy: 0.8067"}
{"timestamp": "2026-08-04 00:14:12,644", "level": "INFO", "module": "train_gnn", "message": "Epoch 080 | Loss: 0.2417 | Accuracy: 0.8067"}
{"timestamp": "2026-08-04 00:14:12,695", "level": "INFO", "module": "train_gnn", "message": "Epoch 100 | Loss: 0.1830 | Accuracy: 0.8067"}
{"timestamp": "2026-08-04 00:14:12,705", "level": "INFO", "module": "train_gnn", "message": "Saved GNN model to models/graph/gnn_model.pt"}
{"timestamp": "2026-08-04 00:14:38,361", "level": "INFO", "module": "train_autoencoder", "message": "Training Autoencoder anomaly detector..."}
{"timestamp": "2026-08-04 00:14:39,023", "level": "INFO", "module": "train_autoencoder", "message": "Epoch 10 | Loss (MSE): 0.771956"}
{"timestamp": "2026-08-04 00:14:39,598", "level": "INFO", "module": "train_autoencoder", "message": "Epoch 20 | Loss (MSE): 0.725805"}
{"timestamp": "2026-08-04 00:14:40,177", "level": "INFO", "module": "train_autoencoder", "message": "Epoch 30 | Loss (MSE): 0.679133"}
{"timestamp": "2026-08-04 00:14:40,780", "level": "INFO", "module": "train_autoencoder", "message": "Epoch 40 | Loss (MSE): 0.668758"}
{"timestamp": "2026-08-04 00:14:41,367", "level": "INFO", "module": "train_autoencoder", "message": "Epoch 50 | Loss (MSE): 0.665158"}
{"timestamp": "2026-08-04 00:14:41,375", "level": "INFO", "module": "train_autoencoder", "message": "Saved Autoencoder model to models/anomaly/autoencoder.pt"}
{"timestamp": "2026-08-04 00:22:04,621", "level": "INFO", "module": "feature_engineering", "message": "Generating features for 0x7A5D8F3A22904838493028304920492039203920 on chain ethereum..."}
{"timestamp": "2026-08-04 00:22:04,622", "level": "INFO", "module": "blockchain_api", "message": "Initialized Blockchain API for ethereum using https://eth-mainnet.g.alchemy.com/v2/mock-api-key"}
{"timestamp": "2026-08-04 00:22:04,732", "level": "INFO", "module": "blockchain_api", "message": "Initialized Blockchain API for ethereum using https://eth-mainnet.g.alchemy.com/v2/mock-api-key"}
{"timestamp": "2026-08-04 00:22:05,154", "level": "INFO", "module": "blockchain_api", "message": "Initialized Blockchain API for ethereum using https://eth-mainnet.g.alchemy.com/v2/mock-api-key"}
{"timestamp": "2026-08-04 00:22:14,757", "level": "INFO", "module": "feature_engineering", "message": "Generating features for 0x7A5D8F3A22904838493028304920492039203920 on chain ethereum..."}
{"timestamp": "2026-08-04 00:22:14,758", "level": "INFO", "module": "blockchain_api", "message": "Initialized Blockchain API for ethereum using https://eth-mainnet.g.alchemy.com/v2/mock-api-key"}
{"timestamp": "2026-08-04 00:22:14,813", "level": "INFO", "module": "blockchain_api", "message": "Initialized Blockchain API for ethereum using https://eth-mainnet.g.alchemy.com/v2/mock-api-key"}
{"timestamp": "2026-08-04 00:22:15,375", "level": "INFO", "module": "feature_engineering", "message": "Generating features for 0x7A5D8F3A22904838493028304920492039203920 on chain ethereum..."}
{"timestamp": "2026-08-04 00:22:15,375", "level": "INFO", "module": "blockchain_api", "message": "Initialized Blockchain API for ethereum using https://eth-mainnet.g.alchemy.com/v2/mock-api-key"}
{"timestamp": "2026-08-04 00:22:15,407", "level": "INFO", "module": "blockchain_api", "message": "Initialized Blockchain API for ethereum using https://eth-mainnet.g.alchemy.com/v2/mock-api-key"}
{"timestamp": "2026-08-04 00:22:15,514", "level": "INFO", "module": "blockchain_api", "message": "Initialized Blockchain API for ethereum using https://eth-mainnet.g.alchemy.com/v2/mock-api-key"}
{"timestamp": "2026-08-04 00:22:49,795", "level": "INFO", "module": "feature_engineering", "message": "Generating features for 0x7A5D8F3A22904838493028304920492039203920 on chain ethereum..."}
{"timestamp": "2026-08-04 00:22:49,796", "level": "INFO", "module": "blockchain_api", "message": "Initialized Blockchain API for ethereum using https://eth-mainnet.g.alchemy.com/v2/mock-api-key"}
{"timestamp": "2026-08-04 00:22:49,820", "level": "INFO", "module": "blockchain_api", "message": "Initialized Blockchain API for ethereum using https://eth-mainnet.g.alchemy.com/v2/mock-api-key"}
{"timestamp": "2026-08-04 00:22:49,922", "level": "INFO", "module": "blockchain_api", "message": "Initialized Blockchain API for ethereum using https://eth-mainnet.g.alchemy.com/v2/mock-api-key"}
{"timestamp": "2026-08-04 00:24:01,460", "level": "INFO", "module": "feature_engineering", "message": "Generating features for 0x7A5D8F3A22904838493028304920492039203920 on chain ethereum..."}
{"timestamp": "2026-08-04 00:24:01,460", "level": "INFO", "module": "blockchain_api", "message": "Initialized Blockchain API for ethereum using https://eth-mainnet.g.alchemy.com/v2/mock-api-key"}
{"timestamp": "2026-08-04 00:24:01,478", "level": "INFO", "module": "blockchain_api", "message": "Initialized Blockchain API for ethereum using https://eth-mainnet.g.alchemy.com/v2/mock-api-key"}
{"timestamp": "2026-08-04 00:24:01,553", "level": "INFO", "module": "blockchain_api", "message": "Initialized Blockchain API for ethereum using https://eth-mainnet.g.alchemy.com/v2/mock-api-key"}
{"timestamp": "2026-08-04 00:24:29,944", "level": "INFO", "module": "stream_listener", "message": "Starting real-time streaming pipeline..."}
{"timestamp": "2026-08-04 00:24:29,947", "level": "INFO", "module": "stream_listener", "message": "Ingested live transaction for 0xbadc0de1f111e111222333444555666777888999 on arbitrum"}
{"timestamp": "2026-08-04 00:24:29,947", "level": "INFO", "module": "feature_engineering", "message": "Generating features for 0xbadc0de1f111e111222333444555666777888999 on chain arbitrum..."}
{"timestamp": "2026-08-04 00:24:29,948", "level": "INFO", "module": "blockchain_api", "message": "Initialized Blockchain API for arbitrum using https://arb-mainnet.g.alchemy.com/v2/mock-api-key"}
{"timestamp": "2026-08-04 00:24:29,981", "level": "INFO", "module": "blockchain_api", "message": "Initialized Blockchain API for arbitrum using https://arb-mainnet.g.alchemy.com/v2/mock-api-key"}
{"timestamp": "2026-08-04 00:24:30,008", "level": "WARNING", "module": "stream_listener", "message": "⚠️ ALERT GENERATED: 0xbadc0de1f111e111222333444555666777888999 on arbitrum scored 80 (HIGH)"}
{"timestamp": "2026-08-04 00:24:30,958", "level": "INFO", "module": "feature_engineering", "message": "Generating features for 0x7A5D8F3A22904838493028304920492039203920 on chain ethereum..."}
{"timestamp": "2026-08-04 00:24:30,959", "level": "INFO", "module": "blockchain_api", "message": "Initialized Blockchain API for ethereum using https://eth-mainnet.g.alchemy.com/v2/mock-api-key"}
{"timestamp": "2026-08-04 00:24:30,998", "level": "INFO", "module": "blockchain_api", "message": "Initialized Blockchain API for ethereum using https://eth-mainnet.g.alchemy.com/v2/mock-api-key"}
{"timestamp": "2026-08-04 00:24:31,099", "level": "INFO", "module": "blockchain_api", "message": "Initialized Blockchain API for ethereum using https://eth-mainnet.g.alchemy.com/v2/mock-api-key"}
{"timestamp": "2026-08-04 00:24:35,438", "level": "INFO", "module": "stream_listener", "message": "Ingested live transaction for 0x8626f6940e2eb28930efb4cef49b2d1f2c9c1199 on polygon"}
{"timestamp": "2026-08-04 00:24:35,439", "level": "INFO", "module": "feature_engineering", "message": "Generating features for 0x8626f6940e2eb28930efb4cef49b2d1f2c9c1199 on chain polygon..."}
{"timestamp": "2026-08-04 00:24:35,439", "level": "INFO", "module": "blockchain_api", "message": "Initialized Blockchain API for polygon using https://polygon-mainnet.g.alchemy.com/v2/mock-api-key"}
{"timestamp": "2026-08-04 00:24:35,448", "level": "INFO", "module": "blockchain_api", "message": "Initialized Blockchain API for polygon using https://polygon-mainnet.g.alchemy.com/v2/mock-api-key"}
{"timestamp": "2026-08-04 00:24:35,476", "level": "WARNING", "module": "stream_listener", "message": "⚠️ ALERT GENERATED: 0x8626f6940e2eb28930efb4cef49b2d1f2c9c1199 on polygon scored 69 (HIGH)"}
{"timestamp": "2026-08-04 00:24:39,824", "level": "INFO", "module": "stream_listener", "message": "Ingested live transaction for 0xdeadbeefdeadbeefdeadbeefdeadbeefdead0000 on ethereum"}
{"timestamp": "2026-08-04 00:24:39,824", "level": "INFO", "module": "feature_engineering", "message": "Generating features for 0xdeadbeefdeadbeefdeadbeefdeadbeefdead0000 on chain ethereum..."}
{"timestamp": "2026-08-04 00:24:39,824", "level": "INFO", "module": "blockchain_api", "message": "Initialized Blockchain API for ethereum using https://eth-mainnet.g.alchemy.com/v2/mock-api-key"}
{"timestamp": "2026-08-04 00:24:39,835", "level": "INFO", "module": "blockchain_api", "message": "Initialized Blockchain API for ethereum using https://eth-mainnet.g.alchemy.com/v2/mock-api-key"}
{"timestamp": "2026-08-04 00:24:39,887", "level": "WARNING", "module": "stream_listener", "message": "⚠️ ALERT GENERATED: 0xdeadbeefdeadbeefdeadbeefdeadbeefdead0000 on ethereum scored 45 (MEDIUM)"}
{"timestamp": "2026-08-04 00:24:43,770", "level": "INFO", "module": "stream_listener", "message": "Ingested live transaction for 0xbadc0de1f111e111222333444555666777888999 on ethereum"}
{"timestamp": "2026-08-04 00:24:43,770", "level": "INFO", "module": "feature_engineering", "message": "Generating features for 0xbadc0de1f111e111222333444555666777888999 on chain ethereum..."}
{"timestamp": "2026-08-04 00:24:43,771", "level": "INFO", "module": "blockchain_api", "message": "Initialized Blockchain API for ethereum using https://eth-mainnet.g.alchemy.com/v2/mock-api-key"}
{"timestamp": "2026-08-04 00:24:43,776", "level": "INFO", "module": "blockchain_api", "message": "Initialized Blockchain API for ethereum using https://eth-mainnet.g.alchemy.com/v2/mock-api-key"}
{"timestamp": "2026-08-04 00:24:43,817", "level": "WARNING", "module": "stream_listener", "message": "⚠️ ALERT GENERATED: 0xbadc0de1f111e111222333444555666777888999 on ethereum scored 80 (HIGH)"}
{"timestamp": "2026-08-04 00:24:47,890", "level": "INFO", "module": "stream_listener", "message": "Ingested live transaction for 0x8626f6940e2eb28930efb4cef49b2d1f2c9c1199 on bsc"}
{"timestamp": "2026-08-04 00:24:47,890", "level": "INFO", "module": "feature_engineering", "message": "Generating features for 0x8626f6940e2eb28930efb4cef49b2d1f2c9c1199 on chain bsc..."}
{"timestamp": "2026-08-04 00:24:47,891", "level": "INFO", "module": "blockchain_api", "message": "Initialized Blockchain API for bsc using https://bsc-dataseed.binance.org"}
{"timestamp": "2026-08-04 00:24:47,896", "level": "INFO", "module": "blockchain_api", "message": "Initialized Blockchain API for bsc using https://bsc-dataseed.binance.org"}
{"timestamp": "2026-08-04 00:24:47,939", "level": "WARNING", "module": "stream_listener", "message": "⚠️ ALERT GENERATED: 0x8626f6940e2eb28930efb4cef49b2d1f2c9c1199 on bsc scored 69 (HIGH)"}
{"timestamp": "2026-08-04 00:24:51,797", "level": "INFO", "module": "stream_listener", "message": "Ingested live transaction for 0x1f9840a85d5af5bf1d1762f925bdaddc4201f984 on bsc"}
{"timestamp": "2026-08-04 00:24:51,797", "level": "INFO", "module": "feature_engineering", "message": "Generating features for 0x1f9840a85d5af5bf1d1762f925bdaddc4201f984 on chain bsc..."}
{"timestamp": "2026-08-04 00:24:51,797", "level": "INFO", "module": "blockchain_api", "message": "Initialized Blockchain API for bsc using https://bsc-dataseed.binance.org"}
{"timestamp": "2026-08-04 00:24:51,806", "level": "INFO", "module": "blockchain_api", "message": "Initialized Blockchain API for bsc using https://bsc-dataseed.binance.org"}
{"timestamp": "2026-08-04 00:24:51,848", "level": "WARNING", "module": "stream_listener", "message": "⚠️ ALERT GENERATED: 0x1f9840a85d5af5bf1d1762f925bdaddc4201f984 on bsc scored 67 (HIGH)"}
{"timestamp": "2026-08-04 00:24:58,230", "level": "INFO", "module": "stream_listener", "message": "Ingested live transaction for 0x2546f6940e2eb28930efb4cef49b2d1f2c9c1188 on ethereum"}
{"timestamp": "2026-08-04 00:24:58,231", "level": "INFO", "module": "feature_engineering", "message": "Generating features for 0x2546f6940e2eb28930efb4cef49b2d1f2c9c1188 on chain ethereum..."}
{"timestamp": "2026-08-04 00:24:58,231", "level": "INFO", "module": "blockchain_api", "message": "Initialized Blockchain API for ethereum using https://eth-mainnet.g.alchemy.com/v2/mock-api-key"}
{"timestamp": "2026-08-04 00:24:58,237", "level": "INFO", "module": "blockchain_api", "message": "Initialized Blockchain API for ethereum using https://eth-mainnet.g.alchemy.com/v2/mock-api-key"}
{"timestamp": "2026-08-04 00:25:03,380", "level": "INFO", "module": "stream_listener", "message": "Ingested live transaction for 0x8626f6940e2eb28930efb4cef49b2d1f2c9c1199 on arbitrum"}
{"timestamp": "2026-08-04 00:25:03,381", "level": "INFO", "module": "feature_engineering", "message": "Generating features for 0x8626f6940e2eb28930efb4cef49b2d1f2c9c1199 on chain arbitrum..."}
{"timestamp": "2026-08-04 00:25:03,381", "level": "INFO", "module": "blockchain_api", "message": "Initialized Blockchain API for arbitrum using https://arb-mainnet.g.alchemy.com/v2/mock-api-key"}
{"timestamp": "2026-08-04 00:25:03,393", "level": "INFO", "module": "blockchain_api", "message": "Initialized Blockchain API for arbitrum using https://arb-mainnet.g.alchemy.com/v2/mock-api-key"}
{"timestamp": "2026-08-04 00:25:03,447", "level": "WARNING", "module": "stream_listener", "message": "⚠️ ALERT GENERATED: 0x8626f6940e2eb28930efb4cef49b2d1f2c9c1199 on arbitrum scored 69 (HIGH)"}
{"timestamp": "2026-08-04 00:25:06,463", "level": "INFO", "module": "stream_listener", "message": "Ingested live transaction for 0x8626f6940e2eb28930efb4cef49b2d1f2c9c1199 on bsc"}
{"timestamp": "2026-08-04 00:25:06,463", "level": "INFO", "module": "feature_engineering", "message": "Generating features for 0x8626f6940e2eb28930efb4cef49b2d1f2c9c1199 on chain bsc..."}
{"timestamp": "2026-08-04 00:25:06,464", "level": "INFO", "module": "blockchain_api", "message": "Initialized Blockchain API for bsc using https://bsc-dataseed.binance.org"}
{"timestamp": "2026-08-04 00:25:06,472", "level": "INFO", "module": "blockchain_api", "message": "Initialized Blockchain API for bsc using https://bsc-dataseed.binance.org"}
{"timestamp": "2026-08-04 00:25:06,511", "level": "WARNING", "module": "stream_listener", "message": "⚠️ ALERT GENERATED: 0x8626f6940e2eb28930efb4cef49b2d1f2c9c1199 on bsc scored 69 (HIGH)"}
{"timestamp": "2026-08-04 00:25:12,178", "level": "INFO", "module": "stream_listener", "message": "Ingested live transaction for 0xdd2fd4581271e230360230f9337d5c0430bf44c0 on bsc"}
{"timestamp": "2026-08-04 00:25:12,178", "level": "INFO", "module": "feature_engineering", "message": "Generating features for 0xdd2fd4581271e230360230f9337d5c0430bf44c0 on chain bsc..."}
{"timestamp": "2026-08-04 00:25:12,179", "level": "INFO", "module": "blockchain_api", "message": "Initialized Blockchain API for bsc using https://bsc-dataseed.binance.org"}
{"timestamp": "2026-08-04 00:25:12,186", "level": "INFO", "module": "blockchain_api", "message": "Initialized Blockchain API for bsc using https://bsc-dataseed.binance.org"}
{"timestamp": "2026-08-04 00:25:12,231", "level": "WARNING", "module": "stream_listener", "message": "⚠️ ALERT GENERATED: 0xdd2fd4581271e230360230f9337d5c0430bf44c0 on bsc scored 66 (HIGH)"}
{"timestamp": "2026-08-04 00:25:18,164", "level": "INFO", "module": "stream_listener", "message": "Starting real-time streaming pipeline..."}
{"timestamp": "2026-08-04 00:25:18,168", "level": "INFO", "module": "stream_listener", "message": "Ingested live transaction for 0x2546f6940e2eb28930efb4cef49b2d1f2c9c1188 on polygon"}
{"timestamp": "2026-08-04 00:25:18,169", "level": "INFO", "module": "feature_engineering", "message": "Generating features for 0x2546f6940e2eb28930efb4cef49b2d1f2c9c1188 on chain polygon..."}
{"timestamp": "2026-08-04 00:25:18,169", "level": "INFO", "module": "blockchain_api", "message": "Initialized Blockchain API for polygon using https://polygon-mainnet.g.alchemy.com/v2/mock-api-key"}
{"timestamp": "2026-08-04 00:25:18,199", "level": "INFO", "module": "blockchain_api", "message": "Initialized Blockchain API for polygon using https://polygon-mainnet.g.alchemy.com/v2/mock-api-key"}
{"timestamp": "2026-08-04 00:25:18,406", "level": "INFO", "module": "stream_listener", "message": "Ingested live transaction for 0x1f9840a85d5af5bf1d1762f925bdaddc4201f984 on polygon"}
{"timestamp": "2026-08-04 00:25:18,406", "level": "INFO", "module": "feature_engineering", "message": "Generating features for 0x1f9840a85d5af5bf1d1762f925bdaddc4201f984 on chain polygon..."}
{"timestamp": "2026-08-04 00:25:18,407", "level": "INFO", "module": "blockchain_api", "message": "Initialized Blockchain API for polygon using https://polygon-mainnet.g.alchemy.com/v2/mock-api-key"}
{"timestamp": "2026-08-04 00:25:18,415", "level": "INFO", "module": "blockchain_api", "message": "Initialized Blockchain API for polygon using https://polygon-mainnet.g.alchemy.com/v2/mock-api-key"}
{"timestamp": "2026-08-04 00:25:18,432", "level": "WARNING", "module": "stream_listener", "message": "⚠️ ALERT GENERATED: 0x1f9840a85d5af5bf1d1762f925bdaddc4201f984 on polygon scored 67 (HIGH)"}
{"timestamp": "2026-08-04 08:24:47,309", "level": "INFO", "module": "feature_engineering", "message": "Generating features for 0x7A5D8F3A22904838493028304920492039203920 on chain ethereum..."}
{"timestamp": "2026-08-04 08:24:47,310", "level": "INFO", "module": "blockchain_api", "message": "Initialized Blockchain API for ethereum using https://eth-mainnet.g.alchemy.com/v2/mock-api-key"}
{"timestamp": "2026-08-04 08:24:47,503", "level": "INFO", "module": "blockchain_api", "message": "Initialized Blockchain API for ethereum using https://eth-mainnet.g.alchemy.com/v2/mock-api-key"}
{"timestamp": "2026-08-04 08:24:47,944", "level": "INFO", "module": "blockchain_api", "message": "Initialized Blockchain API for ethereum using https://eth-mainnet.g.alchemy.com/v2/mock-api-key"}
{"timestamp": "2026-08-04 08:29:11,843", "level": "INFO", "module": "stream_listener", "message": "Starting real-time streaming pipeline..."}
{"timestamp": "2026-08-04 08:29:11,844", "level": "INFO", "module": "stream_listener", "message": "Ingested live transaction for 0x1f9840a85d5af5bf1d1762f925bdaddc4201f984 on arbitrum"}
{"timestamp": "2026-08-04 08:29:11,845", "level": "INFO", "module": "feature_engineering", "message": "Generating features for 0x1f9840a85d5af5bf1d1762f925bdaddc4201f984 on chain arbitrum..."}
{"timestamp": "2026-08-04 08:29:11,845", "level": "INFO", "module": "blockchain_api", "message": "Initialized Blockchain API for arbitrum using https://arb-mainnet.g.alchemy.com/v2/mock-api-key"}
{"timestamp": "2026-08-04 08:29:11,876", "level": "INFO", "module": "blockchain_api", "message": "Initialized Blockchain API for arbitrum using https://arb-mainnet.g.alchemy.com/v2/mock-api-key"}
{"timestamp": "2026-08-04 08:29:11,899", "level": "WARNING", "module": "stream_listener", "message": "⚠️ ALERT GENERATED: 0x1f9840a85d5af5bf1d1762f925bdaddc4201f984 on arbitrum scored 67 (HIGH)"}
{"timestamp": "2026-08-04 08:29:12,811", "level": "INFO", "module": "feature_engineering", "message": "Generating features for 0x7A5D8F3A22904838493028304920492039203920 on chain ethereum..."}
{"timestamp": "2026-08-04 08:29:12,811", "level": "INFO", "module": "blockchain_api", "message": "Initialized Blockchain API for ethereum using https://eth-mainnet.g.alchemy.com/v2/mock-api-key"}
{"timestamp": "2026-08-04 08:29:12,836", "level": "INFO", "module": "blockchain_api", "message": "Initialized Blockchain API for ethereum using https://eth-mainnet.g.alchemy.com/v2/mock-api-key"}
{"timestamp": "2026-08-04 08:29:13,035", "level": "INFO", "module": "blockchain_api", "message": "Initialized Blockchain API for ethereum using https://eth-mainnet.g.alchemy.com/v2/mock-api-key"}
{"timestamp": "2026-08-04 08:29:17,913", "level": "INFO", "module": "stream_listener", "message": "Ingested live transaction for 0xdeadbeefdeadbeefdeadbeefdeadbeefdead0000 on ethereum"}
{"timestamp": "2026-08-04 08:29:17,913", "level": "INFO", "module": "feature_engineering", "message": "Generating features for 0xdeadbeefdeadbeefdeadbeefdeadbeefdead0000 on chain ethereum..."}
{"timestamp": "2026-08-04 08:29:17,913", "level": "INFO", "module": "blockchain_api", "message": "Initialized Blockchain API for ethereum using https://eth-mainnet.g.alchemy.com/v2/mock-api-key"}
{"timestamp": "2026-08-04 08:29:17,958", "level": "INFO", "module": "blockchain_api", "message": "Initialized Blockchain API for ethereum using https://eth-mainnet.g.alchemy.com/v2/mock-api-key"}
{"timestamp": "2026-08-04 08:29:17,971", "level": "WARNING", "module": "stream_listener", "message": "⚠️ ALERT GENERATED: 0xdeadbeefdeadbeefdeadbeefdeadbeefdead0000 on ethereum scored 45 (MEDIUM)"}
{"timestamp": "2026-08-04 08:29:21,837", "level": "INFO", "module": "feature_engineering", "message": "Generating features for 0x7A5D8F3A22904838493028304920492039203920 on chain polygon..."}
{"timestamp": "2026-08-04 08:29:21,838", "level": "INFO", "module": "blockchain_api", "message": "Initialized Blockchain API for polygon using https://polygon-mainnet.g.alchemy.com/v2/mock-api-key"}
{"timestamp": "2026-08-04 08:29:21,888", "level": "INFO", "module": "blockchain_api", "message": "Initialized Blockchain API for polygon using https://polygon-mainnet.g.alchemy.com/v2/mock-api-key"}
{"timestamp": "2026-08-04 08:29:22,023", "level": "INFO", "module": "blockchain_api", "message": "Initialized Blockchain API for polygon using https://polygon-mainnet.g.alchemy.com/v2/mock-api-key"}
{"timestamp": "2026-08-04 08:29:23,396", "level": "INFO", "module": "feature_engineering", "message": "Generating features for 0x7A5D8F3A22904838493028304920492039203920 on chain polygon..."}
{"timestamp": "2026-08-04 08:29:23,396", "level": "INFO", "module": "blockchain_api", "message": "Initialized Blockchain API for polygon using https://polygon-mainnet.g.alchemy.com/v2/mock-api-key"}
{"timestamp": "2026-08-04 08:29:23,452", "level": "INFO", "module": "blockchain_api", "message": "Initialized Blockchain API for polygon using https://polygon-mainnet.g.alchemy.com/v2/mock-api-key"}
{"timestamp": "2026-08-04 08:29:23,589", "level": "INFO", "module": "blockchain_api", "message": "Initialized Blockchain API for polygon using https://polygon-mainnet.g.alchemy.com/v2/mock-api-key"}
{"timestamp": "2026-08-04 08:29:24,900", "level": "INFO", "module": "stream_listener", "message": "Ingested live transaction for 0x0000000000000000000000000000000000000bad on polygon"}
{"timestamp": "2026-08-04 08:29:24,900", "level": "INFO", "module": "feature_engineering", "message": "Generating features for 0x0000000000000000000000000000000000000bad on chain polygon..."}
{"timestamp": "2026-08-04 08:29:24,900", "level": "INFO", "module": "blockchain_api", "message": "Initialized Blockchain API for polygon using https://polygon-mainnet.g.alchemy.com/v2/mock-api-key"}
{"timestamp": "2026-08-04 08:29:24,905", "level": "INFO", "module": "blockchain_api", "message": "Initialized Blockchain API for polygon using https://polygon-mainnet.g.alchemy.com/v2/mock-api-key"}
{"timestamp": "2026-08-04 08:29:24,917", "level": "WARNING", "module": "stream_listener", "message": "⚠️ ALERT GENERATED: 0x0000000000000000000000000000000000000bad on polygon scored 74 (HIGH)"}
{"timestamp": "2026-08-04 08:29:30,077", "level": "INFO", "module": "stream_listener", "message": "Ingested live transaction for 0x0000000000000000000000000000000000000bad on polygon"}
{"timestamp": "2026-08-04 08:29:30,078", "level": "INFO", "module": "feature_engineering", "message": "Generating features for 0x0000000000000000000000000000000000000bad on chain polygon..."}
{"timestamp": "2026-08-04 08:29:30,078", "level": "INFO", "module": "blockchain_api", "message": "Initialized Blockchain API for polygon using https://polygon-mainnet.g.alchemy.com/v2/mock-api-key"}
{"timestamp": "2026-08-04 08:29:30,082", "level": "INFO", "module": "blockchain_api", "message": "Initialized Blockchain API for polygon using https://polygon-mainnet.g.alchemy.com/v2/mock-api-key"}
{"timestamp": "2026-08-04 08:29:30,116", "level": "WARNING", "module": "stream_listener", "message": "⚠️ ALERT GENERATED: 0x0000000000000000000000000000000000000bad on polygon scored 74 (HIGH)"}
{"timestamp": "2026-08-04 08:29:34,729", "level": "INFO", "module": "stream_listener", "message": "Ingested live transaction for 0xdd2fd4581271e230360230f9337d5c0430bf44c0 on arbitrum"}
{"timestamp": "2026-08-04 08:29:34,730", "level": "INFO", "module": "feature_engineering", "message": "Generating features for 0xdd2fd4581271e230360230f9337d5c0430bf44c0 on chain arbitrum..."}
{"timestamp": "2026-08-04 08:29:34,730", "level": "INFO", "module": "blockchain_api", "message": "Initialized Blockchain API for arbitrum using https://arb-mainnet.g.alchemy.com/v2/mock-api-key"}
{"timestamp": "2026-08-04 08:29:34,735", "level": "INFO", "module": "blockchain_api", "message": "Initialized Blockchain API for arbitrum using https://arb-mainnet.g.alchemy.com/v2/mock-api-key"}
{"timestamp": "2026-08-04 08:29:34,774", "level": "WARNING", "module": "stream_listener", "message": "⚠️ ALERT GENERATED: 0xdd2fd4581271e230360230f9337d5c0430bf44c0 on arbitrum scored 66 (HIGH)"}
{"timestamp": "2026-08-04 08:29:38,633", "level": "INFO", "module": "stream_listener", "message": "Ingested live transaction for 0x1f9840a85d5af5bf1d1762f925bdaddc4201f984 on bsc"}
{"timestamp": "2026-08-04 08:29:38,633", "level": "INFO", "module": "feature_engineering", "message": "Generating features for 0x1f9840a85d5af5bf1d1762f925bdaddc4201f984 on chain bsc..."}
{"timestamp": "2026-08-04 08:29:38,634", "level": "INFO", "module": "blockchain_api", "message": "Initialized Blockchain API for bsc using https://bsc-dataseed.binance.org"}
{"timestamp": "2026-08-04 08:29:38,639", "level": "INFO", "module": "blockchain_api", "message": "Initialized Blockchain API for bsc using https://bsc-dataseed.binance.org"}
{"timestamp": "2026-08-04 08:29:38,684", "level": "WARNING", "module": "stream_listener", "message": "⚠️ ALERT GENERATED: 0x1f9840a85d5af5bf1d1762f925bdaddc4201f984 on bsc scored 67 (HIGH)"}
{"timestamp": "2026-08-04 08:29:43,381", "level": "INFO", "module": "stream_listener", "message": "Ingested live transaction for 0x71c7656ec7ab88b098defb751b7401b5f6d8976f on bsc"}
{"timestamp": "2026-08-04 08:29:43,381", "level": "INFO", "module": "feature_engineering", "message": "Generating features for 0x71c7656ec7ab88b098defb751b7401b5f6d8976f on chain bsc..."}
{"timestamp": "2026-08-04 08:29:43,382", "level": "INFO", "module": "blockchain_api", "message": "Initialized Blockchain API for bsc using https://bsc-dataseed.binance.org"}
{"timestamp": "2026-08-04 08:29:43,385", "level": "INFO", "module": "blockchain_api", "message": "Initialized Blockchain API for bsc using https://bsc-dataseed.binance.org"}
{"timestamp": "2026-08-04 08:29:43,422", "level": "WARNING", "module": "stream_listener", "message": "⚠️ ALERT GENERATED: 0x71c7656ec7ab88b098defb751b7401b5f6d8976f on bsc scored 69 (HIGH)"}
{"timestamp": "2026-08-04 08:29:49,676", "level": "INFO", "module": "stream_listener", "message": "Ingested live transaction for 0x1f9840a85d5af5bf1d1762f925bdaddc4201f984 on ethereum"}
{"timestamp": "2026-08-04 08:29:49,677", "level": "INFO", "module": "feature_engineering", "message": "Generating features for 0x1f9840a85d5af5bf1d1762f925bdaddc4201f984 on chain ethereum..."}
{"timestamp": "2026-08-04 08:29:49,677", "level": "INFO", "module": "blockchain_api", "message": "Initialized Blockchain API for ethereum using https://eth-mainnet.g.alchemy.com/v2/mock-api-key"}
{"timestamp": "2026-08-04 08:29:49,681", "level": "INFO", "module": "blockchain_api", "message": "Initialized Blockchain API for ethereum using https://eth-mainnet.g.alchemy.com/v2/mock-api-key"}
{"timestamp": "2026-08-04 08:29:49,717", "level": "WARNING", "module": "stream_listener", "message": "⚠️ ALERT GENERATED: 0x1f9840a85d5af5bf1d1762f925bdaddc4201f984 on ethereum scored 67 (HIGH)"}
{"timestamp": "2026-08-04 08:29:55,657", "level": "INFO", "module": "stream_listener", "message": "Ingested live transaction for 0x2546f6940e2eb28930efb4cef49b2d1f2c9c1188 on bsc"}
{"timestamp": "2026-08-04 08:29:55,657", "level": "INFO", "module": "feature_engineering", "message": "Generating features for 0x2546f6940e2eb28930efb4cef49b2d1f2c9c1188 on chain bsc..."}
{"timestamp": "2026-08-04 08:29:55,657", "level": "INFO", "module": "blockchain_api", "message": "Initialized Blockchain API for bsc using https://bsc-dataseed.binance.org"}
{"timestamp": "2026-08-04 08:29:55,661", "level": "INFO", "module": "blockchain_api", "message": "Initialized Blockchain API for bsc using https://bsc-dataseed.binance.org"}
{"timestamp": "2026-08-04 08:29:59,373", "level": "INFO", "module": "stream_listener", "message": "Ingested live transaction for 0x1f9840a85d5af5bf1d1762f925bdaddc4201f984 on arbitrum"}
{"timestamp": "2026-08-04 08:29:59,373", "level": "INFO", "module": "feature_engineering", "message": "Generating features for 0x1f9840a85d5af5bf1d1762f925bdaddc4201f984 on chain arbitrum..."}
{"timestamp": "2026-08-04 08:29:59,373", "level": "INFO", "module": "blockchain_api", "message": "Initialized Blockchain API for arbitrum using https://arb-mainnet.g.alchemy.com/v2/mock-api-key"}
{"timestamp": "2026-08-04 08:29:59,377", "level": "INFO", "module": "blockchain_api", "message": "Initialized Blockchain API for arbitrum using https://arb-mainnet.g.alchemy.com/v2/mock-api-key"}
{"timestamp": "2026-08-04 08:29:59,414", "level": "WARNING", "module": "stream_listener", "message": "⚠️ ALERT GENERATED: 0x1f9840a85d5af5bf1d1762f925bdaddc4201f984 on arbitrum scored 67 (HIGH)"}
{"timestamp": "2026-08-04 08:30:01,627", "level": "INFO", "module": "feature_engineering", "message": "Generating features for 0x7A5D8F3A22904838493028304920492039203920 on chain ethereum..."}
{"timestamp": "2026-08-04 08:30:01,628", "level": "INFO", "module": "blockchain_api", "message": "Initialized Blockchain API for ethereum using https://eth-mainnet.g.alchemy.com/v2/mock-api-key"}
{"timestamp": "2026-08-04 08:30:01,637", "level": "INFO", "module": "blockchain_api", "message": "Initialized Blockchain API for ethereum using https://eth-mainnet.g.alchemy.com/v2/mock-api-key"}
{"timestamp": "2026-08-04 08:30:01,789", "level": "INFO", "module": "blockchain_api", "message": "Initialized Blockchain API for ethereum using https://eth-mainnet.g.alchemy.com/v2/mock-api-key"}
{"timestamp": "2026-08-04 08:30:02,819", "level": "INFO", "module": "feature_engineering", "message": "Generating features for 0x7A5D8F3A22904838493028304920492039203920 on chain ethereum..."}
{"timestamp": "2026-08-04 08:30:02,820", "level": "INFO", "module": "blockchain_api", "message": "Initialized Blockchain API for ethereum using https://eth-mainnet.g.alchemy.com/v2/mock-api-key"}
{"timestamp": "2026-08-04 08:30:02,842", "level": "INFO", "module": "blockchain_api", "message": "Initialized Blockchain API for ethereum using https://eth-mainnet.g.alchemy.com/v2/mock-api-key"}
{"timestamp": "2026-08-04 08:30:03,005", "level": "INFO", "module": "blockchain_api", "message": "Initialized Blockchain API for ethereum using https://eth-mainnet.g.alchemy.com/v2/mock-api-key"}
{"timestamp": "2026-08-04 08:30:03,337", "level": "INFO", "module": "stream_listener", "message": "Ingested live transaction for 0xdeadbeefdeadbeefdeadbeefdeadbeefdead0000 on bsc"}
{"timestamp": "2026-08-04 08:30:03,338", "level": "INFO", "module": "feature_engineering", "message": "Generating features for 0xdeadbeefdeadbeefdeadbeefdeadbeefdead0000 on chain bsc..."}
{"timestamp": "2026-08-04 08:30:03,339", "level": "INFO", "module": "blockchain_api", "message": "Initialized Blockchain API for bsc using https://bsc-dataseed.binance.org"}
{"timestamp": "2026-08-04 08:30:03,350", "level": "INFO", "module": "blockchain_api", "message": "Initialized Blockchain API for bsc using https://bsc-dataseed.binance.org"}
{"timestamp": "2026-08-04 08:30:03,410", "level": "WARNING", "module": "stream_listener", "message": "⚠️ ALERT GENERATED: 0xdeadbeefdeadbeefdeadbeefdeadbeefdead0000 on bsc scored 45 (MEDIUM)"}
{"timestamp": "2026-08-04 08:30:07,154", "level": "INFO", "module": "stream_listener", "message": "Ingested live transaction for 0x7A5D8F3A22904838493028304920492039203920 on bsc"}
{"timestamp": "2026-08-04 08:30:07,154", "level": "INFO", "module": "feature_engineering", "message": "Generating features for 0x7A5D8F3A22904838493028304920492039203920 on chain bsc..."}
{"timestamp": "2026-08-04 08:30:07,154", "level": "INFO", "module": "blockchain_api", "message": "Initialized Blockchain API for bsc using https://bsc-dataseed.binance.org"}
{"timestamp": "2026-08-04 08:30:07,158", "level": "INFO", "module": "blockchain_api", "message": "Initialized Blockchain API for bsc using https://bsc-dataseed.binance.org"}
{"timestamp": "2026-08-04 08:30:07,233", "level": "WARNING", "module": "stream_listener", "message": "⚠️ ALERT GENERATED: 0x7A5D8F3A22904838493028304920492039203920 on bsc scored 69 (HIGH)"}
{"timestamp": "2026-08-04 08:30:13,525", "level": "INFO", "module": "stream_listener", "message": "Ingested live transaction for 0x2546f6940e2eb28930efb4cef49b2d1f2c9c1188 on bsc"}
{"timestamp": "2026-08-04 08:30:13,525", "level": "INFO", "module": "feature_engineering", "message": "Generating features for 0x2546f6940e2eb28930efb4cef49b2d1f2c9c1188 on chain bsc..."}
{"timestamp": "2026-08-04 08:30:13,525", "level": "INFO", "module": "blockchain_api", "message": "Initialized Blockchain API for bsc using https://bsc-dataseed.binance.org"}
{"timestamp": "2026-08-04 08:30:13,530", "level": "INFO", "module": "blockchain_api", "message": "Initialized Blockchain API for bsc using https://bsc-dataseed.binance.org"}
{"timestamp": "2026-08-04 08:30:17,109", "level": "INFO", "module": "stream_listener", "message": "Ingested live transaction for 0xbadc0de1f111e111222333444555666777888999 on bsc"}
{"timestamp": "2026-08-04 08:30:17,110", "level": "INFO", "module": "feature_engineering", "message": "Generating features for 0xbadc0de1f111e111222333444555666777888999 on chain bsc..."}
{"timestamp": "2026-08-04 08:30:17,110", "level": "INFO", "module": "blockchain_api", "message": "Initialized Blockchain API for bsc using https://bsc-dataseed.binance.org"}
{"timestamp": "2026-08-04 08:30:17,115", "level": "INFO", "module": "blockchain_api", "message": "Initialized Blockchain API for bsc using https://bsc-dataseed.binance.org"}
{"timestamp": "2026-08-04 08:30:17,149", "level": "WARNING", "module": "stream_listener", "message": "⚠️ ALERT GENERATED: 0xbadc0de1f111e111222333444555666777888999 on bsc scored 80 (HIGH)"}
{"timestamp": "2026-08-04 08:30:20,980", "level": "INFO", "module": "stream_listener", "message": "Ingested live transaction for 0x2546f6940e2eb28930efb4cef49b2d1f2c9c1188 on bsc"}
{"timestamp": "2026-08-04 08:30:20,980", "level": "INFO", "module": "feature_engineering", "message": "Generating features for 0x2546f6940e2eb28930efb4cef49b2d1f2c9c1188 on chain bsc..."}
{"timestamp": "2026-08-04 08:30:20,980", "level": "INFO", "module": "blockchain_api", "message": "Initialized Blockchain API for bsc using https://bsc-dataseed.binance.org"}
{"timestamp": "2026-08-04 08:30:20,985", "level": "INFO", "module": "blockchain_api", "message": "Initialized Blockchain API for bsc using https://bsc-dataseed.binance.org"}
{"timestamp": "2026-08-04 08:30:26,296", "level": "INFO", "module": "stream_listener", "message": "Ingested live transaction for 0x7A5D8F3A22904838493028304920492039203920 on arbitrum"}
{"timestamp": "2026-08-04 08:30:26,297", "level": "INFO", "module": "feature_engineering", "message": "Generating features for 0x7A5D8F3A22904838493028304920492039203920 on chain arbitrum..."}
{"timestamp": "2026-08-04 08:30:26,297", "level": "INFO", "module": "blockchain_api", "message": "Initialized Blockchain API for arbitrum using https://arb-mainnet.g.alchemy.com/v2/mock-api-key"}
{"timestamp": "2026-08-04 08:30:26,403", "level": "INFO", "module": "blockchain_api", "message": "Initialized Blockchain API for arbitrum using https://arb-mainnet.g.alchemy.com/v2/mock-api-key"}
{"timestamp": "2026-08-04 08:30:26,441", "level": "WARNING", "module": "stream_listener", "message": "⚠️ ALERT GENERATED: 0x7A5D8F3A22904838493028304920492039203920 on arbitrum scored 69 (HIGH)"}
{"timestamp": "2026-08-04 08:30:30,660", "level": "INFO", "module": "stream_listener", "message": "Ingested live transaction for 0xdd2fd4581271e230360230f9337d5c0430bf44c0 on bsc"}
{"timestamp": "2026-08-04 08:30:30,660", "level": "INFO", "module": "feature_engineering", "message": "Generating features for 0xdd2fd4581271e230360230f9337d5c0430bf44c0 on chain bsc..."}
{"timestamp": "2026-08-04 08:30:30,660", "level": "INFO", "module": "blockchain_api", "message": "Initialized Blockchain API for bsc using https://bsc-dataseed.binance.org"}
{"timestamp": "2026-08-04 08:30:30,704", "level": "INFO", "module": "blockchain_api", "message": "Initialized Blockchain API for bsc using https://bsc-dataseed.binance.org"}
{"timestamp": "2026-08-04 08:30:30,739", "level": "WARNING", "module": "stream_listener", "message": "⚠️ ALERT GENERATED: 0xdd2fd4581271e230360230f9337d5c0430bf44c0 on bsc scored 66 (HIGH)"}
{"timestamp": "2026-08-04 08:30:34,812", "level": "INFO", "module": "stream_listener", "message": "Ingested live transaction for 0x71c7656ec7ab88b098defb751b7401b5f6d8976f on polygon"}
{"timestamp": "2026-08-04 08:30:34,813", "level": "INFO", "module": "feature_engineering", "message": "Generating features for 0x71c7656ec7ab88b098defb751b7401b5f6d8976f on chain polygon..."}
{"timestamp": "2026-08-04 08:30:34,813", "level": "INFO", "module": "blockchain_api", "message": "Initialized Blockchain API for polygon using https://polygon-mainnet.g.alchemy.com/v2/mock-api-key"}
{"timestamp": "2026-08-04 08:30:34,817", "level": "INFO", "module": "blockchain_api", "message": "Initialized Blockchain API for polygon using https://polygon-mainnet.g.alchemy.com/v2/mock-api-key"}
{"timestamp": "2026-08-04 08:30:34,854", "level": "WARNING", "module": "stream_listener", "message": "⚠️ ALERT GENERATED: 0x71c7656ec7ab88b098defb751b7401b5f6d8976f on polygon scored 69 (HIGH)"}
{"timestamp": "2026-08-04 08:30:39,700", "level": "INFO", "module": "stream_listener", "message": "Ingested live transaction for 0x2546f6940e2eb28930efb4cef49b2d1f2c9c1188 on ethereum"}
{"timestamp": "2026-08-04 08:30:39,700", "level": "INFO", "module": "feature_engineering", "message": "Generating features for 0x2546f6940e2eb28930efb4cef49b2d1f2c9c1188 on chain ethereum..."}
{"timestamp": "2026-08-04 08:30:39,701", "level": "INFO", "module": "blockchain_api", "message": "Initialized Blockchain API for ethereum using https://eth-mainnet.g.alchemy.com/v2/mock-api-key"}
{"timestamp": "2026-08-04 08:30:39,705", "level": "INFO", "module": "blockchain_api", "message": "Initialized Blockchain API for ethereum using https://eth-mainnet.g.alchemy.com/v2/mock-api-key"}
{"timestamp": "2026-08-04 08:30:45,836", "level": "INFO", "module": "stream_listener", "message": "Ingested live transaction for 0x1f9840a85d5af5bf1d1762f925bdaddc4201f984 on polygon"}
{"timestamp": "2026-08-04 08:30:45,836", "level": "INFO", "module": "feature_engineering", "message": "Generating features for 0x1f9840a85d5af5bf1d1762f925bdaddc4201f984 on chain polygon..."}
{"timestamp": "2026-08-04 08:30:45,837", "level": "INFO", "module": "blockchain_api", "message": "Initialized Blockchain API for polygon using https://polygon-mainnet.g.alchemy.com/v2/mock-api-key"}
{"timestamp": "2026-08-04 08:30:45,840", "level": "INFO", "module": "blockchain_api", "message": "Initialized Blockchain API for polygon using https://polygon-mainnet.g.alchemy.com/v2/mock-api-key"}
{"timestamp": "2026-08-04 08:30:45,919", "level": "WARNING", "module": "stream_listener", "message": "⚠️ ALERT GENERATED: 0x1f9840a85d5af5bf1d1762f925bdaddc4201f984 on polygon scored 67 (HIGH)"}
{"timestamp": "2026-08-04 08:30:49,525", "level": "INFO", "module": "stream_listener", "message": "Ingested live transaction for 0xbadc0de1f111e111222333444555666777888999 on bsc"}
{"timestamp": "2026-08-04 08:30:49,525", "level": "INFO", "module": "feature_engineering", "message": "Generating features for 0xbadc0de1f111e111222333444555666777888999 on chain bsc..."}
{"timestamp": "2026-08-04 08:30:49,525", "level": "INFO", "module": "blockchain_api", "message": "Initialized Blockchain API for bsc using https://bsc-dataseed.binance.org"}
{"timestamp": "2026-08-04 08:30:49,529", "level": "INFO", "module": "blockchain_api", "message": "Initialized Blockchain API for bsc using https://bsc-dataseed.binance.org"}
{"timestamp": "2026-08-04 08:30:49,565", "level": "WARNING", "module": "stream_listener", "message": "⚠️ ALERT GENERATED: 0xbadc0de1f111e111222333444555666777888999 on bsc scored 80 (HIGH)"}
{"timestamp": "2026-08-04 08:30:56,234", "level": "INFO", "module": "stream_listener", "message": "Ingested live transaction for 0x1f9840a85d5af5bf1d1762f925bdaddc4201f984 on polygon"}
{"timestamp": "2026-08-04 08:30:56,234", "level": "INFO", "module": "feature_engineering", "message": "Generating features for 0x1f9840a85d5af5bf1d1762f925bdaddc4201f984 on chain polygon..."}
{"timestamp": "2026-08-04 08:30:56,234", "level": "INFO", "module": "blockchain_api", "message": "Initialized Blockchain API for polygon using https://polygon-mainnet.g.alchemy.com/v2/mock-api-key"}
{"timestamp": "2026-08-04 08:30:56,239", "level": "INFO", "module": "blockchain_api", "message": "Initialized Blockchain API for polygon using https://polygon-mainnet.g.alchemy.com/v2/mock-api-key"}
{"timestamp": "2026-08-04 08:30:56,273", "level": "WARNING", "module": "stream_listener", "message": "⚠️ ALERT GENERATED: 0x1f9840a85d5af5bf1d1762f925bdaddc4201f984 on polygon scored 67 (HIGH)"}
{"timestamp": "2026-08-04 08:31:01,299", "level": "INFO", "module": "stream_listener", "message": "Ingested live transaction for 0x71c7656ec7ab88b098defb751b7401b5f6d8976f on arbitrum"}
{"timestamp": "2026-08-04 08:31:01,300", "level": "INFO", "module": "feature_engineering", "message": "Generating features for 0x71c7656ec7ab88b098defb751b7401b5f6d8976f on chain arbitrum..."}
{"timestamp": "2026-08-04 08:31:01,300", "level": "INFO", "module": "blockchain_api", "message": "Initialized Blockchain API for arbitrum using https://arb-mainnet.g.alchemy.com/v2/mock-api-key"}
{"timestamp": "2026-08-04 08:31:01,304", "level": "INFO", "module": "blockchain_api", "message": "Initialized Blockchain API for arbitrum using https://arb-mainnet.g.alchemy.com/v2/mock-api-key"}
{"timestamp": "2026-08-04 08:31:01,341", "level": "WARNING", "module": "stream_listener", "message": "⚠️ ALERT GENERATED: 0x71c7656ec7ab88b098defb751b7401b5f6d8976f on arbitrum scored 69 (HIGH)"}
{"timestamp": "2026-08-04 08:31:06,086", "level": "INFO", "module": "stream_listener", "message": "Ingested live transaction for 0x8626f6940e2eb28930efb4cef49b2d1f2c9c1199 on polygon"}
{"timestamp": "2026-08-04 08:31:06,087", "level": "INFO", "module": "feature_engineering", "message": "Generating features for 0x8626f6940e2eb28930efb4cef49b2d1f2c9c1199 on chain polygon..."}
{"timestamp": "2026-08-04 08:31:06,087", "level": "INFO", "module": "blockchain_api", "message": "Initialized Blockchain API for polygon using https://polygon-mainnet.g.alchemy.com/v2/mock-api-key"}
{"timestamp": "2026-08-04 08:31:06,131", "level": "INFO", "module": "blockchain_api", "message": "Initialized Blockchain API for polygon using https://polygon-mainnet.g.alchemy.com/v2/mock-api-key"}
{"timestamp": "2026-08-04 08:31:06,166", "level": "WARNING", "module": "stream_listener", "message": "⚠️ ALERT GENERATED: 0x8626f6940e2eb28930efb4cef49b2d1f2c9c1199 on polygon scored 69 (HIGH)"}
{"timestamp": "2026-08-04 08:31:13,126", "level": "INFO", "module": "stream_listener", "message": "Ingested live transaction for 0x7A5D8F3A22904838493028304920492039203920 on arbitrum"}
{"timestamp": "2026-08-04 08:31:13,126", "level": "INFO", "module": "feature_engineering", "message": "Generating features for 0x7A5D8F3A22904838493028304920492039203920 on chain arbitrum..."}
{"timestamp": "2026-08-04 08:31:13,127", "level": "INFO", "module": "blockchain_api", "message": "Initialized Blockchain API for arbitrum using https://arb-mainnet.g.alchemy.com/v2/mock-api-key"}
{"timestamp": "2026-08-04 08:31:13,131", "level": "INFO", "module": "blockchain_api", "message": "Initialized Blockchain API for arbitrum using https://arb-mainnet.g.alchemy.com/v2/mock-api-key"}
{"timestamp": "2026-08-04 08:31:13,206", "level": "WARNING", "module": "stream_listener", "message": "⚠️ ALERT GENERATED: 0x7A5D8F3A22904838493028304920492039203920 on arbitrum scored 69 (HIGH)"}
{"timestamp": "2026-08-04 08:31:19,359", "level": "INFO", "module": "stream_listener", "message": "Ingested live transaction for 0x71c7656ec7ab88b098defb751b7401b5f6d8976f on bsc"}
{"timestamp": "2026-08-04 08:31:19,360", "level": "INFO", "module": "feature_engineering", "message": "Generating features for 0x71c7656ec7ab88b098defb751b7401b5f6d8976f on chain bsc..."}
{"timestamp": "2026-08-04 08:31:19,360", "level": "INFO", "module": "blockchain_api", "message": "Initialized Blockchain API for bsc using https://bsc-dataseed.binance.org"}
{"timestamp": "2026-08-04 08:31:19,364", "level": "INFO", "module": "blockchain_api", "message": "Initialized Blockchain API for bsc using https://bsc-dataseed.binance.org"}
{"timestamp": "2026-08-04 08:31:19,406", "level": "WARNING", "module": "stream_listener", "message": "⚠️ ALERT GENERATED: 0x71c7656ec7ab88b098defb751b7401b5f6d8976f on bsc scored 69 (HIGH)"}
{"timestamp": "2026-08-04 08:31:23,077", "level": "INFO", "module": "stream_listener", "message": "Ingested live transaction for 0x0000000000000000000000000000000000000bad on arbitrum"}
{"timestamp": "2026-08-04 08:31:23,078", "level": "INFO", "module": "feature_engineering", "message": "Generating features for 0x0000000000000000000000000000000000000bad on chain arbitrum..."}
{"timestamp": "2026-08-04 08:31:23,078", "level": "INFO", "module": "blockchain_api", "message": "Initialized Blockchain API for arbitrum using https://arb-mainnet.g.alchemy.com/v2/mock-api-key"}
{"timestamp": "2026-08-04 08:31:23,082", "level": "INFO", "module": "blockchain_api", "message": "Initialized Blockchain API for arbitrum using https://arb-mainnet.g.alchemy.com/v2/mock-api-key"}
{"timestamp": "2026-08-04 08:31:23,116", "level": "WARNING", "module": "stream_listener", "message": "⚠️ ALERT GENERATED: 0x0000000000000000000000000000000000000bad on arbitrum scored 74 (HIGH)"}
{"timestamp": "2026-08-04 08:31:28,253", "level": "INFO", "module": "stream_listener", "message": "Ingested live transaction for 0xdd2fd4581271e230360230f9337d5c0430bf44c0 on arbitrum"}
{"timestamp": "2026-08-04 08:31:28,253", "level": "INFO", "module": "feature_engineering", "message": "Generating features for 0xdd2fd4581271e230360230f9337d5c0430bf44c0 on chain arbitrum..."}
{"timestamp": "2026-08-04 08:31:28,253", "level": "INFO", "module": "blockchain_api", "message": "Initialized Blockchain API for arbitrum using https://arb-mainnet.g.alchemy.com/v2/mock-api-key"}
{"timestamp": "2026-08-04 08:31:28,257", "level": "INFO", "module": "blockchain_api", "message": "Initialized Blockchain API for arbitrum using https://arb-mainnet.g.alchemy.com/v2/mock-api-key"}
{"timestamp": "2026-08-04 08:31:28,297", "level": "WARNING", "module": "stream_listener", "message": "⚠️ ALERT GENERATED: 0xdd2fd4581271e230360230f9337d5c0430bf44c0 on arbitrum scored 66 (HIGH)"}
{"timestamp": "2026-08-04 08:31:32,357", "level": "INFO", "module": "stream_listener", "message": "Ingested live transaction for 0xdeadbeefdeadbeefdeadbeefdeadbeefdead0000 on polygon"}
{"timestamp": "2026-08-04 08:31:32,358", "level": "INFO", "module": "feature_engineering", "message": "Generating features for 0xdeadbeefdeadbeefdeadbeefdeadbeefdead0000 on chain polygon..."}
{"timestamp": "2026-08-04 08:31:32,358", "level": "INFO", "module": "blockchain_api", "message": "Initialized Blockchain API for polygon using https://polygon-mainnet.g.alchemy.com/v2/mock-api-key"}
{"timestamp": "2026-08-04 08:31:32,362", "level": "INFO", "module": "blockchain_api", "message": "Initialized Blockchain API for polygon using https://polygon-mainnet.g.alchemy.com/v2/mock-api-key"}
{"timestamp": "2026-08-04 08:31:32,397", "level": "WARNING", "module": "stream_listener", "message": "⚠️ ALERT GENERATED: 0xdeadbeefdeadbeefdeadbeefdeadbeefdead0000 on polygon scored 45 (MEDIUM)"}
{"timestamp": "2026-08-04 08:31:36,265", "level": "INFO", "module": "stream_listener", "message": "Ingested live transaction for 0x71c7656ec7ab88b098defb751b7401b5f6d8976f on ethereum"}
{"timestamp": "2026-08-04 08:31:36,265", "level": "INFO", "module": "feature_engineering", "message": "Generating features for 0x71c7656ec7ab88b098defb751b7401b5f6d8976f on chain ethereum..."}
{"timestamp": "2026-08-04 08:31:36,265", "level": "INFO", "module": "blockchain_api", "message": "Initialized Blockchain API for ethereum using https://eth-mainnet.g.alchemy.com/v2/mock-api-key"}
{"timestamp": "2026-08-04 08:31:36,270", "level": "INFO", "module": "blockchain_api", "message": "Initialized Blockchain API for ethereum using https://eth-mainnet.g.alchemy.com/v2/mock-api-key"}
{"timestamp": "2026-08-04 08:31:36,322", "level": "WARNING", "module": "stream_listener", "message": "⚠️ ALERT GENERATED: 0x71c7656ec7ab88b098defb751b7401b5f6d8976f on ethereum scored 69 (HIGH)"}
{"timestamp": "2026-08-04 08:31:43,263", "level": "INFO", "module": "stream_listener", "message": "Ingested live transaction for 0x2546f6940e2eb28930efb4cef49b2d1f2c9c1188 on arbitrum"}
{"timestamp": "2026-08-04 08:31:43,263", "level": "INFO", "module": "feature_engineering", "message": "Generating features for 0x2546f6940e2eb28930efb4cef49b2d1f2c9c1188 on chain arbitrum..."}
{"timestamp": "2026-08-04 08:31:43,263", "level": "INFO", "module": "blockchain_api", "message": "Initialized Blockchain API for arbitrum using https://arb-mainnet.g.alchemy.com/v2/mock-api-key"}
{"timestamp": "2026-08-04 08:31:43,267", "level": "INFO", "module": "blockchain_api", "message": "Initialized Blockchain API for arbitrum using https://arb-mainnet.g.alchemy.com/v2/mock-api-key"}
{"timestamp": "2026-08-04 08:31:50,266", "level": "INFO", "module": "stream_listener", "message": "Ingested live transaction for 0x2546f6940e2eb28930efb4cef49b2d1f2c9c1188 on polygon"}
{"timestamp": "2026-08-04 08:31:50,266", "level": "INFO", "module": "feature_engineering", "message": "Generating features for 0x2546f6940e2eb28930efb4cef49b2d1f2c9c1188 on chain polygon..."}
{"timestamp": "2026-08-04 08:31:50,266", "level": "INFO", "module": "blockchain_api", "message": "Initialized Blockchain API for polygon using https://polygon-mainnet.g.alchemy.com/v2/mock-api-key"}
{"timestamp": "2026-08-04 08:31:50,270", "level": "INFO", "module": "blockchain_api", "message": "Initialized Blockchain API for polygon using https://polygon-mainnet.g.alchemy.com/v2/mock-api-key"}
{"timestamp": "2026-08-04 08:31:55,351", "level": "INFO", "module": "stream_listener", "message": "Ingested live transaction for 0x8626f6940e2eb28930efb4cef49b2d1f2c9c1199 on arbitrum"}
{"timestamp": "2026-08-04 08:31:55,351", "level": "INFO", "module": "feature_engineering", "message": "Generating features for 0x8626f6940e2eb28930efb4cef49b2d1f2c9c1199 on chain arbitrum..."}
{"timestamp": "2026-08-04 08:31:55,351", "level": "INFO", "module": "blockchain_api", "message": "Initialized Blockchain API for arbitrum using https://arb-mainnet.g.alchemy.com/v2/mock-api-key"}
{"timestamp": "2026-08-04 08:31:55,356", "level": "INFO", "module": "blockchain_api", "message": "Initialized Blockchain API for arbitrum using https://arb-mainnet.g.alchemy.com/v2/mock-api-key"}
{"timestamp": "2026-08-04 08:31:55,397", "level": "WARNING", "module": "stream_listener", "message": "⚠️ ALERT GENERATED: 0x8626f6940e2eb28930efb4cef49b2d1f2c9c1199 on arbitrum scored 69 (HIGH)"}
{"timestamp": "2026-08-04 08:31:59,990", "level": "INFO", "module": "stream_listener", "message": "Ingested live transaction for 0xdd2fd4581271e230360230f9337d5c0430bf44c0 on arbitrum"}
{"timestamp": "2026-08-04 08:31:59,990", "level": "INFO", "module": "feature_engineering", "message": "Generating features for 0xdd2fd4581271e230360230f9337d5c0430bf44c0 on chain arbitrum..."}
{"timestamp": "2026-08-04 08:31:59,990", "level": "INFO", "module": "blockchain_api", "message": "Initialized Blockchain API for arbitrum using https://arb-mainnet.g.alchemy.com/v2/mock-api-key"}
{"timestamp": "2026-08-04 08:31:59,994", "level": "INFO", "module": "blockchain_api", "message": "Initialized Blockchain API for arbitrum using https://arb-mainnet.g.alchemy.com/v2/mock-api-key"}
{"timestamp": "2026-08-04 08:32:00,078", "level": "WARNING", "module": "stream_listener", "message": "⚠️ ALERT GENERATED: 0xdd2fd4581271e230360230f9337d5c0430bf44c0 on arbitrum scored 66 (HIGH)"}
{"timestamp": "2026-08-04 08:32:03,364", "level": "INFO", "module": "stream_listener", "message": "Ingested live transaction for 0x2546f6940e2eb28930efb4cef49b2d1f2c9c1188 on ethereum"}
{"timestamp": "2026-08-04 08:32:03,365", "level": "INFO", "module": "feature_engineering", "message": "Generating features for 0x2546f6940e2eb28930efb4cef49b2d1f2c9c1188 on chain ethereum..."}
{"timestamp": "2026-08-04 08:32:03,365", "level": "INFO", "module": "blockchain_api", "message": "Initialized Blockchain API for ethereum using https://eth-mainnet.g.alchemy.com/v2/mock-api-key"}
{"timestamp": "2026-08-04 08:32:03,369", "level": "INFO", "module": "blockchain_api", "message": "Initialized Blockchain API for ethereum using https://eth-mainnet.g.alchemy.com/v2/mock-api-key"}
{"timestamp": "2026-08-04 08:32:08,455", "level": "INFO", "module": "stream_listener", "message": "Ingested live transaction for 0x8626f6940e2eb28930efb4cef49b2d1f2c9c1199 on arbitrum"}
{"timestamp": "2026-08-04 08:32:08,455", "level": "INFO", "module": "feature_engineering", "message": "Generating features for 0x8626f6940e2eb28930efb4cef49b2d1f2c9c1199 on chain arbitrum..."}
{"timestamp": "2026-08-04 08:32:08,455", "level": "INFO", "module": "blockchain_api", "message": "Initialized Blockchain API for arbitrum using https://arb-mainnet.g.alchemy.com/v2/mock-api-key"}
{"timestamp": "2026-08-04 08:32:08,459", "level": "INFO", "module": "blockchain_api", "message": "Initialized Blockchain API for arbitrum using https://arb-mainnet.g.alchemy.com/v2/mock-api-key"}
{"timestamp": "2026-08-04 08:32:08,508", "level": "WARNING", "module": "stream_listener", "message": "⚠️ ALERT GENERATED: 0x8626f6940e2eb28930efb4cef49b2d1f2c9c1199 on arbitrum scored 69 (HIGH)"}
{"timestamp": "2026-08-04 08:32:14,690", "level": "INFO", "module": "stream_listener", "message": "Ingested live transaction for 0x2546f6940e2eb28930efb4cef49b2d1f2c9c1188 on ethereum"}
{"timestamp": "2026-08-04 08:32:14,691", "level": "INFO", "module": "feature_engineering", "message": "Generating features for 0x2546f6940e2eb28930efb4cef49b2d1f2c9c1188 on chain ethereum..."}
{"timestamp": "2026-08-04 08:32:14,691", "level": "INFO", "module": "blockchain_api", "message": "Initialized Blockchain API for ethereum using https://eth-mainnet.g.alchemy.com/v2/mock-api-key"}
{"timestamp": "2026-08-04 08:32:14,694", "level": "INFO", "module": "blockchain_api", "message": "Initialized Blockchain API for ethereum using https://eth-mainnet.g.alchemy.com/v2/mock-api-key"}
{"timestamp": "2026-08-04 08:32:21,040", "level": "INFO", "module": "stream_listener", "message": "Ingested live transaction for 0x8626f6940e2eb28930efb4cef49b2d1f2c9c1199 on bsc"}
{"timestamp": "2026-08-04 08:32:21,040", "level": "INFO", "module": "feature_engineering", "message": "Generating features for 0x8626f6940e2eb28930efb4cef49b2d1f2c9c1199 on chain bsc..."}
{"timestamp": "2026-08-04 08:32:21,040", "level": "INFO", "module": "blockchain_api", "message": "Initialized Blockchain API for bsc using https://bsc-dataseed.binance.org"}
{"timestamp": "2026-08-04 08:32:21,045", "level": "INFO", "module": "blockchain_api", "message": "Initialized Blockchain API for bsc using https://bsc-dataseed.binance.org"}
{"timestamp": "2026-08-04 08:32:21,106", "level": "WARNING", "module": "stream_listener", "message": "⚠️ ALERT GENERATED: 0x8626f6940e2eb28930efb4cef49b2d1f2c9c1199 on bsc scored 69 (HIGH)"}
{"timestamp": "2026-08-04 08:32:24,642", "level": "INFO", "module": "stream_listener", "message": "Ingested live transaction for 0xdd2fd4581271e230360230f9337d5c0430bf44c0 on arbitrum"}
{"timestamp": "2026-08-04 08:32:24,642", "level": "INFO", "module": "feature_engineering", "message": "Generating features for 0xdd2fd4581271e230360230f9337d5c0430bf44c0 on chain arbitrum..."}
{"timestamp": "2026-08-04 08:32:24,643", "level": "INFO", "module": "blockchain_api", "message": "Initialized Blockchain API for arbitrum using https://arb-mainnet.g.alchemy.com/v2/mock-api-key"}
{"timestamp": "2026-08-04 08:32:24,647", "level": "INFO", "module": "blockchain_api", "message": "Initialized Blockchain API for arbitrum using https://arb-mainnet.g.alchemy.com/v2/mock-api-key"}
{"timestamp": "2026-08-04 08:32:24,705", "level": "WARNING", "module": "stream_listener", "message": "⚠️ ALERT GENERATED: 0xdd2fd4581271e230360230f9337d5c0430bf44c0 on arbitrum scored 66 (HIGH)"}
{"timestamp": "2026-08-04 08:32:29,840", "level": "INFO", "module": "stream_listener", "message": "Ingested live transaction for 0xbadc0de1f111e111222333444555666777888999 on polygon"}
{"timestamp": "2026-08-04 08:32:29,840", "level": "INFO", "module": "feature_engineering", "message": "Generating features for 0xbadc0de1f111e111222333444555666777888999 on chain polygon..."}
{"timestamp": "2026-08-04 08:32:29,840", "level": "INFO", "module": "blockchain_api", "message": "Initialized Blockchain API for polygon using https://polygon-mainnet.g.alchemy.com/v2/mock-api-key"}
{"timestamp": "2026-08-04 08:32:29,845", "level": "INFO", "module": "blockchain_api", "message": "Initialized Blockchain API for polygon using https://polygon-mainnet.g.alchemy.com/v2/mock-api-key"}
{"timestamp": "2026-08-04 08:32:29,891", "level": "WARNING", "module": "stream_listener", "message": "⚠️ ALERT GENERATED: 0xbadc0de1f111e111222333444555666777888999 on polygon scored 80 (HIGH)"}
{"timestamp": "2026-08-04 08:32:36,764", "level": "INFO", "module": "stream_listener", "message": "Ingested live transaction for 0xbadc0de1f111e111222333444555666777888999 on bsc"}
{"timestamp": "2026-08-04 08:32:36,764", "level": "INFO", "module": "feature_engineering", "message": "Generating features for 0xbadc0de1f111e111222333444555666777888999 on chain bsc..."}
{"timestamp": "2026-08-04 08:32:36,764", "level": "INFO", "module": "blockchain_api", "message": "Initialized Blockchain API for bsc using https://bsc-dataseed.binance.org"}
{"timestamp": "2026-08-04 08:32:36,768", "level": "INFO", "module": "blockchain_api", "message": "Initialized Blockchain API for bsc using https://bsc-dataseed.binance.org"}
{"timestamp": "2026-08-04 08:32:36,829", "level": "WARNING", "module": "stream_listener", "message": "⚠️ ALERT GENERATED: 0xbadc0de1f111e111222333444555666777888999 on bsc scored 80 (HIGH)"}
{"timestamp": "2026-08-04 08:32:40,236", "level": "INFO", "module": "stream_listener", "message": "Ingested live transaction for 0xbadc0de1f111e111222333444555666777888999 on arbitrum"}
{"timestamp": "2026-08-04 08:32:40,237", "level": "INFO", "module": "feature_engineering", "message": "Generating features for 0xbadc0de1f111e111222333444555666777888999 on chain arbitrum..."}
{"timestamp": "2026-08-04 08:32:40,237", "level": "INFO", "module": "blockchain_api", "message": "Initialized Blockchain API for arbitrum using https://arb-mainnet.g.alchemy.com/v2/mock-api-key"}
{"timestamp": "2026-08-04 08:32:40,241", "level": "INFO", "module": "blockchain_api", "message": "Initialized Blockchain API for arbitrum using https://arb-mainnet.g.alchemy.com/v2/mock-api-key"}
{"timestamp": "2026-08-04 08:32:40,290", "level": "WARNING", "module": "stream_listener", "message": "⚠️ ALERT GENERATED: 0xbadc0de1f111e111222333444555666777888999 on arbitrum scored 80 (HIGH)"}
{"timestamp": "2026-08-04 08:32:44,853", "level": "INFO", "module": "stream_listener", "message": "Ingested live transaction for 0x7A5D8F3A22904838493028304920492039203920 on bsc"}
{"timestamp": "2026-08-04 08:32:44,853", "level": "INFO", "module": "feature_engineering", "message": "Generating features for 0x7A5D8F3A22904838493028304920492039203920 on chain bsc..."}
{"timestamp": "2026-08-04 08:32:44,854", "level": "INFO", "module": "blockchain_api", "message": "Initialized Blockchain API for bsc using https://bsc-dataseed.binance.org"}
{"timestamp": "2026-08-04 08:32:44,858", "level": "INFO", "module": "blockchain_api", "message": "Initialized Blockchain API for bsc using https://bsc-dataseed.binance.org"}
{"timestamp": "2026-08-04 08:32:44,899", "level": "WARNING", "module": "stream_listener", "message": "⚠️ ALERT GENERATED: 0x7A5D8F3A22904838493028304920492039203920 on bsc scored 69 (HIGH)"}
{"timestamp": "2026-08-04 08:32:50,797", "level": "INFO", "module": "stream_listener", "message": "Ingested live transaction for 0x8626f6940e2eb28930efb4cef49b2d1f2c9c1199 on polygon"}
{"timestamp": "2026-08-04 08:32:50,797", "level": "INFO", "module": "feature_engineering", "message": "Generating features for 0x8626f6940e2eb28930efb4cef49b2d1f2c9c1199 on chain polygon..."}
{"timestamp": "2026-08-04 08:32:50,797", "level": "INFO", "module": "blockchain_api", "message": "Initialized Blockchain API for polygon using https://polygon-mainnet.g.alchemy.com/v2/mock-api-key"}
{"timestamp": "2026-08-04 08:32:50,801", "level": "INFO", "module": "blockchain_api", "message": "Initialized Blockchain API for polygon using https://polygon-mainnet.g.alchemy.com/v2/mock-api-key"}
{"timestamp": "2026-08-04 08:32:50,855", "level": "WARNING", "module": "stream_listener", "message": "⚠️ ALERT GENERATED: 0x8626f6940e2eb28930efb4cef49b2d1f2c9c1199 on polygon scored 69 (HIGH)"}
{"timestamp": "2026-08-04 08:32:54,325", "level": "INFO", "module": "stream_listener", "message": "Ingested live transaction for 0x2546f6940e2eb28930efb4cef49b2d1f2c9c1188 on polygon"}
{"timestamp": "2026-08-04 08:32:54,325", "level": "INFO", "module": "feature_engineering", "message": "Generating features for 0x2546f6940e2eb28930efb4cef49b2d1f2c9c1188 on chain polygon..."}
{"timestamp": "2026-08-04 08:32:54,325", "level": "INFO", "module": "blockchain_api", "message": "Initialized Blockchain API for polygon using https://polygon-mainnet.g.alchemy.com/v2/mock-api-key"}
{"timestamp": "2026-08-04 08:32:54,339", "level": "INFO", "module": "blockchain_api", "message": "Initialized Blockchain API for polygon using https://polygon-mainnet.g.alchemy.com/v2/mock-api-key"}
{"timestamp": "2026-08-04 08:32:58,082", "level": "INFO", "module": "stream_listener", "message": "Ingested live transaction for 0x71c7656ec7ab88b098defb751b7401b5f6d8976f on ethereum"}
{"timestamp": "2026-08-04 08:32:58,083", "level": "INFO", "module": "feature_engineering", "message": "Generating features for 0x71c7656ec7ab88b098defb751b7401b5f6d8976f on chain ethereum..."}
{"timestamp": "2026-08-04 08:32:58,083", "level": "INFO", "module": "blockchain_api", "message": "Initialized Blockchain API for ethereum using https://eth-mainnet.g.alchemy.com/v2/mock-api-key"}
{"timestamp": "2026-08-04 08:32:58,088", "level": "INFO", "module": "blockchain_api", "message": "Initialized Blockchain API for ethereum using https://eth-mainnet.g.alchemy.com/v2/mock-api-key"}
{"timestamp": "2026-08-04 08:32:58,129", "level": "WARNING", "module": "stream_listener", "message": "⚠️ ALERT GENERATED: 0x71c7656ec7ab88b098defb751b7401b5f6d8976f on ethereum scored 69 (HIGH)"}
{"timestamp": "2026-08-04 08:33:02,909", "level": "INFO", "module": "stream_listener", "message": "Ingested live transaction for 0xdeadbeefdeadbeefdeadbeefdeadbeefdead0000 on bsc"}
{"timestamp": "2026-08-04 08:33:02,909", "level": "INFO", "module": "feature_engineering", "message": "Generating features for 0xdeadbeefdeadbeefdeadbeefdeadbeefdead0000 on chain bsc..."}
{"timestamp": "2026-08-04 08:33:02,910", "level": "INFO", "module": "blockchain_api", "message": "Initialized Blockchain API for bsc using https://bsc-dataseed.binance.org"}
{"timestamp": "2026-08-04 08:33:02,914", "level": "INFO", "module": "blockchain_api", "message": "Initialized Blockchain API for bsc using https://bsc-dataseed.binance.org"}
{"timestamp": "2026-08-04 08:33:02,952", "level": "WARNING", "module": "stream_listener", "message": "⚠️ ALERT GENERATED: 0xdeadbeefdeadbeefdeadbeefdeadbeefdead0000 on bsc scored 45 (MEDIUM)"}
{"timestamp": "2026-08-04 08:33:08,513", "level": "INFO", "module": "stream_listener", "message": "Ingested live transaction for 0xdd2fd4581271e230360230f9337d5c0430bf44c0 on arbitrum"}
{"timestamp": "2026-08-04 08:33:08,513", "level": "INFO", "module": "feature_engineering", "message": "Generating features for 0xdd2fd4581271e230360230f9337d5c0430bf44c0 on chain arbitrum..."}
{"timestamp": "2026-08-04 08:33:08,513", "level": "INFO", "module": "blockchain_api", "message": "Initialized Blockchain API for arbitrum using https://arb-mainnet.g.alchemy.com/v2/mock-api-key"}
{"timestamp": "2026-08-04 08:33:08,518", "level": "INFO", "module": "blockchain_api", "message": "Initialized Blockchain API for arbitrum using https://arb-mainnet.g.alchemy.com/v2/mock-api-key"}
{"timestamp": "2026-08-04 08:33:08,556", "level": "WARNING", "module": "stream_listener", "message": "⚠️ ALERT GENERATED: 0xdd2fd4581271e230360230f9337d5c0430bf44c0 on arbitrum scored 66 (HIGH)"}
{"timestamp": "2026-08-04 08:33:12,075", "level": "INFO", "module": "stream_listener", "message": "Ingested live transaction for 0xdeadbeefdeadbeefdeadbeefdeadbeefdead0000 on polygon"}
{"timestamp": "2026-08-04 08:33:12,075", "level": "INFO", "module": "feature_engineering", "message": "Generating features for 0xdeadbeefdeadbeefdeadbeefdeadbeefdead0000 on chain polygon..."}
{"timestamp": "2026-08-04 08:33:12,075", "level": "INFO", "module": "blockchain_api", "message": "Initialized Blockchain API for polygon using https://polygon-mainnet.g.alchemy.com/v2/mock-api-key"}
{"timestamp": "2026-08-04 08:33:12,083", "level": "INFO", "module": "blockchain_api", "message": "Initialized Blockchain API for polygon using https://polygon-mainnet.g.alchemy.com/v2/mock-api-key"}
{"timestamp": "2026-08-04 08:33:12,124", "level": "WARNING", "module": "stream_listener", "message": "⚠️ ALERT GENERATED: 0xdeadbeefdeadbeefdeadbeefdeadbeefdead0000 on polygon scored 45 (MEDIUM)"}
{"timestamp": "2026-08-04 08:33:16,916", "level": "INFO", "module": "stream_listener", "message": "Ingested live transaction for 0x2546f6940e2eb28930efb4cef49b2d1f2c9c1188 on ethereum"}
{"timestamp": "2026-08-04 08:33:16,917", "level": "INFO", "module": "feature_engineering", "message": "Generating features for 0x2546f6940e2eb28930efb4cef49b2d1f2c9c1188 on chain ethereum..."}
{"timestamp": "2026-08-04 08:33:16,917", "level": "INFO", "module": "blockchain_api", "message": "Initialized Blockchain API for ethereum using https://eth-mainnet.g.alchemy.com/v2/mock-api-key"}
{"timestamp": "2026-08-04 08:33:16,921", "level": "INFO", "module": "blockchain_api", "message": "Initialized Blockchain API for ethereum using https://eth-mainnet.g.alchemy.com/v2/mock-api-key"}
{"timestamp": "2026-08-04 08:33:23,501", "level": "INFO", "module": "stream_listener", "message": "Ingested live transaction for 0x8626f6940e2eb28930efb4cef49b2d1f2c9c1199 on arbitrum"}
{"timestamp": "2026-08-04 08:33:23,501", "level": "INFO", "module": "feature_engineering", "message": "Generating features for 0x8626f6940e2eb28930efb4cef49b2d1f2c9c1199 on chain arbitrum..."}
{"timestamp": "2026-08-04 08:33:23,501", "level": "INFO", "module": "blockchain_api", "message": "Initialized Blockchain API for arbitrum using https://arb-mainnet.g.alchemy.com/v2/mock-api-key"}
{"timestamp": "2026-08-04 08:33:23,505", "level": "INFO", "module": "blockchain_api", "message": "Initialized Blockchain API for arbitrum using https://arb-mainnet.g.alchemy.com/v2/mock-api-key"}
{"timestamp": "2026-08-04 08:33:23,545", "level": "WARNING", "module": "stream_listener", "message": "⚠️ ALERT GENERATED: 0x8626f6940e2eb28930efb4cef49b2d1f2c9c1199 on arbitrum scored 69 (HIGH)"}
{"timestamp": "2026-08-04 08:33:29,947", "level": "INFO", "module": "stream_listener", "message": "Ingested live transaction for 0x1f9840a85d5af5bf1d1762f925bdaddc4201f984 on polygon"}
{"timestamp": "2026-08-04 08:33:29,947", "level": "INFO", "module": "feature_engineering", "message": "Generating features for 0x1f9840a85d5af5bf1d1762f925bdaddc4201f984 on chain polygon..."}
{"timestamp": "2026-08-04 08:33:29,947", "level": "INFO", "module": "blockchain_api", "message": "Initialized Blockchain API for polygon using https://polygon-mainnet.g.alchemy.com/v2/mock-api-key"}
{"timestamp": "2026-08-04 08:33:29,951", "level": "INFO", "module": "blockchain_api", "message": "Initialized Blockchain API for polygon using https://polygon-mainnet.g.alchemy.com/v2/mock-api-key"}
{"timestamp": "2026-08-04 08:33:29,988", "level": "WARNING", "module": "stream_listener", "message": "⚠️ ALERT GENERATED: 0x1f9840a85d5af5bf1d1762f925bdaddc4201f984 on polygon scored 67 (HIGH)"}
{"timestamp": "2026-08-04 08:33:36,194", "level": "INFO", "module": "stream_listener", "message": "Ingested live transaction for 0xdeadbeefdeadbeefdeadbeefdeadbeefdead0000 on arbitrum"}
{"timestamp": "2026-08-04 08:33:36,195", "level": "INFO", "module": "feature_engineering", "message": "Generating features for 0xdeadbeefdeadbeefdeadbeefdeadbeefdead0000 on chain arbitrum..."}
{"timestamp": "2026-08-04 08:33:36,195", "level": "INFO", "module": "blockchain_api", "message": "Initialized Blockchain API for arbitrum using https://arb-mainnet.g.alchemy.com/v2/mock-api-key"}
{"timestamp": "2026-08-04 08:33:36,203", "level": "INFO", "module": "blockchain_api", "message": "Initialized Blockchain API for arbitrum using https://arb-mainnet.g.alchemy.com/v2/mock-api-key"}
{"timestamp": "2026-08-04 08:33:36,258", "level": "WARNING", "module": "stream_listener", "message": "⚠️ ALERT GENERATED: 0xdeadbeefdeadbeefdeadbeefdeadbeefdead0000 on arbitrum scored 45 (MEDIUM)"}
{"timestamp": "2026-08-04 08:33:39,932", "level": "INFO", "module": "stream_listener", "message": "Ingested live transaction for 0x7A5D8F3A22904838493028304920492039203920 on arbitrum"}
{"timestamp": "2026-08-04 08:33:39,933", "level": "INFO", "module": "feature_engineering", "message": "Generating features for 0x7A5D8F3A22904838493028304920492039203920 on chain arbitrum..."}
{"timestamp": "2026-08-04 08:33:39,933", "level": "INFO", "module": "blockchain_api", "message": "Initialized Blockchain API for arbitrum using https://arb-mainnet.g.alchemy.com/v2/mock-api-key"}
{"timestamp": "2026-08-04 08:33:39,937", "level": "INFO", "module": "blockchain_api", "message": "Initialized Blockchain API for arbitrum using https://arb-mainnet.g.alchemy.com/v2/mock-api-key"}
{"timestamp": "2026-08-04 08:33:39,981", "level": "WARNING", "module": "stream_listener", "message": "⚠️ ALERT GENERATED: 0x7A5D8F3A22904838493028304920492039203920 on arbitrum scored 69 (HIGH)"}
{"timestamp": "2026-08-04 08:33:46,052", "level": "INFO", "module": "stream_listener", "message": "Ingested live transaction for 0xbadc0de1f111e111222333444555666777888999 on polygon"}
{"timestamp": "2026-08-04 08:33:46,052", "level": "INFO", "module": "feature_engineering", "message": "Generating features for 0xbadc0de1f111e111222333444555666777888999 on chain polygon..."}
{"timestamp": "2026-08-04 08:33:46,052", "level": "INFO", "module": "blockchain_api", "message": "Initialized Blockchain API for polygon using https://polygon-mainnet.g.alchemy.com/v2/mock-api-key"}
{"timestamp": "2026-08-04 08:33:46,098", "level": "INFO", "module": "blockchain_api", "message": "Initialized Blockchain API for polygon using https://polygon-mainnet.g.alchemy.com/v2/mock-api-key"}
{"timestamp": "2026-08-04 08:33:46,188", "level": "WARNING", "module": "stream_listener", "message": "⚠️ ALERT GENERATED: 0xbadc0de1f111e111222333444555666777888999 on polygon scored 80 (HIGH)"}
{"timestamp": "2026-08-04 08:33:49,265", "level": "INFO", "module": "stream_listener", "message": "Ingested live transaction for 0x0000000000000000000000000000000000000bad on polygon"}
{"timestamp": "2026-08-04 08:33:49,266", "level": "INFO", "module": "feature_engineering", "message": "Generating features for 0x0000000000000000000000000000000000000bad on chain polygon..."}
{"timestamp": "2026-08-04 08:33:49,266", "level": "INFO", "module": "blockchain_api", "message": "Initialized Blockchain API for polygon using https://polygon-mainnet.g.alchemy.com/v2/mock-api-key"}
{"timestamp": "2026-08-04 08:33:49,270", "level": "INFO", "module": "blockchain_api", "message": "Initialized Blockchain API for polygon using https://polygon-mainnet.g.alchemy.com/v2/mock-api-key"}
{"timestamp": "2026-08-04 08:33:49,309", "level": "WARNING", "module": "stream_listener", "message": "⚠️ ALERT GENERATED: 0x0000000000000000000000000000000000000bad on polygon scored 74 (HIGH)"}
{"timestamp": "2026-08-04 08:33:54,409", "level": "INFO", "module": "stream_listener", "message": "Ingested live transaction for 0xbadc0de1f111e111222333444555666777888999 on polygon"}
{"timestamp": "2026-08-04 08:33:54,409", "level": "INFO", "module": "feature_engineering", "message": "Generating features for 0xbadc0de1f111e111222333444555666777888999 on chain polygon..."}
{"timestamp": "2026-08-04 08:33:54,409", "level": "INFO", "module": "blockchain_api", "message": "Initialized Blockchain API for polygon using https://polygon-mainnet.g.alchemy.com/v2/mock-api-key"}
{"timestamp": "2026-08-04 08:33:54,420", "level": "INFO", "module": "blockchain_api", "message": "Initialized Blockchain API for polygon using https://polygon-mainnet.g.alchemy.com/v2/mock-api-key"}
{"timestamp": "2026-08-04 08:33:54,472", "level": "WARNING", "module": "stream_listener", "message": "⚠️ ALERT GENERATED: 0xbadc0de1f111e111222333444555666777888999 on polygon scored 80 (HIGH)"}
{"timestamp": "2026-08-04 08:34:01,041", "level": "INFO", "module": "stream_listener", "message": "Ingested live transaction for 0x8626f6940e2eb28930efb4cef49b2d1f2c9c1199 on bsc"}
{"timestamp": "2026-08-04 08:34:01,041", "level": "INFO", "module": "feature_engineering", "message": "Generating features for 0x8626f6940e2eb28930efb4cef49b2d1f2c9c1199 on chain bsc..."}
{"timestamp": "2026-08-04 08:34:01,041", "level": "INFO", "module": "blockchain_api", "message": "Initialized Blockchain API for bsc using https://bsc-dataseed.binance.org"}
{"timestamp": "2026-08-04 08:34:01,045", "level": "INFO", "module": "blockchain_api", "message": "Initialized Blockchain API for bsc using https://bsc-dataseed.binance.org"}
{"timestamp": "2026-08-04 08:34:01,096", "level": "WARNING", "module": "stream_listener", "message": "⚠️ ALERT GENERATED: 0x8626f6940e2eb28930efb4cef49b2d1f2c9c1199 on bsc scored 69 (HIGH)"}
{"timestamp": "2026-08-04 08:34:07,100", "level": "INFO", "module": "stream_listener", "message": "Ingested live transaction for 0x8626f6940e2eb28930efb4cef49b2d1f2c9c1199 on polygon"}
{"timestamp": "2026-08-04 08:34:07,100", "level": "INFO", "module": "feature_engineering", "message": "Generating features for 0x8626f6940e2eb28930efb4cef49b2d1f2c9c1199 on chain polygon..."}
{"timestamp": "2026-08-04 08:34:07,100", "level": "INFO", "module": "blockchain_api", "message": "Initialized Blockchain API for polygon using https://polygon-mainnet.g.alchemy.com/v2/mock-api-key"}
{"timestamp": "2026-08-04 08:34:07,104", "level": "INFO", "module": "blockchain_api", "message": "Initialized Blockchain API for polygon using https://polygon-mainnet.g.alchemy.com/v2/mock-api-key"}
{"timestamp": "2026-08-04 08:34:07,182", "level": "WARNING", "module": "stream_listener", "message": "⚠️ ALERT GENERATED: 0x8626f6940e2eb28930efb4cef49b2d1f2c9c1199 on polygon scored 69 (HIGH)"}
{"timestamp": "2026-08-04 08:34:11,132", "level": "INFO", "module": "stream_listener", "message": "Ingested live transaction for 0x0000000000000000000000000000000000000bad on arbitrum"}
{"timestamp": "2026-08-04 08:34:11,133", "level": "INFO", "module": "feature_engineering", "message": "Generating features for 0x0000000000000000000000000000000000000bad on chain arbitrum..."}
{"timestamp": "2026-08-04 08:34:11,133", "level": "INFO", "module": "blockchain_api", "message": "Initialized Blockchain API for arbitrum using https://arb-mainnet.g.alchemy.com/v2/mock-api-key"}
{"timestamp": "2026-08-04 08:34:11,137", "level": "INFO", "module": "blockchain_api", "message": "Initialized Blockchain API for arbitrum using https://arb-mainnet.g.alchemy.com/v2/mock-api-key"}
{"timestamp": "2026-08-04 08:34:11,173", "level": "WARNING", "module": "stream_listener", "message": "⚠️ ALERT GENERATED: 0x0000000000000000000000000000000000000bad on arbitrum scored 74 (HIGH)"}
{"timestamp": "2026-08-04 08:34:16,666", "level": "INFO", "module": "stream_listener", "message": "Ingested live transaction for 0x0000000000000000000000000000000000000bad on polygon"}
{"timestamp": "2026-08-04 08:34:16,666", "level": "INFO", "module": "feature_engineering", "message": "Generating features for 0x0000000000000000000000000000000000000bad on chain polygon..."}
{"timestamp": "2026-08-04 08:34:16,666", "level": "INFO", "module": "blockchain_api", "message": "Initialized Blockchain API for polygon using https://polygon-mainnet.g.alchemy.com/v2/mock-api-key"}
{"timestamp": "2026-08-04 08:34:16,670", "level": "INFO", "module": "blockchain_api", "message": "Initialized Blockchain API for polygon using https://polygon-mainnet.g.alchemy.com/v2/mock-api-key"}
{"timestamp": "2026-08-04 08:34:16,750", "level": "WARNING", "module": "stream_listener", "message": "⚠️ ALERT GENERATED: 0x0000000000000000000000000000000000000bad on polygon scored 74 (HIGH)"}
{"timestamp": "2026-08-04 08:34:21,268", "level": "INFO", "module": "stream_listener", "message": "Ingested live transaction for 0x71c7656ec7ab88b098defb751b7401b5f6d8976f on bsc"}
{"timestamp": "2026-08-04 08:34:21,269", "level": "INFO", "module": "feature_engineering", "message": "Generating features for 0x71c7656ec7ab88b098defb751b7401b5f6d8976f on chain bsc..."}
{"timestamp": "2026-08-04 08:34:21,269", "level": "INFO", "module": "blockchain_api", "message": "Initialized Blockchain API for bsc using https://bsc-dataseed.binance.org"}
{"timestamp": "2026-08-04 08:34:21,274", "level": "INFO", "module": "blockchain_api", "message": "Initialized Blockchain API for bsc using https://bsc-dataseed.binance.org"}
{"timestamp": "2026-08-04 08:34:21,311", "level": "WARNING", "module": "stream_listener", "message": "⚠️ ALERT GENERATED: 0x71c7656ec7ab88b098defb751b7401b5f6d8976f on bsc scored 69 (HIGH)"}
{"timestamp": "2026-08-04 08:34:24,684", "level": "INFO", "module": "stream_listener", "message": "Ingested live transaction for 0x7A5D8F3A22904838493028304920492039203920 on ethereum"}
{"timestamp": "2026-08-04 08:34:24,685", "level": "INFO", "module": "feature_engineering", "message": "Generating features for 0x7A5D8F3A22904838493028304920492039203920 on chain ethereum..."}
{"timestamp": "2026-08-04 08:34:24,685", "level": "INFO", "module": "blockchain_api", "message": "Initialized Blockchain API for ethereum using https://eth-mainnet.g.alchemy.com/v2/mock-api-key"}
{"timestamp": "2026-08-04 08:34:24,689", "level": "INFO", "module": "blockchain_api", "message": "Initialized Blockchain API for ethereum using https://eth-mainnet.g.alchemy.com/v2/mock-api-key"}
{"timestamp": "2026-08-04 08:34:24,730", "level": "WARNING", "module": "stream_listener", "message": "⚠️ ALERT GENERATED: 0x7A5D8F3A22904838493028304920492039203920 on ethereum scored 69 (HIGH)"}
{"timestamp": "2026-08-04 08:34:29,683", "level": "INFO", "module": "stream_listener", "message": "Ingested live transaction for 0xdd2fd4581271e230360230f9337d5c0430bf44c0 on arbitrum"}
{"timestamp": "2026-08-04 08:34:29,684", "level": "INFO", "module": "feature_engineering", "message": "Generating features for 0xdd2fd4581271e230360230f9337d5c0430bf44c0 on chain arbitrum..."}
{"timestamp": "2026-08-04 08:34:29,684", "level": "INFO", "module": "blockchain_api", "message": "Initialized Blockchain API for arbitrum using https://arb-mainnet.g.alchemy.com/v2/mock-api-key"}
{"timestamp": "2026-08-04 08:34:29,687", "level": "INFO", "module": "blockchain_api", "message": "Initialized Blockchain API for arbitrum using https://arb-mainnet.g.alchemy.com/v2/mock-api-key"}
{"timestamp": "2026-08-04 08:34:29,727", "level": "WARNING", "module": "stream_listener", "message": "⚠️ ALERT GENERATED: 0xdd2fd4581271e230360230f9337d5c0430bf44c0 on arbitrum scored 66 (HIGH)"}
{"timestamp": "2026-08-04 08:34:33,799", "level": "INFO", "module": "stream_listener", "message": "Ingested live transaction for 0x8626f6940e2eb28930efb4cef49b2d1f2c9c1199 on arbitrum"}
{"timestamp": "2026-08-04 08:34:33,799", "level": "INFO", "module": "feature_engineering", "message": "Generating features for 0x8626f6940e2eb28930efb4cef49b2d1f2c9c1199 on chain arbitrum..."}
{"timestamp": "2026-08-04 08:34:33,799", "level": "INFO", "module": "blockchain_api", "message": "Initialized Blockchain API for arbitrum using https://arb-mainnet.g.alchemy.com/v2/mock-api-key"}
{"timestamp": "2026-08-04 08:34:33,803", "level": "INFO", "module": "blockchain_api", "message": "Initialized Blockchain API for arbitrum using https://arb-mainnet.g.alchemy.com/v2/mock-api-key"}
{"timestamp": "2026-08-04 08:34:33,887", "level": "WARNING", "module": "stream_listener", "message": "⚠️ ALERT GENERATED: 0x8626f6940e2eb28930efb4cef49b2d1f2c9c1199 on arbitrum scored 69 (HIGH)"}
{"timestamp": "2026-08-04 08:34:39,259", "level": "INFO", "module": "stream_listener", "message": "Ingested live transaction for 0x7A5D8F3A22904838493028304920492039203920 on bsc"}
{"timestamp": "2026-08-04 08:34:39,259", "level": "INFO", "module": "feature_engineering", "message": "Generating features for 0x7A5D8F3A22904838493028304920492039203920 on chain bsc..."}
{"timestamp": "2026-08-04 08:34:39,259", "level": "INFO", "module": "blockchain_api", "message": "Initialized Blockchain API for bsc using https://bsc-dataseed.binance.org"}
{"timestamp": "2026-08-04 08:34:39,263", "level": "INFO", "module": "blockchain_api", "message": "Initialized Blockchain API for bsc using https://bsc-dataseed.binance.org"}
{"timestamp": "2026-08-04 08:34:39,306", "level": "WARNING", "module": "stream_listener", "message": "⚠️ ALERT GENERATED: 0x7A5D8F3A22904838493028304920492039203920 on bsc scored 69 (HIGH)"}
{"timestamp": "2026-08-04 08:34:44,557", "level": "INFO", "module": "stream_listener", "message": "Ingested live transaction for 0x2546f6940e2eb28930efb4cef49b2d1f2c9c1188 on arbitrum"}
{"timestamp": "2026-08-04 08:34:44,558", "level": "INFO", "module": "feature_engineering", "message": "Generating features for 0x2546f6940e2eb28930efb4cef49b2d1f2c9c1188 on chain arbitrum..."}
{"timestamp": "2026-08-04 08:34:44,558", "level": "INFO", "module": "blockchain_api", "message": "Initialized Blockchain API for arbitrum using https://arb-mainnet.g.alchemy.com/v2/mock-api-key"}
{"timestamp": "2026-08-04 08:34:44,562", "level": "INFO", "module": "blockchain_api", "message": "Initialized Blockchain API for arbitrum using https://arb-mainnet.g.alchemy.com/v2/mock-api-key"}
{"timestamp": "2026-08-04 08:34:48,299", "level": "INFO", "module": "stream_listener", "message": "Ingested live transaction for 0x1f9840a85d5af5bf1d1762f925bdaddc4201f984 on bsc"}
{"timestamp": "2026-08-04 08:34:48,299", "level": "INFO", "module": "feature_engineering", "message": "Generating features for 0x1f9840a85d5af5bf1d1762f925bdaddc4201f984 on chain bsc..."}
{"timestamp": "2026-08-04 08:34:48,299", "level": "INFO", "module": "blockchain_api", "message": "Initialized Blockchain API for bsc using https://bsc-dataseed.binance.org"}
{"timestamp": "2026-08-04 08:34:48,303", "level": "INFO", "module": "blockchain_api", "message": "Initialized Blockchain API for bsc using https://bsc-dataseed.binance.org"}
{"timestamp": "2026-08-04 08:34:48,343", "level": "WARNING", "module": "stream_listener", "message": "⚠️ ALERT GENERATED: 0x1f9840a85d5af5bf1d1762f925bdaddc4201f984 on bsc scored 67 (HIGH)"}
{"timestamp": "2026-08-04 08:34:53,212", "level": "INFO", "module": "stream_listener", "message": "Ingested live transaction for 0x8626f6940e2eb28930efb4cef49b2d1f2c9c1199 on polygon"}
{"timestamp": "2026-08-04 08:34:53,212", "level": "INFO", "module": "feature_engineering", "message": "Generating features for 0x8626f6940e2eb28930efb4cef49b2d1f2c9c1199 on chain polygon..."}
{"timestamp": "2026-08-04 08:34:53,212", "level": "INFO", "module": "blockchain_api", "message": "Initialized Blockchain API for polygon using https://polygon-mainnet.g.alchemy.com/v2/mock-api-key"}
{"timestamp": "2026-08-04 08:34:53,217", "level": "INFO", "module": "blockchain_api", "message": "Initialized Blockchain API for polygon using https://polygon-mainnet.g.alchemy.com/v2/mock-api-key"}
{"timestamp": "2026-08-04 08:34:53,279", "level": "WARNING", "module": "stream_listener", "message": "⚠️ ALERT GENERATED: 0x8626f6940e2eb28930efb4cef49b2d1f2c9c1199 on polygon scored 69 (HIGH)"}
{"timestamp": "2026-08-04 08:34:58,466", "level": "INFO", "module": "stream_listener", "message": "Ingested live transaction for 0x0000000000000000000000000000000000000bad on bsc"}
{"timestamp": "2026-08-04 08:34:58,466", "level": "INFO", "module": "feature_engineering", "message": "Generating features for 0x0000000000000000000000000000000000000bad on chain bsc..."}
{"timestamp": "2026-08-04 08:34:58,466", "level": "INFO", "module": "blockchain_api", "message": "Initialized Blockchain API for bsc using https://bsc-dataseed.binance.org"}
{"timestamp": "2026-08-04 08:34:58,470", "level": "INFO", "module": "blockchain_api", "message": "Initialized Blockchain API for bsc using https://bsc-dataseed.binance.org"}
{"timestamp": "2026-08-04 08:34:58,536", "level": "WARNING", "module": "stream_listener", "message": "⚠️ ALERT GENERATED: 0x0000000000000000000000000000000000000bad on bsc scored 74 (HIGH)"}
{"timestamp": "2026-08-04 08:35:03,234", "level": "INFO", "module": "stream_listener", "message": "Ingested live transaction for 0x1f9840a85d5af5bf1d1762f925bdaddc4201f984 on ethereum"}
{"timestamp": "2026-08-04 08:35:03,234", "level": "INFO", "module": "feature_engineering", "message": "Generating features for 0x1f9840a85d5af5bf1d1762f925bdaddc4201f984 on chain ethereum..."}
{"timestamp": "2026-08-04 08:35:03,234", "level": "INFO", "module": "blockchain_api", "message": "Initialized Blockchain API for ethereum using https://eth-mainnet.g.alchemy.com/v2/mock-api-key"}
{"timestamp": "2026-08-04 08:35:03,238", "level": "INFO", "module": "blockchain_api", "message": "Initialized Blockchain API for ethereum using https://eth-mainnet.g.alchemy.com/v2/mock-api-key"}
{"timestamp": "2026-08-04 08:35:03,285", "level": "WARNING", "module": "stream_listener", "message": "⚠️ ALERT GENERATED: 0x1f9840a85d5af5bf1d1762f925bdaddc4201f984 on ethereum scored 67 (HIGH)"}
{"timestamp": "2026-08-04 08:35:09,796", "level": "INFO", "module": "stream_listener", "message": "Ingested live transaction for 0x0000000000000000000000000000000000000bad on polygon"}
{"timestamp": "2026-08-04 08:35:09,797", "level": "INFO", "module": "feature_engineering", "message": "Generating features for 0x0000000000000000000000000000000000000bad on chain polygon..."}
{"timestamp": "2026-08-04 08:35:09,797", "level": "INFO", "module": "blockchain_api", "message": "Initialized Blockchain API for polygon using https://polygon-mainnet.g.alchemy.com/v2/mock-api-key"}
{"timestamp": "2026-08-04 08:35:09,801", "level": "INFO", "module": "blockchain_api", "message": "Initialized Blockchain API for polygon using https://polygon-mainnet.g.alchemy.com/v2/mock-api-key"}
{"timestamp": "2026-08-04 08:35:09,847", "level": "WARNING", "module": "stream_listener", "message": "⚠️ ALERT GENERATED: 0x0000000000000000000000000000000000000bad on polygon scored 74 (HIGH)"}
{"timestamp": "2026-08-04 08:35:15,053", "level": "INFO", "module": "stream_listener", "message": "Ingested live transaction for 0x2546f6940e2eb28930efb4cef49b2d1f2c9c1188 on polygon"}
{"timestamp": "2026-08-04 08:35:15,053", "level": "INFO", "module": "feature_engineering", "message": "Generating features for 0x2546f6940e2eb28930efb4cef49b2d1f2c9c1188 on chain polygon..."}
{"timestamp": "2026-08-04 08:35:15,054", "level": "INFO", "module": "blockchain_api", "message": "Initialized Blockchain API for polygon using https://polygon-mainnet.g.alchemy.com/v2/mock-api-key"}
{"timestamp": "2026-08-04 08:35:15,058", "level": "INFO", "module": "blockchain_api", "message": "Initialized Blockchain API for polygon using https://polygon-mainnet.g.alchemy.com/v2/mock-api-key"}
{"timestamp": "2026-08-04 08:35:18,714", "level": "INFO", "module": "stream_listener", "message": "Ingested live transaction for 0xdd2fd4581271e230360230f9337d5c0430bf44c0 on ethereum"}
{"timestamp": "2026-08-04 08:35:18,714", "level": "INFO", "module": "feature_engineering", "message": "Generating features for 0xdd2fd4581271e230360230f9337d5c0430bf44c0 on chain ethereum..."}
{"timestamp": "2026-08-04 08:35:18,714", "level": "INFO", "module": "blockchain_api", "message": "Initialized Blockchain API for ethereum using https://eth-mainnet.g.alchemy.com/v2/mock-api-key"}
{"timestamp": "2026-08-04 08:35:18,718", "level": "INFO", "module": "blockchain_api", "message": "Initialized Blockchain API for ethereum using https://eth-mainnet.g.alchemy.com/v2/mock-api-key"}
{"timestamp": "2026-08-04 08:35:18,764", "level": "WARNING", "module": "stream_listener", "message": "⚠️ ALERT GENERATED: 0xdd2fd4581271e230360230f9337d5c0430bf44c0 on ethereum scored 66 (HIGH)"}
{"timestamp": "2026-08-04 08:35:22,325", "level": "INFO", "module": "stream_listener", "message": "Ingested live transaction for 0x1f9840a85d5af5bf1d1762f925bdaddc4201f984 on ethereum"}
{"timestamp": "2026-08-04 08:35:22,325", "level": "INFO", "module": "feature_engineering", "message": "Generating features for 0x1f9840a85d5af5bf1d1762f925bdaddc4201f984 on chain ethereum..."}
{"timestamp": "2026-08-04 08:35:22,325", "level": "INFO", "module": "blockchain_api", "message": "Initialized Blockchain API for ethereum using https://eth-mainnet.g.alchemy.com/v2/mock-api-key"}
{"timestamp": "2026-08-04 08:35:22,329", "level": "INFO", "module": "blockchain_api", "message": "Initialized Blockchain API for ethereum using https://eth-mainnet.g.alchemy.com/v2/mock-api-key"}
{"timestamp": "2026-08-04 08:35:22,390", "level": "WARNING", "module": "stream_listener", "message": "⚠️ ALERT GENERATED: 0x1f9840a85d5af5bf1d1762f925bdaddc4201f984 on ethereum scored 67 (HIGH)"}
{"timestamp": "2026-08-04 08:35:27,219", "level": "INFO", "module": "stream_listener", "message": "Ingested live transaction for 0xdd2fd4581271e230360230f9337d5c0430bf44c0 on arbitrum"}
{"timestamp": "2026-08-04 08:35:27,219", "level": "INFO", "module": "feature_engineering", "message": "Generating features for 0xdd2fd4581271e230360230f9337d5c0430bf44c0 on chain arbitrum..."}
{"timestamp": "2026-08-04 08:35:27,219", "level": "INFO", "module": "blockchain_api", "message": "Initialized Blockchain API for arbitrum using https://arb-mainnet.g.alchemy.com/v2/mock-api-key"}
{"timestamp": "2026-08-04 08:35:27,224", "level": "INFO", "module": "blockchain_api", "message": "Initialized Blockchain API for arbitrum using https://arb-mainnet.g.alchemy.com/v2/mock-api-key"}
{"timestamp": "2026-08-04 08:35:27,273", "level": "WARNING", "module": "stream_listener", "message": "⚠️ ALERT GENERATED: 0xdd2fd4581271e230360230f9337d5c0430bf44c0 on arbitrum scored 66 (HIGH)"}
{"timestamp": "2026-08-04 08:35:33,126", "level": "INFO", "module": "stream_listener", "message": "Ingested live transaction for 0x8626f6940e2eb28930efb4cef49b2d1f2c9c1199 on polygon"}
{"timestamp": "2026-08-04 08:35:33,126", "level": "INFO", "module": "feature_engineering", "message": "Generating features for 0x8626f6940e2eb28930efb4cef49b2d1f2c9c1199 on chain polygon..."}
{"timestamp": "2026-08-04 08:35:33,126", "level": "INFO", "module": "blockchain_api", "message": "Initialized Blockchain API for polygon using https://polygon-mainnet.g.alchemy.com/v2/mock-api-key"}
{"timestamp": "2026-08-04 08:35:33,131", "level": "INFO", "module": "blockchain_api", "message": "Initialized Blockchain API for polygon using https://polygon-mainnet.g.alchemy.com/v2/mock-api-key"}
{"timestamp": "2026-08-04 08:35:33,168", "level": "WARNING", "module": "stream_listener", "message": "⚠️ ALERT GENERATED: 0x8626f6940e2eb28930efb4cef49b2d1f2c9c1199 on polygon scored 69 (HIGH)"}
{"timestamp": "2026-08-04 08:35:39,907", "level": "INFO", "module": "stream_listener", "message": "Ingested live transaction for 0x7A5D8F3A22904838493028304920492039203920 on polygon"}
{"timestamp": "2026-08-04 08:35:39,907", "level": "INFO", "module": "feature_engineering", "message": "Generating features for 0x7A5D8F3A22904838493028304920492039203920 on chain polygon..."}
{"timestamp": "2026-08-04 08:35:39,907", "level": "INFO", "module": "blockchain_api", "message": "Initialized Blockchain API for polygon using https://polygon-mainnet.g.alchemy.com/v2/mock-api-key"}
{"timestamp": "2026-08-04 08:35:39,912", "level": "INFO", "module": "blockchain_api", "message": "Initialized Blockchain API for polygon using https://polygon-mainnet.g.alchemy.com/v2/mock-api-key"}
{"timestamp": "2026-08-04 08:35:39,945", "level": "WARNING", "module": "stream_listener", "message": "⚠️ ALERT GENERATED: 0x7A5D8F3A22904838493028304920492039203920 on polygon scored 69 (HIGH)"}
{"timestamp": "2026-08-04 08:35:44,806", "level": "INFO", "module": "stream_listener", "message": "Ingested live transaction for 0x0000000000000000000000000000000000000bad on bsc"}
{"timestamp": "2026-08-04 08:35:44,807", "level": "INFO", "module": "feature_engineering", "message": "Generating features for 0x0000000000000000000000000000000000000bad on chain bsc..."}
{"timestamp": "2026-08-04 08:35:44,807", "level": "INFO", "module": "blockchain_api", "message": "Initialized Blockchain API for bsc using https://bsc-dataseed.binance.org"}
{"timestamp": "2026-08-04 08:35:44,811", "level": "INFO", "module": "blockchain_api", "message": "Initialized Blockchain API for bsc using https://bsc-dataseed.binance.org"}
{"timestamp": "2026-08-04 08:35:44,850", "level": "WARNING", "module": "stream_listener", "message": "⚠️ ALERT GENERATED: 0x0000000000000000000000000000000000000bad on bsc scored 74 (HIGH)"}
{"timestamp": "2026-08-04 08:35:47,934", "level": "INFO", "module": "stream_listener", "message": "Ingested live transaction for 0x1f9840a85d5af5bf1d1762f925bdaddc4201f984 on ethereum"}
{"timestamp": "2026-08-04 08:35:47,935", "level": "INFO", "module": "feature_engineering", "message": "Generating features for 0x1f9840a85d5af5bf1d1762f925bdaddc4201f984 on chain ethereum..."}
{"timestamp": "2026-08-04 08:35:47,935", "level": "INFO", "module": "blockchain_api", "message": "Initialized Blockchain API for ethereum using https://eth-mainnet.g.alchemy.com/v2/mock-api-key"}
{"timestamp": "2026-08-04 08:35:47,938", "level": "INFO", "module": "blockchain_api", "message": "Initialized Blockchain API for ethereum using https://eth-mainnet.g.alchemy.com/v2/mock-api-key"}
{"timestamp": "2026-08-04 08:35:47,976", "level": "WARNING", "module": "stream_listener", "message": "⚠️ ALERT GENERATED: 0x1f9840a85d5af5bf1d1762f925bdaddc4201f984 on ethereum scored 67 (HIGH)"}
{"timestamp": "2026-08-04 08:35:51,301", "level": "INFO", "module": "stream_listener", "message": "Ingested live transaction for 0xdeadbeefdeadbeefdeadbeefdeadbeefdead0000 on ethereum"}
{"timestamp": "2026-08-04 08:35:51,301", "level": "INFO", "module": "feature_engineering", "message": "Generating features for 0xdeadbeefdeadbeefdeadbeefdeadbeefdead0000 on chain ethereum..."}
{"timestamp": "2026-08-04 08:35:51,301", "level": "INFO", "module": "blockchain_api", "message": "Initialized Blockchain API for ethereum using https://eth-mainnet.g.alchemy.com/v2/mock-api-key"}
{"timestamp": "2026-08-04 08:35:51,306", "level": "INFO", "module": "blockchain_api", "message": "Initialized Blockchain API for ethereum using https://eth-mainnet.g.alchemy.com/v2/mock-api-key"}
{"timestamp": "2026-08-04 08:35:51,342", "level": "WARNING", "module": "stream_listener", "message": "⚠️ ALERT GENERATED: 0xdeadbeefdeadbeefdeadbeefdeadbeefdead0000 on ethereum scored 45 (MEDIUM)"}
{"timestamp": "2026-08-04 08:35:58,303", "level": "INFO", "module": "stream_listener", "message": "Ingested live transaction for 0x0000000000000000000000000000000000000bad on arbitrum"}
{"timestamp": "2026-08-04 08:35:58,304", "level": "INFO", "module": "feature_engineering", "message": "Generating features for 0x0000000000000000000000000000000000000bad on chain arbitrum..."}
{"timestamp": "2026-08-04 08:35:58,304", "level": "INFO", "module": "blockchain_api", "message": "Initialized Blockchain API for arbitrum using https://arb-mainnet.g.alchemy.com/v2/mock-api-key"}
{"timestamp": "2026-08-04 08:35:58,308", "level": "INFO", "module": "blockchain_api", "message": "Initialized Blockchain API for arbitrum using https://arb-mainnet.g.alchemy.com/v2/mock-api-key"}
{"timestamp": "2026-08-04 08:35:58,359", "level": "WARNING", "module": "stream_listener", "message": "⚠️ ALERT GENERATED: 0x0000000000000000000000000000000000000bad on arbitrum scored 74 (HIGH)"}
{"timestamp": "2026-08-04 08:36:01,834", "level": "INFO", "module": "stream_listener", "message": "Ingested live transaction for 0x7A5D8F3A22904838493028304920492039203920 on bsc"}
{"timestamp": "2026-08-04 08:36:01,834", "level": "INFO", "module": "feature_engineering", "message": "Generating features for 0x7A5D8F3A22904838493028304920492039203920 on chain bsc..."}
{"timestamp": "2026-08-04 08:36:01,834", "level": "INFO", "module": "blockchain_api", "message": "Initialized Blockchain API for bsc using https://bsc-dataseed.binance.org"}
{"timestamp": "2026-08-04 08:36:01,840", "level": "INFO", "module": "blockchain_api", "message": "Initialized Blockchain API for bsc using https://bsc-dataseed.binance.org"}
{"timestamp": "2026-08-04 08:36:01,880", "level": "WARNING", "module": "stream_listener", "message": "⚠️ ALERT GENERATED: 0x7A5D8F3A22904838493028304920492039203920 on bsc scored 69 (HIGH)"}
{"timestamp": "2026-08-04 08:36:07,215", "level": "INFO", "module": "stream_listener", "message": "Ingested live transaction for 0xdd2fd4581271e230360230f9337d5c0430bf44c0 on ethereum"}
{"timestamp": "2026-08-04 08:36:07,215", "level": "INFO", "module": "feature_engineering", "message": "Generating features for 0xdd2fd4581271e230360230f9337d5c0430bf44c0 on chain ethereum..."}
{"timestamp": "2026-08-04 08:36:07,215", "level": "INFO", "module": "blockchain_api", "message": "Initialized Blockchain API for ethereum using https://eth-mainnet.g.alchemy.com/v2/mock-api-key"}
{"timestamp": "2026-08-04 08:36:07,219", "level": "INFO", "module": "blockchain_api", "message": "Initialized Blockchain API for ethereum using https://eth-mainnet.g.alchemy.com/v2/mock-api-key"}
{"timestamp": "2026-08-04 08:36:07,251", "level": "WARNING", "module": "stream_listener", "message": "⚠️ ALERT GENERATED: 0xdd2fd4581271e230360230f9337d5c0430bf44c0 on ethereum scored 66 (HIGH)"}
{"timestamp": "2026-08-04 08:36:11,784", "level": "INFO", "module": "stream_listener", "message": "Ingested live transaction for 0xbadc0de1f111e111222333444555666777888999 on polygon"}
{"timestamp": "2026-08-04 08:36:11,785", "level": "INFO", "module": "feature_engineering", "message": "Generating features for 0xbadc0de1f111e111222333444555666777888999 on chain polygon..."}
{"timestamp": "2026-08-04 08:36:11,785", "level": "INFO", "module": "blockchain_api", "message": "Initialized Blockchain API for polygon using https://polygon-mainnet.g.alchemy.com/v2/mock-api-key"}
{"timestamp": "2026-08-04 08:36:11,788", "level": "INFO", "module": "blockchain_api", "message": "Initialized Blockchain API for polygon using https://polygon-mainnet.g.alchemy.com/v2/mock-api-key"}
{"timestamp": "2026-08-04 08:36:11,827", "level": "WARNING", "module": "stream_listener", "message": "⚠️ ALERT GENERATED: 0xbadc0de1f111e111222333444555666777888999 on polygon scored 80 (HIGH)"}
{"timestamp": "2026-08-04 08:36:18,542", "level": "INFO", "module": "stream_listener", "message": "Ingested live transaction for 0x2546f6940e2eb28930efb4cef49b2d1f2c9c1188 on bsc"}
{"timestamp": "2026-08-04 08:36:18,542", "level": "INFO", "module": "feature_engineering", "message": "Generating features for 0x2546f6940e2eb28930efb4cef49b2d1f2c9c1188 on chain bsc..."}
{"timestamp": "2026-08-04 08:36:18,542", "level": "INFO", "module": "blockchain_api", "message": "Initialized Blockchain API for bsc using https://bsc-dataseed.binance.org"}
{"timestamp": "2026-08-04 08:36:18,546", "level": "INFO", "module": "blockchain_api", "message": "Initialized Blockchain API for bsc using https://bsc-dataseed.binance.org"}
{"timestamp": "2026-08-04 08:36:22,803", "level": "INFO", "module": "stream_listener", "message": "Ingested live transaction for 0x8626f6940e2eb28930efb4cef49b2d1f2c9c1199 on bsc"}
{"timestamp": "2026-08-04 08:36:22,803", "level": "INFO", "module": "feature_engineering", "message": "Generating features for 0x8626f6940e2eb28930efb4cef49b2d1f2c9c1199 on chain bsc..."}
{"timestamp": "2026-08-04 08:36:22,804", "level": "INFO", "module": "blockchain_api", "message": "Initialized Blockchain API for bsc using https://bsc-dataseed.binance.org"}
{"timestamp": "2026-08-04 08:36:22,807", "level": "INFO", "module": "blockchain_api", "message": "Initialized Blockchain API for bsc using https://bsc-dataseed.binance.org"}
{"timestamp": "2026-08-04 08:36:22,849", "level": "WARNING", "module": "stream_listener", "message": "⚠️ ALERT GENERATED: 0x8626f6940e2eb28930efb4cef49b2d1f2c9c1199 on bsc scored 69 (HIGH)"}
{"timestamp": "2026-08-04 08:36:28,770", "level": "INFO", "module": "stream_listener", "message": "Ingested live transaction for 0xbadc0de1f111e111222333444555666777888999 on polygon"}
{"timestamp": "2026-08-04 08:36:28,770", "level": "INFO", "module": "feature_engineering", "message": "Generating features for 0xbadc0de1f111e111222333444555666777888999 on chain polygon..."}
{"timestamp": "2026-08-04 08:36:28,770", "level": "INFO", "module": "blockchain_api", "message": "Initialized Blockchain API for polygon using https://polygon-mainnet.g.alchemy.com/v2/mock-api-key"}
{"timestamp": "2026-08-04 08:36:28,774", "level": "INFO", "module": "blockchain_api", "message": "Initialized Blockchain API for polygon using https://polygon-mainnet.g.alchemy.com/v2/mock-api-key"}
{"timestamp": "2026-08-04 08:36:28,816", "level": "WARNING", "module": "stream_listener", "message": "⚠️ ALERT GENERATED: 0xbadc0de1f111e111222333444555666777888999 on polygon scored 80 (HIGH)"}
{"timestamp": "2026-08-04 08:36:33,665", "level": "INFO", "module": "stream_listener", "message": "Ingested live transaction for 0xbadc0de1f111e111222333444555666777888999 on bsc"}
{"timestamp": "2026-08-04 08:36:33,665", "level": "INFO", "module": "feature_engineering", "message": "Generating features for 0xbadc0de1f111e111222333444555666777888999 on chain bsc..."}
{"timestamp": "2026-08-04 08:36:33,666", "level": "INFO", "module": "blockchain_api", "message": "Initialized Blockchain API for bsc using https://bsc-dataseed.binance.org"}
{"timestamp": "2026-08-04 08:36:33,676", "level": "INFO", "module": "blockchain_api", "message": "Initialized Blockchain API for bsc using https://bsc-dataseed.binance.org"}
{"timestamp": "2026-08-04 08:36:33,719", "level": "WARNING", "module": "stream_listener", "message": "⚠️ ALERT GENERATED: 0xbadc0de1f111e111222333444555666777888999 on bsc scored 80 (HIGH)"}
{"timestamp": "2026-08-04 08:36:39,053", "level": "INFO", "module": "stream_listener", "message": "Ingested live transaction for 0x8626f6940e2eb28930efb4cef49b2d1f2c9c1199 on arbitrum"}
{"timestamp": "2026-08-04 08:36:39,053", "level": "INFO", "module": "feature_engineering", "message": "Generating features for 0x8626f6940e2eb28930efb4cef49b2d1f2c9c1199 on chain arbitrum..."}
{"timestamp": "2026-08-04 08:36:39,053", "level": "INFO", "module": "blockchain_api", "message": "Initialized Blockchain API for arbitrum using https://arb-mainnet.g.alchemy.com/v2/mock-api-key"}
{"timestamp": "2026-08-04 08:36:39,058", "level": "INFO", "module": "blockchain_api", "message": "Initialized Blockchain API for arbitrum using https://arb-mainnet.g.alchemy.com/v2/mock-api-key"}
{"timestamp": "2026-08-04 08:36:39,105", "level": "WARNING", "module": "stream_listener", "message": "⚠️ ALERT GENERATED: 0x8626f6940e2eb28930efb4cef49b2d1f2c9c1199 on arbitrum scored 69 (HIGH)"}
{"timestamp": "2026-08-04 08:36:43,812", "level": "INFO", "module": "stream_listener", "message": "Ingested live transaction for 0x0000000000000000000000000000000000000bad on arbitrum"}
{"timestamp": "2026-08-04 08:36:43,812", "level": "INFO", "module": "feature_engineering", "message": "Generating features for 0x0000000000000000000000000000000000000bad on chain arbitrum..."}
{"timestamp": "2026-08-04 08:36:43,813", "level": "INFO", "module": "blockchain_api", "message": "Initialized Blockchain API for arbitrum using https://arb-mainnet.g.alchemy.com/v2/mock-api-key"}
{"timestamp": "2026-08-04 08:36:43,816", "level": "INFO", "module": "blockchain_api", "message": "Initialized Blockchain API for arbitrum using https://arb-mainnet.g.alchemy.com/v2/mock-api-key"}
{"timestamp": "2026-08-04 08:36:43,854", "level": "WARNING", "module": "stream_listener", "message": "⚠️ ALERT GENERATED: 0x0000000000000000000000000000000000000bad on arbitrum scored 74 (HIGH)"}
{"timestamp": "2026-08-04 08:36:50,618", "level": "INFO", "module": "stream_listener", "message": "Ingested live transaction for 0xbadc0de1f111e111222333444555666777888999 on bsc"}
{"timestamp": "2026-08-04 08:36:50,619", "level": "INFO", "module": "feature_engineering", "message": "Generating features for 0xbadc0de1f111e111222333444555666777888999 on chain bsc..."}
{"timestamp": "2026-08-04 08:36:50,619", "level": "INFO", "module": "blockchain_api", "message": "Initialized Blockchain API for bsc using https://bsc-dataseed.binance.org"}
{"timestamp": "2026-08-04 08:36:50,623", "level": "INFO", "module": "blockchain_api", "message": "Initialized Blockchain API for bsc using https://bsc-dataseed.binance.org"}
{"timestamp": "2026-08-04 08:36:50,662", "level": "WARNING", "module": "stream_listener", "message": "⚠️ ALERT GENERATED: 0xbadc0de1f111e111222333444555666777888999 on bsc scored 80 (HIGH)"}
{"timestamp": "2026-08-04 08:36:56,554", "level": "INFO", "module": "stream_listener", "message": "Ingested live transaction for 0x2546f6940e2eb28930efb4cef49b2d1f2c9c1188 on arbitrum"}
{"timestamp": "2026-08-04 08:36:56,554", "level": "INFO", "module": "feature_engineering", "message": "Generating features for 0x2546f6940e2eb28930efb4cef49b2d1f2c9c1188 on chain arbitrum..."}
{"timestamp": "2026-08-04 08:36:56,554", "level": "INFO", "module": "blockchain_api", "message": "Initialized Blockchain API for arbitrum using https://arb-mainnet.g.alchemy.com/v2/mock-api-key"}
{"timestamp": "2026-08-04 08:36:56,561", "level": "INFO", "module": "blockchain_api", "message": "Initialized Blockchain API for arbitrum using https://arb-mainnet.g.alchemy.com/v2/mock-api-key"}
{"timestamp": "2026-08-04 08:37:01,711", "level": "INFO", "module": "stream_listener", "message": "Ingested live transaction for 0xdeadbeefdeadbeefdeadbeefdeadbeefdead0000 on ethereum"}
{"timestamp": "2026-08-04 08:37:01,711", "level": "INFO", "module": "feature_engineering", "message": "Generating features for 0xdeadbeefdeadbeefdeadbeefdeadbeefdead0000 on chain ethereum..."}
{"timestamp": "2026-08-04 08:37:01,711", "level": "INFO", "module": "blockchain_api", "message": "Initialized Blockchain API for ethereum using https://eth-mainnet.g.alchemy.com/v2/mock-api-key"}
{"timestamp": "2026-08-04 08:37:01,715", "level": "INFO", "module": "blockchain_api", "message": "Initialized Blockchain API for ethereum using https://eth-mainnet.g.alchemy.com/v2/mock-api-key"}
{"timestamp": "2026-08-04 08:37:01,755", "level": "WARNING", "module": "stream_listener", "message": "⚠️ ALERT GENERATED: 0xdeadbeefdeadbeefdeadbeefdeadbeefdead0000 on ethereum scored 45 (MEDIUM)"}
{"timestamp": "2026-08-04 08:37:08,717", "level": "INFO", "module": "stream_listener", "message": "Ingested live transaction for 0xdd2fd4581271e230360230f9337d5c0430bf44c0 on ethereum"}
{"timestamp": "2026-08-04 08:37:08,717", "level": "INFO", "module": "feature_engineering", "message": "Generating features for 0xdd2fd4581271e230360230f9337d5c0430bf44c0 on chain ethereum..."}
{"timestamp": "2026-08-04 08:37:08,717", "level": "INFO", "module": "blockchain_api", "message": "Initialized Blockchain API for ethereum using https://eth-mainnet.g.alchemy.com/v2/mock-api-key"}
{"timestamp": "2026-08-04 08:37:08,721", "level": "INFO", "module": "blockchain_api", "message": "Initialized Blockchain API for ethereum using https://eth-mainnet.g.alchemy.com/v2/mock-api-key"}
{"timestamp": "2026-08-04 08:37:08,760", "level": "WARNING", "module": "stream_listener", "message": "⚠️ ALERT GENERATED: 0xdd2fd4581271e230360230f9337d5c0430bf44c0 on ethereum scored 66 (HIGH)"}
{"timestamp": "2026-08-04 08:37:15,745", "level": "INFO", "module": "stream_listener", "message": "Ingested live transaction for 0xdeadbeefdeadbeefdeadbeefdeadbeefdead0000 on polygon"}
{"timestamp": "2026-08-04 08:37:15,745", "level": "INFO", "module": "feature_engineering", "message": "Generating features for 0xdeadbeefdeadbeefdeadbeefdeadbeefdead0000 on chain polygon..."}
{"timestamp": "2026-08-04 08:37:15,745", "level": "INFO", "module": "blockchain_api", "message": "Initialized Blockchain API for polygon using https://polygon-mainnet.g.alchemy.com/v2/mock-api-key"}
{"timestamp": "2026-08-04 08:37:15,749", "level": "INFO", "module": "blockchain_api", "message": "Initialized Blockchain API for polygon using https://polygon-mainnet.g.alchemy.com/v2/mock-api-key"}
{"timestamp": "2026-08-04 08:37:15,789", "level": "WARNING", "module": "stream_listener", "message": "⚠️ ALERT GENERATED: 0xdeadbeefdeadbeefdeadbeefdeadbeefdead0000 on polygon scored 45 (MEDIUM)"}
{"timestamp": "2026-08-04 08:37:21,896", "level": "INFO", "module": "stream_listener", "message": "Ingested live transaction for 0xdeadbeefdeadbeefdeadbeefdeadbeefdead0000 on arbitrum"}
{"timestamp": "2026-08-04 08:37:21,897", "level": "INFO", "module": "feature_engineering", "message": "Generating features for 0xdeadbeefdeadbeefdeadbeefdeadbeefdead0000 on chain arbitrum..."}
{"timestamp": "2026-08-04 08:37:21,897", "level": "INFO", "module": "blockchain_api", "message": "Initialized Blockchain API for arbitrum using https://arb-mainnet.g.alchemy.com/v2/mock-api-key"}
{"timestamp": "2026-08-04 08:37:21,901", "level": "INFO", "module": "blockchain_api", "message": "Initialized Blockchain API for arbitrum using https://arb-mainnet.g.alchemy.com/v2/mock-api-key"}
{"timestamp": "2026-08-04 08:37:21,938", "level": "WARNING", "module": "stream_listener", "message": "⚠️ ALERT GENERATED: 0xdeadbeefdeadbeefdeadbeefdeadbeefdead0000 on arbitrum scored 45 (MEDIUM)"}
{"timestamp": "2026-08-04 08:37:25,478", "level": "INFO", "module": "stream_listener", "message": "Ingested live transaction for 0x8626f6940e2eb28930efb4cef49b2d1f2c9c1199 on bsc"}
{"timestamp": "2026-08-04 08:37:25,478", "level": "INFO", "module": "feature_engineering", "message": "Generating features for 0x8626f6940e2eb28930efb4cef49b2d1f2c9c1199 on chain bsc..."}
{"timestamp": "2026-08-04 08:37:25,479", "level": "INFO", "module": "blockchain_api", "message": "Initialized Blockchain API for bsc using https://bsc-dataseed.binance.org"}
{"timestamp": "2026-08-04 08:37:25,484", "level": "INFO", "module": "blockchain_api", "message": "Initialized Blockchain API for bsc using https://bsc-dataseed.binance.org"}
{"timestamp": "2026-08-04 08:37:25,523", "level": "WARNING", "module": "stream_listener", "message": "⚠️ ALERT GENERATED: 0x8626f6940e2eb28930efb4cef49b2d1f2c9c1199 on bsc scored 69 (HIGH)"}
{"timestamp": "2026-08-04 08:37:32,295", "level": "INFO", "module": "stream_listener", "message": "Ingested live transaction for 0x8626f6940e2eb28930efb4cef49b2d1f2c9c1199 on bsc"}
{"timestamp": "2026-08-04 08:37:32,295", "level": "INFO", "module": "feature_engineering", "message": "Generating features for 0x8626f6940e2eb28930efb4cef49b2d1f2c9c1199 on chain bsc..."}
{"timestamp": "2026-08-04 08:37:32,295", "level": "INFO", "module": "blockchain_api", "message": "Initialized Blockchain API for bsc using https://bsc-dataseed.binance.org"}
{"timestamp": "2026-08-04 08:37:32,313", "level": "INFO", "module": "blockchain_api", "message": "Initialized Blockchain API for bsc using https://bsc-dataseed.binance.org"}
{"timestamp": "2026-08-04 08:37:32,351", "level": "WARNING", "module": "stream_listener", "message": "⚠️ ALERT GENERATED: 0x8626f6940e2eb28930efb4cef49b2d1f2c9c1199 on bsc scored 69 (HIGH)"}
{"timestamp": "2026-08-04 08:37:36,138", "level": "INFO", "module": "stream_listener", "message": "Ingested live transaction for 0x0000000000000000000000000000000000000bad on ethereum"}
{"timestamp": "2026-08-04 08:37:36,138", "level": "INFO", "module": "feature_engineering", "message": "Generating features for 0x0000000000000000000000000000000000000bad on chain ethereum..."}
{"timestamp": "2026-08-04 08:37:36,138", "level": "INFO", "module": "blockchain_api", "message": "Initialized Blockchain API for ethereum using https://eth-mainnet.g.alchemy.com/v2/mock-api-key"}
{"timestamp": "2026-08-04 08:37:36,142", "level": "INFO", "module": "blockchain_api", "message": "Initialized Blockchain API for ethereum using https://eth-mainnet.g.alchemy.com/v2/mock-api-key"}
{"timestamp": "2026-08-04 08:37:36,216", "level": "WARNING", "module": "stream_listener", "message": "⚠️ ALERT GENERATED: 0x0000000000000000000000000000000000000bad on ethereum scored 74 (HIGH)"}
{"timestamp": "2026-08-04 08:37:39,479", "level": "INFO", "module": "stream_listener", "message": "Ingested live transaction for 0x2546f6940e2eb28930efb4cef49b2d1f2c9c1188 on polygon"}
{"timestamp": "2026-08-04 08:37:39,479", "level": "INFO", "module": "feature_engineering", "message": "Generating features for 0x2546f6940e2eb28930efb4cef49b2d1f2c9c1188 on chain polygon..."}
{"timestamp": "2026-08-04 08:37:39,479", "level": "INFO", "module": "blockchain_api", "message": "Initialized Blockchain API for polygon using https://polygon-mainnet.g.alchemy.com/v2/mock-api-key"}
{"timestamp": "2026-08-04 08:37:39,488", "level": "INFO", "module": "blockchain_api", "message": "Initialized Blockchain API for polygon using https://polygon-mainnet.g.alchemy.com/v2/mock-api-key"}
{"timestamp": "2026-08-04 08:37:46,281", "level": "INFO", "module": "stream_listener", "message": "Ingested live transaction for 0x7A5D8F3A22904838493028304920492039203920 on bsc"}
{"timestamp": "2026-08-04 08:37:46,282", "level": "INFO", "module": "feature_engineering", "message": "Generating features for 0x7A5D8F3A22904838493028304920492039203920 on chain bsc..."}
{"timestamp": "2026-08-04 08:37:46,282", "level": "INFO", "module": "blockchain_api", "message": "Initialized Blockchain API for bsc using https://bsc-dataseed.binance.org"}
{"timestamp": "2026-08-04 08:37:46,286", "level": "INFO", "module": "blockchain_api", "message": "Initialized Blockchain API for bsc using https://bsc-dataseed.binance.org"}
{"timestamp": "2026-08-04 08:37:46,324", "level": "WARNING", "module": "stream_listener", "message": "⚠️ ALERT GENERATED: 0x7A5D8F3A22904838493028304920492039203920 on bsc scored 69 (HIGH)"}
{"timestamp": "2026-08-04 08:37:52,192", "level": "INFO", "module": "stream_listener", "message": "Ingested live transaction for 0x0000000000000000000000000000000000000bad on arbitrum"}
{"timestamp": "2026-08-04 08:37:52,192", "level": "INFO", "module": "feature_engineering", "message": "Generating features for 0x0000000000000000000000000000000000000bad on chain arbitrum..."}
{"timestamp": "2026-08-04 08:37:52,193", "level": "INFO", "module": "blockchain_api", "message": "Initialized Blockchain API for arbitrum using https://arb-mainnet.g.alchemy.com/v2/mock-api-key"}
{"timestamp": "2026-08-04 08:37:52,196", "level": "INFO", "module": "blockchain_api", "message": "Initialized Blockchain API for arbitrum using https://arb-mainnet.g.alchemy.com/v2/mock-api-key"}
{"timestamp": "2026-08-04 08:37:52,232", "level": "WARNING", "module": "stream_listener", "message": "⚠️ ALERT GENERATED: 0x0000000000000000000000000000000000000bad on arbitrum scored 74 (HIGH)"}
{"timestamp": "2026-08-04 08:37:56,354", "level": "INFO", "module": "stream_listener", "message": "Ingested live transaction for 0x8626f6940e2eb28930efb4cef49b2d1f2c9c1199 on polygon"}
{"timestamp": "2026-08-04 08:37:56,354", "level": "INFO", "module": "feature_engineering", "message": "Generating features for 0x8626f6940e2eb28930efb4cef49b2d1f2c9c1199 on chain polygon..."}
{"timestamp": "2026-08-04 08:37:56,354", "level": "INFO", "module": "blockchain_api", "message": "Initialized Blockchain API for polygon using https://polygon-mainnet.g.alchemy.com/v2/mock-api-key"}
{"timestamp": "2026-08-04 08:37:56,360", "level": "INFO", "module": "blockchain_api", "message": "Initialized Blockchain API for polygon using https://polygon-mainnet.g.alchemy.com/v2/mock-api-key"}
{"timestamp": "2026-08-04 08:37:56,399", "level": "WARNING", "module": "stream_listener", "message": "⚠️ ALERT GENERATED: 0x8626f6940e2eb28930efb4cef49b2d1f2c9c1199 on polygon scored 69 (HIGH)"}
{"timestamp": "2026-08-04 08:37:59,853", "level": "INFO", "module": "stream_listener", "message": "Ingested live transaction for 0x2546f6940e2eb28930efb4cef49b2d1f2c9c1188 on polygon"}
{"timestamp": "2026-08-04 08:37:59,853", "level": "INFO", "module": "feature_engineering", "message": "Generating features for 0x2546f6940e2eb28930efb4cef49b2d1f2c9c1188 on chain polygon..."}
{"timestamp": "2026-08-04 08:37:59,854", "level": "INFO", "module": "blockchain_api", "message": "Initialized Blockchain API for polygon using https://polygon-mainnet.g.alchemy.com/v2/mock-api-key"}
{"timestamp": "2026-08-04 08:37:59,858", "level": "INFO", "module": "blockchain_api", "message": "Initialized Blockchain API for polygon using https://polygon-mainnet.g.alchemy.com/v2/mock-api-key"}
{"timestamp": "2026-08-04 08:38:06,331", "level": "INFO", "module": "stream_listener", "message": "Ingested live transaction for 0xdeadbeefdeadbeefdeadbeefdeadbeefdead0000 on polygon"}
{"timestamp": "2026-08-04 08:38:06,331", "level": "INFO", "module": "feature_engineering", "message": "Generating features for 0xdeadbeefdeadbeefdeadbeefdeadbeefdead0000 on chain polygon..."}
{"timestamp": "2026-08-04 08:38:06,331", "level": "INFO", "module": "blockchain_api", "message": "Initialized Blockchain API for polygon using https://polygon-mainnet.g.alchemy.com/v2/mock-api-key"}
{"timestamp": "2026-08-04 08:38:06,335", "level": "INFO", "module": "blockchain_api", "message": "Initialized Blockchain API for polygon using https://polygon-mainnet.g.alchemy.com/v2/mock-api-key"}
{"timestamp": "2026-08-04 08:38:06,383", "level": "WARNING", "module": "stream_listener", "message": "⚠️ ALERT GENERATED: 0xdeadbeefdeadbeefdeadbeefdeadbeefdead0000 on polygon scored 45 (MEDIUM)"}
{"timestamp": "2026-08-04 08:38:10,062", "level": "INFO", "module": "stream_listener", "message": "Ingested live transaction for 0x0000000000000000000000000000000000000bad on bsc"}
{"timestamp": "2026-08-04 08:38:10,062", "level": "INFO", "module": "feature_engineering", "message": "Generating features for 0x0000000000000000000000000000000000000bad on chain bsc..."}
{"timestamp": "2026-08-04 08:38:10,062", "level": "INFO", "module": "blockchain_api", "message": "Initialized Blockchain API for bsc using https://bsc-dataseed.binance.org"}
{"timestamp": "2026-08-04 08:38:10,066", "level": "INFO", "module": "blockchain_api", "message": "Initialized Blockchain API for bsc using https://bsc-dataseed.binance.org"}
{"timestamp": "2026-08-04 08:38:10,120", "level": "WARNING", "module": "stream_listener", "message": "⚠️ ALERT GENERATED: 0x0000000000000000000000000000000000000bad on bsc scored 74 (HIGH)"}
{"timestamp": "2026-08-04 08:38:13,776", "level": "INFO", "module": "stream_listener", "message": "Ingested live transaction for 0x71c7656ec7ab88b098defb751b7401b5f6d8976f on ethereum"}
{"timestamp": "2026-08-04 08:38:13,776", "level": "INFO", "module": "feature_engineering", "message": "Generating features for 0x71c7656ec7ab88b098defb751b7401b5f6d8976f on chain ethereum..."}
{"timestamp": "2026-08-04 08:38:13,776", "level": "INFO", "module": "blockchain_api", "message": "Initialized Blockchain API for ethereum using https://eth-mainnet.g.alchemy.com/v2/mock-api-key"}
{"timestamp": "2026-08-04 08:38:13,781", "level": "INFO", "module": "blockchain_api", "message": "Initialized Blockchain API for ethereum using https://eth-mainnet.g.alchemy.com/v2/mock-api-key"}
{"timestamp": "2026-08-04 08:38:13,825", "level": "WARNING", "module": "stream_listener", "message": "⚠️ ALERT GENERATED: 0x71c7656ec7ab88b098defb751b7401b5f6d8976f on ethereum scored 69 (HIGH)"}
{"timestamp": "2026-08-04 08:38:19,752", "level": "INFO", "module": "stream_listener", "message": "Ingested live transaction for 0x71c7656ec7ab88b098defb751b7401b5f6d8976f on bsc"}
{"timestamp": "2026-08-04 08:38:19,753", "level": "INFO", "module": "feature_engineering", "message": "Generating features for 0x71c7656ec7ab88b098defb751b7401b5f6d8976f on chain bsc..."}
{"timestamp": "2026-08-04 08:38:19,753", "level": "INFO", "module": "blockchain_api", "message": "Initialized Blockchain API for bsc using https://bsc-dataseed.binance.org"}
{"timestamp": "2026-08-04 08:38:19,757", "level": "INFO", "module": "blockchain_api", "message": "Initialized Blockchain API for bsc using https://bsc-dataseed.binance.org"}
{"timestamp": "2026-08-04 08:38:19,795", "level": "WARNING", "module": "stream_listener", "message": "⚠️ ALERT GENERATED: 0x71c7656ec7ab88b098defb751b7401b5f6d8976f on bsc scored 69 (HIGH)"}
{"timestamp": "2026-08-04 08:38:26,410", "level": "INFO", "module": "stream_listener", "message": "Ingested live transaction for 0xdeadbeefdeadbeefdeadbeefdeadbeefdead0000 on bsc"}
{"timestamp": "2026-08-04 08:38:26,411", "level": "INFO", "module": "feature_engineering", "message": "Generating features for 0xdeadbeefdeadbeefdeadbeefdeadbeefdead0000 on chain bsc..."}
{"timestamp": "2026-08-04 08:38:26,411", "level": "INFO", "module": "blockchain_api", "message": "Initialized Blockchain API for bsc using https://bsc-dataseed.binance.org"}
{"timestamp": "2026-08-04 08:38:26,415", "level": "INFO", "module": "blockchain_api", "message": "Initialized Blockchain API for bsc using https://bsc-dataseed.binance.org"}
{"timestamp": "2026-08-04 08:38:26,454", "level": "WARNING", "module": "stream_listener", "message": "⚠️ ALERT GENERATED: 0xdeadbeefdeadbeefdeadbeefdeadbeefdead0000 on bsc scored 45 (MEDIUM)"}
{"timestamp": "2026-08-04 08:38:32,445", "level": "INFO", "module": "stream_listener", "message": "Ingested live transaction for 0x8626f6940e2eb28930efb4cef49b2d1f2c9c1199 on ethereum"}
{"timestamp": "2026-08-04 08:38:32,445", "level": "INFO", "module": "feature_engineering", "message": "Generating features for 0x8626f6940e2eb28930efb4cef49b2d1f2c9c1199 on chain ethereum..."}
{"timestamp": "2026-08-04 08:38:32,445", "level": "INFO", "module": "blockchain_api", "message": "Initialized Blockchain API for ethereum using https://eth-mainnet.g.alchemy.com/v2/mock-api-key"}
{"timestamp": "2026-08-04 08:38:32,464", "level": "INFO", "module": "blockchain_api", "message": "Initialized Blockchain API for ethereum using https://eth-mainnet.g.alchemy.com/v2/mock-api-key"}
{"timestamp": "2026-08-04 08:38:32,501", "level": "WARNING", "module": "stream_listener", "message": "⚠️ ALERT GENERATED: 0x8626f6940e2eb28930efb4cef49b2d1f2c9c1199 on ethereum scored 69 (HIGH)"}
{"timestamp": "2026-08-04 08:38:36,896", "level": "INFO", "module": "stream_listener", "message": "Ingested live transaction for 0xdd2fd4581271e230360230f9337d5c0430bf44c0 on polygon"}
{"timestamp": "2026-08-04 08:38:36,896", "level": "INFO", "module": "feature_engineering", "message": "Generating features for 0xdd2fd4581271e230360230f9337d5c0430bf44c0 on chain polygon..."}
{"timestamp": "2026-08-04 08:38:36,896", "level": "INFO", "module": "blockchain_api", "message": "Initialized Blockchain API for polygon using https://polygon-mainnet.g.alchemy.com/v2/mock-api-key"}
{"timestamp": "2026-08-04 08:38:36,900", "level": "INFO", "module": "blockchain_api", "message": "Initialized Blockchain API for polygon using https://polygon-mainnet.g.alchemy.com/v2/mock-api-key"}
{"timestamp": "2026-08-04 08:38:36,936", "level": "WARNING", "module": "stream_listener", "message": "⚠️ ALERT GENERATED: 0xdd2fd4581271e230360230f9337d5c0430bf44c0 on polygon scored 66 (HIGH)"}
{"timestamp": "2026-08-04 08:38:41,530", "level": "INFO", "module": "stream_listener", "message": "Ingested live transaction for 0xdd2fd4581271e230360230f9337d5c0430bf44c0 on bsc"}
{"timestamp": "2026-08-04 08:38:41,530", "level": "INFO", "module": "feature_engineering", "message": "Generating features for 0xdd2fd4581271e230360230f9337d5c0430bf44c0 on chain bsc..."}
{"timestamp": "2026-08-04 08:38:41,530", "level": "INFO", "module": "blockchain_api", "message": "Initialized Blockchain API for bsc using https://bsc-dataseed.binance.org"}
{"timestamp": "2026-08-04 08:38:41,535", "level": "INFO", "module": "blockchain_api", "message": "Initialized Blockchain API for bsc using https://bsc-dataseed.binance.org"}
{"timestamp": "2026-08-04 08:38:41,607", "level": "WARNING", "module": "stream_listener", "message": "⚠️ ALERT GENERATED: 0xdd2fd4581271e230360230f9337d5c0430bf44c0 on bsc scored 66 (HIGH)"}
{"timestamp": "2026-08-04 08:38:44,736", "level": "INFO", "module": "stream_listener", "message": "Ingested live transaction for 0x1f9840a85d5af5bf1d1762f925bdaddc4201f984 on ethereum"}
{"timestamp": "2026-08-04 08:38:44,736", "level": "INFO", "module": "feature_engineering", "message": "Generating features for 0x1f9840a85d5af5bf1d1762f925bdaddc4201f984 on chain ethereum..."}
{"timestamp": "2026-08-04 08:38:44,736", "level": "INFO", "module": "blockchain_api", "message": "Initialized Blockchain API for ethereum using https://eth-mainnet.g.alchemy.com/v2/mock-api-key"}
{"timestamp": "2026-08-04 08:38:44,740", "level": "INFO", "module": "blockchain_api", "message": "Initialized Blockchain API for ethereum using https://eth-mainnet.g.alchemy.com/v2/mock-api-key"}
{"timestamp": "2026-08-04 08:38:44,779", "level": "WARNING", "module": "stream_listener", "message": "⚠️ ALERT GENERATED: 0x1f9840a85d5af5bf1d1762f925bdaddc4201f984 on ethereum scored 67 (HIGH)"}
{"timestamp": "2026-08-04 08:38:49,256", "level": "INFO", "module": "stream_listener", "message": "Ingested live transaction for 0x7A5D8F3A22904838493028304920492039203920 on bsc"}
{"timestamp": "2026-08-04 08:38:49,256", "level": "INFO", "module": "feature_engineering", "message": "Generating features for 0x7A5D8F3A22904838493028304920492039203920 on chain bsc..."}
{"timestamp": "2026-08-04 08:38:49,256", "level": "INFO", "module": "blockchain_api", "message": "Initialized Blockchain API for bsc using https://bsc-dataseed.binance.org"}
{"timestamp": "2026-08-04 08:38:49,261", "level": "INFO", "module": "blockchain_api", "message": "Initialized Blockchain API for bsc using https://bsc-dataseed.binance.org"}
{"timestamp": "2026-08-04 08:38:49,301", "level": "WARNING", "module": "stream_listener", "message": "⚠️ ALERT GENERATED: 0x7A5D8F3A22904838493028304920492039203920 on bsc scored 69 (HIGH)"}
{"timestamp": "2026-08-04 08:38:54,602", "level": "INFO", "module": "stream_listener", "message": "Ingested live transaction for 0x8626f6940e2eb28930efb4cef49b2d1f2c9c1199 on ethereum"}
{"timestamp": "2026-08-04 08:38:54,602", "level": "INFO", "module": "feature_engineering", "message": "Generating features for 0x8626f6940e2eb28930efb4cef49b2d1f2c9c1199 on chain ethereum..."}
{"timestamp": "2026-08-04 08:38:54,602", "level": "INFO", "module": "blockchain_api", "message": "Initialized Blockchain API for ethereum using https://eth-mainnet.g.alchemy.com/v2/mock-api-key"}
{"timestamp": "2026-08-04 08:38:54,609", "level": "INFO", "module": "blockchain_api", "message": "Initialized Blockchain API for ethereum using https://eth-mainnet.g.alchemy.com/v2/mock-api-key"}
{"timestamp": "2026-08-04 08:38:54,650", "level": "WARNING", "module": "stream_listener", "message": "⚠️ ALERT GENERATED: 0x8626f6940e2eb28930efb4cef49b2d1f2c9c1199 on ethereum scored 69 (HIGH)"}
{"timestamp": "2026-08-04 08:38:59,539", "level": "INFO", "module": "stream_listener", "message": "Ingested live transaction for 0x1f9840a85d5af5bf1d1762f925bdaddc4201f984 on polygon"}
{"timestamp": "2026-08-04 08:38:59,539", "level": "INFO", "module": "feature_engineering", "message": "Generating features for 0x1f9840a85d5af5bf1d1762f925bdaddc4201f984 on chain polygon..."}
{"timestamp": "2026-08-04 08:38:59,540", "level": "INFO", "module": "blockchain_api", "message": "Initialized Blockchain API for polygon using https://polygon-mainnet.g.alchemy.com/v2/mock-api-key"}
{"timestamp": "2026-08-04 08:38:59,544", "level": "INFO", "module": "blockchain_api", "message": "Initialized Blockchain API for polygon using https://polygon-mainnet.g.alchemy.com/v2/mock-api-key"}
{"timestamp": "2026-08-04 08:38:59,580", "level": "WARNING", "module": "stream_listener", "message": "⚠️ ALERT GENERATED: 0x1f9840a85d5af5bf1d1762f925bdaddc4201f984 on polygon scored 67 (HIGH)"}
{"timestamp": "2026-08-04 08:39:04,537", "level": "INFO", "module": "stream_listener", "message": "Ingested live transaction for 0x7A5D8F3A22904838493028304920492039203920 on ethereum"}
{"timestamp": "2026-08-04 08:39:04,538", "level": "INFO", "module": "feature_engineering", "message": "Generating features for 0x7A5D8F3A22904838493028304920492039203920 on chain ethereum..."}
{"timestamp": "2026-08-04 08:39:04,538", "level": "INFO", "module": "blockchain_api", "message": "Initialized Blockchain API for ethereum using https://eth-mainnet.g.alchemy.com/v2/mock-api-key"}
{"timestamp": "2026-08-04 08:39:04,543", "level": "INFO", "module": "blockchain_api", "message": "Initialized Blockchain API for ethereum using https://eth-mainnet.g.alchemy.com/v2/mock-api-key"}
{"timestamp": "2026-08-04 08:39:04,583", "level": "WARNING", "module": "stream_listener", "message": "⚠️ ALERT GENERATED: 0x7A5D8F3A22904838493028304920492039203920 on ethereum scored 69 (HIGH)"}
{"timestamp": "2026-08-04 08:39:09,997", "level": "INFO", "module": "stream_listener", "message": "Ingested live transaction for 0x71c7656ec7ab88b098defb751b7401b5f6d8976f on bsc"}
{"timestamp": "2026-08-04 08:39:09,997", "level": "INFO", "module": "feature_engineering", "message": "Generating features for 0x71c7656ec7ab88b098defb751b7401b5f6d8976f on chain bsc..."}
{"timestamp": "2026-08-04 08:39:09,997", "level": "INFO", "module": "blockchain_api", "message": "Initialized Blockchain API for bsc using https://bsc-dataseed.binance.org"}
{"timestamp": "2026-08-04 08:39:10,002", "level": "INFO", "module": "blockchain_api", "message": "Initialized Blockchain API for bsc using https://bsc-dataseed.binance.org"}
{"timestamp": "2026-08-04 08:39:10,049", "level": "WARNING", "module": "stream_listener", "message": "⚠️ ALERT GENERATED: 0x71c7656ec7ab88b098defb751b7401b5f6d8976f on bsc scored 69 (HIGH)"}
{"timestamp": "2026-08-04 08:39:13,226", "level": "INFO", "module": "stream_listener", "message": "Ingested live transaction for 0x0000000000000000000000000000000000000bad on arbitrum"}
{"timestamp": "2026-08-04 08:39:13,227", "level": "INFO", "module": "feature_engineering", "message": "Generating features for 0x0000000000000000000000000000000000000bad on chain arbitrum..."}
{"timestamp": "2026-08-04 08:39:13,227", "level": "INFO", "module": "blockchain_api", "message": "Initialized Blockchain API for arbitrum using https://arb-mainnet.g.alchemy.com/v2/mock-api-key"}
{"timestamp": "2026-08-04 08:39:13,232", "level": "INFO", "module": "blockchain_api", "message": "Initialized Blockchain API for arbitrum using https://arb-mainnet.g.alchemy.com/v2/mock-api-key"}
{"timestamp": "2026-08-04 08:39:13,273", "level": "WARNING", "module": "stream_listener", "message": "⚠️ ALERT GENERATED: 0x0000000000000000000000000000000000000bad on arbitrum scored 74 (HIGH)"}
{"timestamp": "2026-08-04 08:39:17,720", "level": "INFO", "module": "stream_listener", "message": "Ingested live transaction for 0x1f9840a85d5af5bf1d1762f925bdaddc4201f984 on bsc"}
{"timestamp": "2026-08-04 08:39:17,721", "level": "INFO", "module": "feature_engineering", "message": "Generating features for 0x1f9840a85d5af5bf1d1762f925bdaddc4201f984 on chain bsc..."}
{"timestamp": "2026-08-04 08:39:17,721", "level": "INFO", "module": "blockchain_api", "message": "Initialized Blockchain API for bsc using https://bsc-dataseed.binance.org"}
{"timestamp": "2026-08-04 08:39:17,729", "level": "INFO", "module": "blockchain_api", "message": "Initialized Blockchain API for bsc using https://bsc-dataseed.binance.org"}
{"timestamp": "2026-08-04 08:39:17,804", "level": "WARNING", "module": "stream_listener", "message": "⚠️ ALERT GENERATED: 0x1f9840a85d5af5bf1d1762f925bdaddc4201f984 on bsc scored 67 (HIGH)"}
{"timestamp": "2026-08-04 08:39:24,761", "level": "INFO", "module": "stream_listener", "message": "Ingested live transaction for 0xdd2fd4581271e230360230f9337d5c0430bf44c0 on bsc"}
{"timestamp": "2026-08-04 08:39:24,761", "level": "INFO", "module": "feature_engineering", "message": "Generating features for 0xdd2fd4581271e230360230f9337d5c0430bf44c0 on chain bsc..."}
{"timestamp": "2026-08-04 08:39:24,761", "level": "INFO", "module": "blockchain_api", "message": "Initialized Blockchain API for bsc using https://bsc-dataseed.binance.org"}
{"timestamp": "2026-08-04 08:39:24,765", "level": "INFO", "module": "blockchain_api", "message": "Initialized Blockchain API for bsc using https://bsc-dataseed.binance.org"}
{"timestamp": "2026-08-04 08:39:24,804", "level": "WARNING", "module": "stream_listener", "message": "⚠️ ALERT GENERATED: 0xdd2fd4581271e230360230f9337d5c0430bf44c0 on bsc scored 66 (HIGH)"}
{"timestamp": "2026-08-04 08:39:31,515", "level": "INFO", "module": "stream_listener", "message": "Ingested live transaction for 0xbadc0de1f111e111222333444555666777888999 on polygon"}
{"timestamp": "2026-08-04 08:39:31,515", "level": "INFO", "module": "feature_engineering", "message": "Generating features for 0xbadc0de1f111e111222333444555666777888999 on chain polygon..."}
{"timestamp": "2026-08-04 08:39:31,516", "level": "INFO", "module": "blockchain_api", "message": "Initialized Blockchain API for polygon using https://polygon-mainnet.g.alchemy.com/v2/mock-api-key"}
{"timestamp": "2026-08-04 08:39:31,519", "level": "INFO", "module": "blockchain_api", "message": "Initialized Blockchain API for polygon using https://polygon-mainnet.g.alchemy.com/v2/mock-api-key"}
{"timestamp": "2026-08-04 08:39:31,594", "level": "WARNING", "module": "stream_listener", "message": "⚠️ ALERT GENERATED: 0xbadc0de1f111e111222333444555666777888999 on polygon scored 80 (HIGH)"}
{"timestamp": "2026-08-04 08:39:37,265", "level": "INFO", "module": "stream_listener", "message": "Ingested live transaction for 0x8626f6940e2eb28930efb4cef49b2d1f2c9c1199 on bsc"}
{"timestamp": "2026-08-04 08:39:37,265", "level": "INFO", "module": "feature_engineering", "message": "Generating features for 0x8626f6940e2eb28930efb4cef49b2d1f2c9c1199 on chain bsc..."}
{"timestamp": "2026-08-04 08:39:37,266", "level": "INFO", "module": "blockchain_api", "message": "Initialized Blockchain API for bsc using https://bsc-dataseed.binance.org"}
{"timestamp": "2026-08-04 08:39:37,270", "level": "INFO", "module": "blockchain_api", "message": "Initialized Blockchain API for bsc using https://bsc-dataseed.binance.org"}
{"timestamp": "2026-08-04 08:39:37,325", "level": "WARNING", "module": "stream_listener", "message": "⚠️ ALERT GENERATED: 0x8626f6940e2eb28930efb4cef49b2d1f2c9c1199 on bsc scored 69 (HIGH)"}
{"timestamp": "2026-08-04 08:39:42,265", "level": "INFO", "module": "stream_listener", "message": "Ingested live transaction for 0xdeadbeefdeadbeefdeadbeefdeadbeefdead0000 on arbitrum"}
{"timestamp": "2026-08-04 08:39:42,265", "level": "INFO", "module": "feature_engineering", "message": "Generating features for 0xdeadbeefdeadbeefdeadbeefdeadbeefdead0000 on chain arbitrum..."}
{"timestamp": "2026-08-04 08:39:42,265", "level": "INFO", "module": "blockchain_api", "message": "Initialized Blockchain API for arbitrum using https://arb-mainnet.g.alchemy.com/v2/mock-api-key"}
{"timestamp": "2026-08-04 08:39:42,270", "level": "INFO", "module": "blockchain_api", "message": "Initialized Blockchain API for arbitrum using https://arb-mainnet.g.alchemy.com/v2/mock-api-key"}
{"timestamp": "2026-08-04 08:39:42,356", "level": "WARNING", "module": "stream_listener", "message": "⚠️ ALERT GENERATED: 0xdeadbeefdeadbeefdeadbeefdeadbeefdead0000 on arbitrum scored 45 (MEDIUM)"}
{"timestamp": "2026-08-04 08:39:47,490", "level": "INFO", "module": "stream_listener", "message": "Ingested live transaction for 0xdeadbeefdeadbeefdeadbeefdeadbeefdead0000 on arbitrum"}
{"timestamp": "2026-08-04 08:39:47,490", "level": "INFO", "module": "feature_engineering", "message": "Generating features for 0xdeadbeefdeadbeefdeadbeefdeadbeefdead0000 on chain arbitrum..."}
{"timestamp": "2026-08-04 08:39:47,490", "level": "INFO", "module": "blockchain_api", "message": "Initialized Blockchain API for arbitrum using https://arb-mainnet.g.alchemy.com/v2/mock-api-key"}
{"timestamp": "2026-08-04 08:39:47,496", "level": "INFO", "module": "blockchain_api", "message": "Initialized Blockchain API for arbitrum using https://arb-mainnet.g.alchemy.com/v2/mock-api-key"}
{"timestamp": "2026-08-04 08:39:47,538", "level": "WARNING", "module": "stream_listener", "message": "⚠️ ALERT GENERATED: 0xdeadbeefdeadbeefdeadbeefdeadbeefdead0000 on arbitrum scored 45 (MEDIUM)"}
{"timestamp": "2026-08-04 08:39:52,732", "level": "INFO", "module": "stream_listener", "message": "Ingested live transaction for 0xdd2fd4581271e230360230f9337d5c0430bf44c0 on ethereum"}
{"timestamp": "2026-08-04 08:39:52,733", "level": "INFO", "module": "feature_engineering", "message": "Generating features for 0xdd2fd4581271e230360230f9337d5c0430bf44c0 on chain ethereum..."}
{"timestamp": "2026-08-04 08:39:52,733", "level": "INFO", "module": "blockchain_api", "message": "Initialized Blockchain API for ethereum using https://eth-mainnet.g.alchemy.com/v2/mock-api-key"}
{"timestamp": "2026-08-04 08:39:52,737", "level": "INFO", "module": "blockchain_api", "message": "Initialized Blockchain API for ethereum using https://eth-mainnet.g.alchemy.com/v2/mock-api-key"}
{"timestamp": "2026-08-04 08:39:52,775", "level": "WARNING", "module": "stream_listener", "message": "⚠️ ALERT GENERATED: 0xdd2fd4581271e230360230f9337d5c0430bf44c0 on ethereum scored 66 (HIGH)"}
{"timestamp": "2026-08-04 08:39:57,777", "level": "INFO", "module": "stream_listener", "message": "Ingested live transaction for 0xdd2fd4581271e230360230f9337d5c0430bf44c0 on ethereum"}
{"timestamp": "2026-08-04 08:39:57,777", "level": "INFO", "module": "feature_engineering", "message": "Generating features for 0xdd2fd4581271e230360230f9337d5c0430bf44c0 on chain ethereum..."}
{"timestamp": "2026-08-04 08:39:57,777", "level": "INFO", "module": "blockchain_api", "message": "Initialized Blockchain API for ethereum using https://eth-mainnet.g.alchemy.com/v2/mock-api-key"}
{"timestamp": "2026-08-04 08:39:57,790", "level": "INFO", "module": "blockchain_api", "message": "Initialized Blockchain API for ethereum using https://eth-mainnet.g.alchemy.com/v2/mock-api-key"}
{"timestamp": "2026-08-04 08:39:57,866", "level": "WARNING", "module": "stream_listener", "message": "⚠️ ALERT GENERATED: 0xdd2fd4581271e230360230f9337d5c0430bf44c0 on ethereum scored 66 (HIGH)"}
{"timestamp": "2026-08-04 08:40:03,320", "level": "INFO", "module": "stream_listener", "message": "Ingested live transaction for 0xbadc0de1f111e111222333444555666777888999 on bsc"}
{"timestamp": "2026-08-04 08:40:03,320", "level": "INFO", "module": "feature_engineering", "message": "Generating features for 0xbadc0de1f111e111222333444555666777888999 on chain bsc..."}
{"timestamp": "2026-08-04 08:40:03,320", "level": "INFO", "module": "blockchain_api", "message": "Initialized Blockchain API for bsc using https://bsc-dataseed.binance.org"}
{"timestamp": "2026-08-04 08:40:03,325", "level": "INFO", "module": "blockchain_api", "message": "Initialized Blockchain API for bsc using https://bsc-dataseed.binance.org"}
{"timestamp": "2026-08-04 08:40:03,365", "level": "WARNING", "module": "stream_listener", "message": "⚠️ ALERT GENERATED: 0xbadc0de1f111e111222333444555666777888999 on bsc scored 80 (HIGH)"}
{"timestamp": "2026-08-04 08:40:08,435", "level": "INFO", "module": "stream_listener", "message": "Ingested live transaction for 0x0000000000000000000000000000000000000bad on bsc"}
{"timestamp": "2026-08-04 08:40:08,436", "level": "INFO", "module": "feature_engineering", "message": "Generating features for 0x0000000000000000000000000000000000000bad on chain bsc..."}
{"timestamp": "2026-08-04 08:40:08,436", "level": "INFO", "module": "blockchain_api", "message": "Initialized Blockchain API for bsc using https://bsc-dataseed.binance.org"}
{"timestamp": "2026-08-04 08:40:08,440", "level": "INFO", "module": "blockchain_api", "message": "Initialized Blockchain API for bsc using https://bsc-dataseed.binance.org"}
{"timestamp": "2026-08-04 08:40:08,480", "level": "WARNING", "module": "stream_listener", "message": "⚠️ ALERT GENERATED: 0x0000000000000000000000000000000000000bad on bsc scored 74 (HIGH)"}
{"timestamp": "2026-08-04 08:40:14,425", "level": "INFO", "module": "stream_listener", "message": "Ingested live transaction for 0x1f9840a85d5af5bf1d1762f925bdaddc4201f984 on bsc"}
{"timestamp": "2026-08-04 08:40:14,425", "level": "INFO", "module": "feature_engineering", "message": "Generating features for 0x1f9840a85d5af5bf1d1762f925bdaddc4201f984 on chain bsc..."}
{"timestamp": "2026-08-04 08:40:14,425", "level": "INFO", "module": "blockchain_api", "message": "Initialized Blockchain API for bsc using https://bsc-dataseed.binance.org"}
{"timestamp": "2026-08-04 08:40:14,432", "level": "INFO", "module": "blockchain_api", "message": "Initialized Blockchain API for bsc using https://bsc-dataseed.binance.org"}
{"timestamp": "2026-08-04 08:40:14,484", "level": "WARNING", "module": "stream_listener", "message": "⚠️ ALERT GENERATED: 0x1f9840a85d5af5bf1d1762f925bdaddc4201f984 on bsc scored 67 (HIGH)"}
{"timestamp": "2026-08-04 08:40:18,570", "level": "INFO", "module": "stream_listener", "message": "Ingested live transaction for 0xdeadbeefdeadbeefdeadbeefdeadbeefdead0000 on arbitrum"}
{"timestamp": "2026-08-04 08:40:18,570", "level": "INFO", "module": "feature_engineering", "message": "Generating features for 0xdeadbeefdeadbeefdeadbeefdeadbeefdead0000 on chain arbitrum..."}
{"timestamp": "2026-08-04 08:40:18,570", "level": "INFO", "module": "blockchain_api", "message": "Initialized Blockchain API for arbitrum using https://arb-mainnet.g.alchemy.com/v2/mock-api-key"}
{"timestamp": "2026-08-04 08:40:18,576", "level": "INFO", "module": "blockchain_api", "message": "Initialized Blockchain API for arbitrum using https://arb-mainnet.g.alchemy.com/v2/mock-api-key"}
{"timestamp": "2026-08-04 08:40:18,612", "level": "WARNING", "module": "stream_listener", "message": "⚠️ ALERT GENERATED: 0xdeadbeefdeadbeefdeadbeefdeadbeefdead0000 on arbitrum scored 45 (MEDIUM)"}
{"timestamp": "2026-08-04 08:40:25,453", "level": "INFO", "module": "stream_listener", "message": "Ingested live transaction for 0x71c7656ec7ab88b098defb751b7401b5f6d8976f on arbitrum"}
{"timestamp": "2026-08-04 08:40:25,453", "level": "INFO", "module": "feature_engineering", "message": "Generating features for 0x71c7656ec7ab88b098defb751b7401b5f6d8976f on chain arbitrum..."}
{"timestamp": "2026-08-04 08:40:25,453", "level": "INFO", "module": "blockchain_api", "message": "Initialized Blockchain API for arbitrum using https://arb-mainnet.g.alchemy.com/v2/mock-api-key"}
{"timestamp": "2026-08-04 08:40:25,458", "level": "INFO", "module": "blockchain_api", "message": "Initialized Blockchain API for arbitrum using https://arb-mainnet.g.alchemy.com/v2/mock-api-key"}
{"timestamp": "2026-08-04 08:40:25,511", "level": "WARNING", "module": "stream_listener", "message": "⚠️ ALERT GENERATED: 0x71c7656ec7ab88b098defb751b7401b5f6d8976f on arbitrum scored 69 (HIGH)"}
{"timestamp": "2026-08-04 08:40:31,015", "level": "INFO", "module": "stream_listener", "message": "Ingested live transaction for 0xdeadbeefdeadbeefdeadbeefdeadbeefdead0000 on bsc"}
{"timestamp": "2026-08-04 08:40:31,015", "level": "INFO", "module": "feature_engineering", "message": "Generating features for 0xdeadbeefdeadbeefdeadbeefdeadbeefdead0000 on chain bsc..."}
{"timestamp": "2026-08-04 08:40:31,015", "level": "INFO", "module": "blockchain_api", "message": "Initialized Blockchain API for bsc using https://bsc-dataseed.binance.org"}
{"timestamp": "2026-08-04 08:40:31,019", "level": "INFO", "module": "blockchain_api", "message": "Initialized Blockchain API for bsc using https://bsc-dataseed.binance.org"}
{"timestamp": "2026-08-04 08:40:31,064", "level": "WARNING", "module": "stream_listener", "message": "⚠️ ALERT GENERATED: 0xdeadbeefdeadbeefdeadbeefdeadbeefdead0000 on bsc scored 45 (MEDIUM)"}
{"timestamp": "2026-08-04 08:40:36,254", "level": "INFO", "module": "stream_listener", "message": "Ingested live transaction for 0x8626f6940e2eb28930efb4cef49b2d1f2c9c1199 on arbitrum"}
{"timestamp": "2026-08-04 08:40:36,254", "level": "INFO", "module": "feature_engineering", "message": "Generating features for 0x8626f6940e2eb28930efb4cef49b2d1f2c9c1199 on chain arbitrum..."}
{"timestamp": "2026-08-04 08:40:36,254", "level": "INFO", "module": "blockchain_api", "message": "Initialized Blockchain API for arbitrum using https://arb-mainnet.g.alchemy.com/v2/mock-api-key"}
{"timestamp": "2026-08-04 08:40:36,259", "level": "INFO", "module": "blockchain_api", "message": "Initialized Blockchain API for arbitrum using https://arb-mainnet.g.alchemy.com/v2/mock-api-key"}
{"timestamp": "2026-08-04 08:40:36,298", "level": "WARNING", "module": "stream_listener", "message": "⚠️ ALERT GENERATED: 0x8626f6940e2eb28930efb4cef49b2d1f2c9c1199 on arbitrum scored 69 (HIGH)"}
{"timestamp": "2026-08-04 08:40:43,030", "level": "INFO", "module": "stream_listener", "message": "Ingested live transaction for 0x8626f6940e2eb28930efb4cef49b2d1f2c9c1199 on bsc"}
{"timestamp": "2026-08-04 08:40:43,030", "level": "INFO", "module": "feature_engineering", "message": "Generating features for 0x8626f6940e2eb28930efb4cef49b2d1f2c9c1199 on chain bsc..."}
{"timestamp": "2026-08-04 08:40:43,031", "level": "INFO", "module": "blockchain_api", "message": "Initialized Blockchain API for bsc using https://bsc-dataseed.binance.org"}
{"timestamp": "2026-08-04 08:40:43,036", "level": "INFO", "module": "blockchain_api", "message": "Initialized Blockchain API for bsc using https://bsc-dataseed.binance.org"}
{"timestamp": "2026-08-04 08:40:43,075", "level": "WARNING", "module": "stream_listener", "message": "⚠️ ALERT GENERATED: 0x8626f6940e2eb28930efb4cef49b2d1f2c9c1199 on bsc scored 69 (HIGH)"}
{"timestamp": "2026-08-04 08:40:47,940", "level": "INFO", "module": "stream_listener", "message": "Ingested live transaction for 0xdeadbeefdeadbeefdeadbeefdeadbeefdead0000 on arbitrum"}
{"timestamp": "2026-08-04 08:40:47,941", "level": "INFO", "module": "feature_engineering", "message": "Generating features for 0xdeadbeefdeadbeefdeadbeefdeadbeefdead0000 on chain arbitrum..."}
{"timestamp": "2026-08-04 08:40:47,941", "level": "INFO", "module": "blockchain_api", "message": "Initialized Blockchain API for arbitrum using https://arb-mainnet.g.alchemy.com/v2/mock-api-key"}
{"timestamp": "2026-08-04 08:40:47,945", "level": "INFO", "module": "blockchain_api", "message": "Initialized Blockchain API for arbitrum using https://arb-mainnet.g.alchemy.com/v2/mock-api-key"}
{"timestamp": "2026-08-04 08:40:47,988", "level": "WARNING", "module": "stream_listener", "message": "⚠️ ALERT GENERATED: 0xdeadbeefdeadbeefdeadbeefdeadbeefdead0000 on arbitrum scored 45 (MEDIUM)"}
{"timestamp": "2026-08-04 08:40:54,947", "level": "INFO", "module": "stream_listener", "message": "Ingested live transaction for 0x8626f6940e2eb28930efb4cef49b2d1f2c9c1199 on ethereum"}
{"timestamp": "2026-08-04 08:40:54,948", "level": "INFO", "module": "feature_engineering", "message": "Generating features for 0x8626f6940e2eb28930efb4cef49b2d1f2c9c1199 on chain ethereum..."}
{"timestamp": "2026-08-04 08:40:54,948", "level": "INFO", "module": "blockchain_api", "message": "Initialized Blockchain API for ethereum using https://eth-mainnet.g.alchemy.com/v2/mock-api-key"}
{"timestamp": "2026-08-04 08:40:54,952", "level": "INFO", "module": "blockchain_api", "message": "Initialized Blockchain API for ethereum using https://eth-mainnet.g.alchemy.com/v2/mock-api-key"}
{"timestamp": "2026-08-04 08:40:54,998", "level": "WARNING", "module": "stream_listener", "message": "⚠️ ALERT GENERATED: 0x8626f6940e2eb28930efb4cef49b2d1f2c9c1199 on ethereum scored 69 (HIGH)"}
{"timestamp": "2026-08-04 08:40:59,450", "level": "INFO", "module": "stream_listener", "message": "Ingested live transaction for 0x7A5D8F3A22904838493028304920492039203920 on arbitrum"}
{"timestamp": "2026-08-04 08:40:59,450", "level": "INFO", "module": "feature_engineering", "message": "Generating features for 0x7A5D8F3A22904838493028304920492039203920 on chain arbitrum..."}
{"timestamp": "2026-08-04 08:40:59,450", "level": "INFO", "module": "blockchain_api", "message": "Initialized Blockchain API for arbitrum using https://arb-mainnet.g.alchemy.com/v2/mock-api-key"}
{"timestamp": "2026-08-04 08:40:59,455", "level": "INFO", "module": "blockchain_api", "message": "Initialized Blockchain API for arbitrum using https://arb-mainnet.g.alchemy.com/v2/mock-api-key"}
{"timestamp": "2026-08-04 08:40:59,500", "level": "WARNING", "module": "stream_listener", "message": "⚠️ ALERT GENERATED: 0x7A5D8F3A22904838493028304920492039203920 on arbitrum scored 69 (HIGH)"}
{"timestamp": "2026-08-04 08:41:03,224", "level": "INFO", "module": "stream_listener", "message": "Ingested live transaction for 0x7A5D8F3A22904838493028304920492039203920 on ethereum"}
{"timestamp": "2026-08-04 08:41:03,225", "level": "INFO", "module": "feature_engineering", "message": "Generating features for 0x7A5D8F3A22904838493028304920492039203920 on chain ethereum..."}
{"timestamp": "2026-08-04 08:41:03,225", "level": "INFO", "module": "blockchain_api", "message": "Initialized Blockchain API for ethereum using https://eth-mainnet.g.alchemy.com/v2/mock-api-key"}
{"timestamp": "2026-08-04 08:41:03,230", "level": "INFO", "module": "blockchain_api", "message": "Initialized Blockchain API for ethereum using https://eth-mainnet.g.alchemy.com/v2/mock-api-key"}
{"timestamp": "2026-08-04 08:41:03,267", "level": "WARNING", "module": "stream_listener", "message": "⚠️ ALERT GENERATED: 0x7A5D8F3A22904838493028304920492039203920 on ethereum scored 69 (HIGH)"}
{"timestamp": "2026-08-04 08:41:09,410", "level": "INFO", "module": "stream_listener", "message": "Ingested live transaction for 0x0000000000000000000000000000000000000bad on ethereum"}
{"timestamp": "2026-08-04 08:41:09,410", "level": "INFO", "module": "feature_engineering", "message": "Generating features for 0x0000000000000000000000000000000000000bad on chain ethereum..."}
{"timestamp": "2026-08-04 08:41:09,410", "level": "INFO", "module": "blockchain_api", "message": "Initialized Blockchain API for ethereum using https://eth-mainnet.g.alchemy.com/v2/mock-api-key"}
{"timestamp": "2026-08-04 08:41:09,414", "level": "INFO", "module": "blockchain_api", "message": "Initialized Blockchain API for ethereum using https://eth-mainnet.g.alchemy.com/v2/mock-api-key"}
{"timestamp": "2026-08-04 08:41:09,452", "level": "WARNING", "module": "stream_listener", "message": "⚠️ ALERT GENERATED: 0x0000000000000000000000000000000000000bad on ethereum scored 74 (HIGH)"}
{"timestamp": "2026-08-04 08:41:15,078", "level": "INFO", "module": "stream_listener", "message": "Ingested live transaction for 0xdeadbeefdeadbeefdeadbeefdeadbeefdead0000 on bsc"}
{"timestamp": "2026-08-04 08:41:15,078", "level": "INFO", "module": "feature_engineering", "message": "Generating features for 0xdeadbeefdeadbeefdeadbeefdeadbeefdead0000 on chain bsc..."}
{"timestamp": "2026-08-04 08:41:15,078", "level": "INFO", "module": "blockchain_api", "message": "Initialized Blockchain API for bsc using https://bsc-dataseed.binance.org"}
{"timestamp": "2026-08-04 08:41:15,086", "level": "INFO", "module": "blockchain_api", "message": "Initialized Blockchain API for bsc using https://bsc-dataseed.binance.org"}
{"timestamp": "2026-08-04 08:41:15,155", "level": "WARNING", "module": "stream_listener", "message": "⚠️ ALERT GENERATED: 0xdeadbeefdeadbeefdeadbeefdeadbeefdead0000 on bsc scored 45 (MEDIUM)"}
{"timestamp": "2026-08-04 08:41:18,778", "level": "INFO", "module": "stream_listener", "message": "Ingested live transaction for 0xdeadbeefdeadbeefdeadbeefdeadbeefdead0000 on polygon"}
{"timestamp": "2026-08-04 08:41:18,779", "level": "INFO", "module": "feature_engineering", "message": "Generating features for 0xdeadbeefdeadbeefdeadbeefdeadbeefdead0000 on chain polygon..."}
{"timestamp": "2026-08-04 08:41:18,779", "level": "INFO", "module": "blockchain_api", "message": "Initialized Blockchain API for polygon using https://polygon-mainnet.g.alchemy.com/v2/mock-api-key"}
{"timestamp": "2026-08-04 08:41:18,784", "level": "INFO", "module": "blockchain_api", "message": "Initialized Blockchain API for polygon using https://polygon-mainnet.g.alchemy.com/v2/mock-api-key"}
{"timestamp": "2026-08-04 08:41:18,853", "level": "WARNING", "module": "stream_listener", "message": "⚠️ ALERT GENERATED: 0xdeadbeefdeadbeefdeadbeefdeadbeefdead0000 on polygon scored 45 (MEDIUM)"}
{"timestamp": "2026-08-04 08:41:22,004", "level": "INFO", "module": "stream_listener", "message": "Ingested live transaction for 0x0000000000000000000000000000000000000bad on arbitrum"}
{"timestamp": "2026-08-04 08:41:22,004", "level": "INFO", "module": "feature_engineering", "message": "Generating features for 0x0000000000000000000000000000000000000bad on chain arbitrum..."}
{"timestamp": "2026-08-04 08:41:22,004", "level": "INFO", "module": "blockchain_api", "message": "Initialized Blockchain API for arbitrum using https://arb-mainnet.g.alchemy.com/v2/mock-api-key"}
{"timestamp": "2026-08-04 08:41:22,009", "level": "INFO", "module": "blockchain_api", "message": "Initialized Blockchain API for arbitrum using https://arb-mainnet.g.alchemy.com/v2/mock-api-key"}
{"timestamp": "2026-08-04 08:41:22,045", "level": "WARNING", "module": "stream_listener", "message": "⚠️ ALERT GENERATED: 0x0000000000000000000000000000000000000bad on arbitrum scored 74 (HIGH)"}
{"timestamp": "2026-08-04 08:41:28,274", "level": "INFO", "module": "stream_listener", "message": "Ingested live transaction for 0x8626f6940e2eb28930efb4cef49b2d1f2c9c1199 on polygon"}
{"timestamp": "2026-08-04 08:41:28,274", "level": "INFO", "module": "feature_engineering", "message": "Generating features for 0x8626f6940e2eb28930efb4cef49b2d1f2c9c1199 on chain polygon..."}
{"timestamp": "2026-08-04 08:41:28,274", "level": "INFO", "module": "blockchain_api", "message": "Initialized Blockchain API for polygon using https://polygon-mainnet.g.alchemy.com/v2/mock-api-key"}
{"timestamp": "2026-08-04 08:41:28,280", "level": "INFO", "module": "blockchain_api", "message": "Initialized Blockchain API for polygon using https://polygon-mainnet.g.alchemy.com/v2/mock-api-key"}
{"timestamp": "2026-08-04 08:41:28,362", "level": "WARNING", "module": "stream_listener", "message": "⚠️ ALERT GENERATED: 0x8626f6940e2eb28930efb4cef49b2d1f2c9c1199 on polygon scored 69 (HIGH)"}
{"timestamp": "2026-08-04 08:41:31,579", "level": "INFO", "module": "stream_listener", "message": "Ingested live transaction for 0xdd2fd4581271e230360230f9337d5c0430bf44c0 on ethereum"}
{"timestamp": "2026-08-04 08:41:31,579", "level": "INFO", "module": "feature_engineering", "message": "Generating features for 0xdd2fd4581271e230360230f9337d5c0430bf44c0 on chain ethereum..."}
{"timestamp": "2026-08-04 08:41:31,580", "level": "INFO", "module": "blockchain_api", "message": "Initialized Blockchain API for ethereum using https://eth-mainnet.g.alchemy.com/v2/mock-api-key"}
{"timestamp": "2026-08-04 08:41:31,584", "level": "INFO", "module": "blockchain_api", "message": "Initialized Blockchain API for ethereum using https://eth-mainnet.g.alchemy.com/v2/mock-api-key"}
{"timestamp": "2026-08-04 08:41:31,638", "level": "WARNING", "module": "stream_listener", "message": "⚠️ ALERT GENERATED: 0xdd2fd4581271e230360230f9337d5c0430bf44c0 on ethereum scored 66 (HIGH)"}
{"timestamp": "2026-08-04 08:41:36,319", "level": "INFO", "module": "stream_listener", "message": "Ingested live transaction for 0x8626f6940e2eb28930efb4cef49b2d1f2c9c1199 on bsc"}
{"timestamp": "2026-08-04 08:41:36,319", "level": "INFO", "module": "feature_engineering", "message": "Generating features for 0x8626f6940e2eb28930efb4cef49b2d1f2c9c1199 on chain bsc..."}
{"timestamp": "2026-08-04 08:41:36,319", "level": "INFO", "module": "blockchain_api", "message": "Initialized Blockchain API for bsc using https://bsc-dataseed.binance.org"}
{"timestamp": "2026-08-04 08:41:36,324", "level": "INFO", "module": "blockchain_api", "message": "Initialized Blockchain API for bsc using https://bsc-dataseed.binance.org"}
{"timestamp": "2026-08-04 08:41:36,360", "level": "WARNING", "module": "stream_listener", "message": "⚠️ ALERT GENERATED: 0x8626f6940e2eb28930efb4cef49b2d1f2c9c1199 on bsc scored 69 (HIGH)"}
{"timestamp": "2026-08-04 08:41:41,670", "level": "INFO", "module": "stream_listener", "message": "Ingested live transaction for 0x0000000000000000000000000000000000000bad on ethereum"}
{"timestamp": "2026-08-04 08:41:41,671", "level": "INFO", "module": "feature_engineering", "message": "Generating features for 0x0000000000000000000000000000000000000bad on chain ethereum..."}
{"timestamp": "2026-08-04 08:41:41,671", "level": "INFO", "module": "blockchain_api", "message": "Initialized Blockchain API for ethereum using https://eth-mainnet.g.alchemy.com/v2/mock-api-key"}
{"timestamp": "2026-08-04 08:41:41,679", "level": "INFO", "module": "blockchain_api", "message": "Initialized Blockchain API for ethereum using https://eth-mainnet.g.alchemy.com/v2/mock-api-key"}
{"timestamp": "2026-08-04 08:41:41,735", "level": "WARNING", "module": "stream_listener", "message": "⚠️ ALERT GENERATED: 0x0000000000000000000000000000000000000bad on ethereum scored 74 (HIGH)"}
{"timestamp": "2026-08-04 08:41:46,749", "level": "INFO", "module": "stream_listener", "message": "Ingested live transaction for 0x1f9840a85d5af5bf1d1762f925bdaddc4201f984 on arbitrum"}
{"timestamp": "2026-08-04 08:41:46,750", "level": "INFO", "module": "feature_engineering", "message": "Generating features for 0x1f9840a85d5af5bf1d1762f925bdaddc4201f984 on chain arbitrum..."}
{"timestamp": "2026-08-04 08:41:46,750", "level": "INFO", "module": "blockchain_api", "message": "Initialized Blockchain API for arbitrum using https://arb-mainnet.g.alchemy.com/v2/mock-api-key"}
{"timestamp": "2026-08-04 08:41:46,754", "level": "INFO", "module": "blockchain_api", "message": "Initialized Blockchain API for arbitrum using https://arb-mainnet.g.alchemy.com/v2/mock-api-key"}
{"timestamp": "2026-08-04 08:41:46,827", "level": "WARNING", "module": "stream_listener", "message": "⚠️ ALERT GENERATED: 0x1f9840a85d5af5bf1d1762f925bdaddc4201f984 on arbitrum scored 67 (HIGH)"}
{"timestamp": "2026-08-04 08:41:52,986", "level": "INFO", "module": "stream_listener", "message": "Ingested live transaction for 0x7A5D8F3A22904838493028304920492039203920 on polygon"}
{"timestamp": "2026-08-04 08:41:52,986", "level": "INFO", "module": "feature_engineering", "message": "Generating features for 0x7A5D8F3A22904838493028304920492039203920 on chain polygon..."}
{"timestamp": "2026-08-04 08:41:52,986", "level": "INFO", "module": "blockchain_api", "message": "Initialized Blockchain API for polygon using https://polygon-mainnet.g.alchemy.com/v2/mock-api-key"}
{"timestamp": "2026-08-04 08:41:52,992", "level": "INFO", "module": "blockchain_api", "message": "Initialized Blockchain API for polygon using https://polygon-mainnet.g.alchemy.com/v2/mock-api-key"}
{"timestamp": "2026-08-04 08:41:53,033", "level": "WARNING", "module": "stream_listener", "message": "⚠️ ALERT GENERATED: 0x7A5D8F3A22904838493028304920492039203920 on polygon scored 69 (HIGH)"}
{"timestamp": "2026-08-04 08:41:59,417", "level": "INFO", "module": "stream_listener", "message": "Ingested live transaction for 0xdd2fd4581271e230360230f9337d5c0430bf44c0 on polygon"}
{"timestamp": "2026-08-04 08:41:59,417", "level": "INFO", "module": "feature_engineering", "message": "Generating features for 0xdd2fd4581271e230360230f9337d5c0430bf44c0 on chain polygon..."}
{"timestamp": "2026-08-04 08:41:59,417", "level": "INFO", "module": "blockchain_api", "message": "Initialized Blockchain API for polygon using https://polygon-mainnet.g.alchemy.com/v2/mock-api-key"}
{"timestamp": "2026-08-04 08:41:59,422", "level": "INFO", "module": "blockchain_api", "message": "Initialized Blockchain API for polygon using https://polygon-mainnet.g.alchemy.com/v2/mock-api-key"}
{"timestamp": "2026-08-04 08:41:59,459", "level": "WARNING", "module": "stream_listener", "message": "⚠️ ALERT GENERATED: 0xdd2fd4581271e230360230f9337d5c0430bf44c0 on polygon scored 66 (HIGH)"}
{"timestamp": "2026-08-04 08:42:06,444", "level": "INFO", "module": "stream_listener", "message": "Ingested live transaction for 0x2546f6940e2eb28930efb4cef49b2d1f2c9c1188 on bsc"}
{"timestamp": "2026-08-04 08:42:06,444", "level": "INFO", "module": "feature_engineering", "message": "Generating features for 0x2546f6940e2eb28930efb4cef49b2d1f2c9c1188 on chain bsc..."}
{"timestamp": "2026-08-04 08:42:06,444", "level": "INFO", "module": "blockchain_api", "message": "Initialized Blockchain API for bsc using https://bsc-dataseed.binance.org"}
{"timestamp": "2026-08-04 08:42:06,449", "level": "INFO", "module": "blockchain_api", "message": "Initialized Blockchain API for bsc using https://bsc-dataseed.binance.org"}
{"timestamp": "2026-08-04 08:42:12,657", "level": "INFO", "module": "stream_listener", "message": "Ingested live transaction for 0x1f9840a85d5af5bf1d1762f925bdaddc4201f984 on arbitrum"}
{"timestamp": "2026-08-04 08:42:12,657", "level": "INFO", "module": "feature_engineering", "message": "Generating features for 0x1f9840a85d5af5bf1d1762f925bdaddc4201f984 on chain arbitrum..."}
{"timestamp": "2026-08-04 08:42:12,657", "level": "INFO", "module": "blockchain_api", "message": "Initialized Blockchain API for arbitrum using https://arb-mainnet.g.alchemy.com/v2/mock-api-key"}
{"timestamp": "2026-08-04 08:42:12,661", "level": "INFO", "module": "blockchain_api", "message": "Initialized Blockchain API for arbitrum using https://arb-mainnet.g.alchemy.com/v2/mock-api-key"}
{"timestamp": "2026-08-04 08:42:12,696", "level": "WARNING", "module": "stream_listener", "message": "⚠️ ALERT GENERATED: 0x1f9840a85d5af5bf1d1762f925bdaddc4201f984 on arbitrum scored 67 (HIGH)"}
{"timestamp": "2026-08-04 08:42:17,983", "level": "INFO", "module": "stream_listener", "message": "Ingested live transaction for 0xdd2fd4581271e230360230f9337d5c0430bf44c0 on bsc"}
{"timestamp": "2026-08-04 08:42:17,983", "level": "INFO", "module": "feature_engineering", "message": "Generating features for 0xdd2fd4581271e230360230f9337d5c0430bf44c0 on chain bsc..."}
{"timestamp": "2026-08-04 08:42:17,983", "level": "INFO", "module": "blockchain_api", "message": "Initialized Blockchain API for bsc using https://bsc-dataseed.binance.org"}
{"timestamp": "2026-08-04 08:42:17,987", "level": "INFO", "module": "blockchain_api", "message": "Initialized Blockchain API for bsc using https://bsc-dataseed.binance.org"}
{"timestamp": "2026-08-04 08:42:18,026", "level": "WARNING", "module": "stream_listener", "message": "⚠️ ALERT GENERATED: 0xdd2fd4581271e230360230f9337d5c0430bf44c0 on bsc scored 66 (HIGH)"}
{"timestamp": "2026-08-04 08:42:21,404", "level": "INFO", "module": "stream_listener", "message": "Ingested live transaction for 0xdd2fd4581271e230360230f9337d5c0430bf44c0 on polygon"}
{"timestamp": "2026-08-04 08:42:21,404", "level": "INFO", "module": "feature_engineering", "message": "Generating features for 0xdd2fd4581271e230360230f9337d5c0430bf44c0 on chain polygon..."}
{"timestamp": "2026-08-04 08:42:21,405", "level": "INFO", "module": "blockchain_api", "message": "Initialized Blockchain API for polygon using https://polygon-mainnet.g.alchemy.com/v2/mock-api-key"}
{"timestamp": "2026-08-04 08:42:21,409", "level": "INFO", "module": "blockchain_api", "message": "Initialized Blockchain API for polygon using https://polygon-mainnet.g.alchemy.com/v2/mock-api-key"}
{"timestamp": "2026-08-04 08:42:21,445", "level": "WARNING", "module": "stream_listener", "message": "⚠️ ALERT GENERATED: 0xdd2fd4581271e230360230f9337d5c0430bf44c0 on polygon scored 66 (HIGH)"}
{"timestamp": "2026-08-04 08:42:25,617", "level": "INFO", "module": "stream_listener", "message": "Ingested live transaction for 0x2546f6940e2eb28930efb4cef49b2d1f2c9c1188 on bsc"}
{"timestamp": "2026-08-04 08:42:25,617", "level": "INFO", "module": "feature_engineering", "message": "Generating features for 0x2546f6940e2eb28930efb4cef49b2d1f2c9c1188 on chain bsc..."}
{"timestamp": "2026-08-04 08:42:25,617", "level": "INFO", "module": "blockchain_api", "message": "Initialized Blockchain API for bsc using https://bsc-dataseed.binance.org"}
{"timestamp": "2026-08-04 08:42:25,621", "level": "INFO", "module": "blockchain_api", "message": "Initialized Blockchain API for bsc using https://bsc-dataseed.binance.org"}
{"timestamp": "2026-08-04 08:42:30,887", "level": "INFO", "module": "stream_listener", "message": "Ingested live transaction for 0x0000000000000000000000000000000000000bad on arbitrum"}
{"timestamp": "2026-08-04 08:42:30,887", "level": "INFO", "module": "feature_engineering", "message": "Generating features for 0x0000000000000000000000000000000000000bad on chain arbitrum..."}
{"timestamp": "2026-08-04 08:42:30,888", "level": "INFO", "module": "blockchain_api", "message": "Initialized Blockchain API for arbitrum using https://arb-mainnet.g.alchemy.com/v2/mock-api-key"}
{"timestamp": "2026-08-04 08:42:30,892", "level": "INFO", "module": "blockchain_api", "message": "Initialized Blockchain API for arbitrum using https://arb-mainnet.g.alchemy.com/v2/mock-api-key"}
{"timestamp": "2026-08-04 08:42:30,930", "level": "WARNING", "module": "stream_listener", "message": "⚠️ ALERT GENERATED: 0x0000000000000000000000000000000000000bad on arbitrum scored 74 (HIGH)"}
{"timestamp": "2026-08-04 08:42:35,323", "level": "INFO", "module": "stream_listener", "message": "Ingested live transaction for 0x2546f6940e2eb28930efb4cef49b2d1f2c9c1188 on polygon"}
{"timestamp": "2026-08-04 08:42:35,323", "level": "INFO", "module": "feature_engineering", "message": "Generating features for 0x2546f6940e2eb28930efb4cef49b2d1f2c9c1188 on chain polygon..."}
{"timestamp": "2026-08-04 08:42:35,323", "level": "INFO", "module": "blockchain_api", "message": "Initialized Blockchain API for polygon using https://polygon-mainnet.g.alchemy.com/v2/mock-api-key"}
{"timestamp": "2026-08-04 08:42:35,328", "level": "INFO", "module": "blockchain_api", "message": "Initialized Blockchain API for polygon using https://polygon-mainnet.g.alchemy.com/v2/mock-api-key"}
{"timestamp": "2026-08-04 08:42:39,969", "level": "INFO", "module": "stream_listener", "message": "Ingested live transaction for 0x7A5D8F3A22904838493028304920492039203920 on arbitrum"}
{"timestamp": "2026-08-04 08:42:39,970", "level": "INFO", "module": "feature_engineering", "message": "Generating features for 0x7A5D8F3A22904838493028304920492039203920 on chain arbitrum..."}
{"timestamp": "2026-08-04 08:42:39,970", "level": "INFO", "module": "blockchain_api", "message": "Initialized Blockchain API for arbitrum using https://arb-mainnet.g.alchemy.com/v2/mock-api-key"}
{"timestamp": "2026-08-04 08:42:39,986", "level": "INFO", "module": "blockchain_api", "message": "Initialized Blockchain API for arbitrum using https://arb-mainnet.g.alchemy.com/v2/mock-api-key"}
{"timestamp": "2026-08-04 08:42:40,037", "level": "WARNING", "module": "stream_listener", "message": "⚠️ ALERT GENERATED: 0x7A5D8F3A22904838493028304920492039203920 on arbitrum scored 69 (HIGH)"}
{"timestamp": "2026-08-04 08:42:43,438", "level": "INFO", "module": "stream_listener", "message": "Ingested live transaction for 0x2546f6940e2eb28930efb4cef49b2d1f2c9c1188 on arbitrum"}
{"timestamp": "2026-08-04 08:42:43,438", "level": "INFO", "module": "feature_engineering", "message": "Generating features for 0x2546f6940e2eb28930efb4cef49b2d1f2c9c1188 on chain arbitrum..."}
{"timestamp": "2026-08-04 08:42:43,439", "level": "INFO", "module": "blockchain_api", "message": "Initialized Blockchain API for arbitrum using https://arb-mainnet.g.alchemy.com/v2/mock-api-key"}
{"timestamp": "2026-08-04 08:42:43,443", "level": "INFO", "module": "blockchain_api", "message": "Initialized Blockchain API for arbitrum using https://arb-mainnet.g.alchemy.com/v2/mock-api-key"}
{"timestamp": "2026-08-04 08:42:49,852", "level": "INFO", "module": "stream_listener", "message": "Ingested live transaction for 0x7A5D8F3A22904838493028304920492039203920 on arbitrum"}
{"timestamp": "2026-08-04 08:42:49,852", "level": "INFO", "module": "feature_engineering", "message": "Generating features for 0x7A5D8F3A22904838493028304920492039203920 on chain arbitrum..."}
{"timestamp": "2026-08-04 08:42:49,852", "level": "INFO", "module": "blockchain_api", "message": "Initialized Blockchain API for arbitrum using https://arb-mainnet.g.alchemy.com/v2/mock-api-key"}
{"timestamp": "2026-08-04 08:42:49,856", "level": "INFO", "module": "blockchain_api", "message": "Initialized Blockchain API for arbitrum using https://arb-mainnet.g.alchemy.com/v2/mock-api-key"}
{"timestamp": "2026-08-04 08:42:49,894", "level": "WARNING", "module": "stream_listener", "message": "⚠️ ALERT GENERATED: 0x7A5D8F3A22904838493028304920492039203920 on arbitrum scored 69 (HIGH)"}
{"timestamp": "2026-08-04 08:42:53,841", "level": "INFO", "module": "stream_listener", "message": "Ingested live transaction for 0x7A5D8F3A22904838493028304920492039203920 on polygon"}
{"timestamp": "2026-08-04 08:42:53,841", "level": "INFO", "module": "feature_engineering", "message": "Generating features for 0x7A5D8F3A22904838493028304920492039203920 on chain polygon..."}
{"timestamp": "2026-08-04 08:42:53,841", "level": "INFO", "module": "blockchain_api", "message": "Initialized Blockchain API for polygon using https://polygon-mainnet.g.alchemy.com/v2/mock-api-key"}
{"timestamp": "2026-08-04 08:42:53,847", "level": "INFO", "module": "blockchain_api", "message": "Initialized Blockchain API for polygon using https://polygon-mainnet.g.alchemy.com/v2/mock-api-key"}
{"timestamp": "2026-08-04 08:42:53,918", "level": "WARNING", "module": "stream_listener", "message": "⚠️ ALERT GENERATED: 0x7A5D8F3A22904838493028304920492039203920 on polygon scored 69 (HIGH)"}
{"timestamp": "2026-08-04 08:42:59,695", "level": "INFO", "module": "stream_listener", "message": "Ingested live transaction for 0x71c7656ec7ab88b098defb751b7401b5f6d8976f on arbitrum"}
{"timestamp": "2026-08-04 08:42:59,695", "level": "INFO", "module": "feature_engineering", "message": "Generating features for 0x71c7656ec7ab88b098defb751b7401b5f6d8976f on chain arbitrum..."}
{"timestamp": "2026-08-04 08:42:59,695", "level": "INFO", "module": "blockchain_api", "message": "Initialized Blockchain API for arbitrum using https://arb-mainnet.g.alchemy.com/v2/mock-api-key"}
{"timestamp": "2026-08-04 08:42:59,700", "level": "INFO", "module": "blockchain_api", "message": "Initialized Blockchain API for arbitrum using https://arb-mainnet.g.alchemy.com/v2/mock-api-key"}
{"timestamp": "2026-08-04 08:42:59,750", "level": "WARNING", "module": "stream_listener", "message": "⚠️ ALERT GENERATED: 0x71c7656ec7ab88b098defb751b7401b5f6d8976f on arbitrum scored 69 (HIGH)"}
{"timestamp": "2026-08-04 08:43:03,701", "level": "INFO", "module": "stream_listener", "message": "Ingested live transaction for 0x7A5D8F3A22904838493028304920492039203920 on arbitrum"}
{"timestamp": "2026-08-04 08:43:03,701", "level": "INFO", "module": "feature_engineering", "message": "Generating features for 0x7A5D8F3A22904838493028304920492039203920 on chain arbitrum..."}
{"timestamp": "2026-08-04 08:43:03,701", "level": "INFO", "module": "blockchain_api", "message": "Initialized Blockchain API for arbitrum using https://arb-mainnet.g.alchemy.com/v2/mock-api-key"}
{"timestamp": "2026-08-04 08:43:03,706", "level": "INFO", "module": "blockchain_api", "message": "Initialized Blockchain API for arbitrum using https://arb-mainnet.g.alchemy.com/v2/mock-api-key"}
{"timestamp": "2026-08-04 08:43:03,744", "level": "WARNING", "module": "stream_listener", "message": "⚠️ ALERT GENERATED: 0x7A5D8F3A22904838493028304920492039203920 on arbitrum scored 69 (HIGH)"}
{"timestamp": "2026-08-04 08:43:09,293", "level": "INFO", "module": "stream_listener", "message": "Ingested live transaction for 0x7A5D8F3A22904838493028304920492039203920 on ethereum"}
{"timestamp": "2026-08-04 08:43:09,293", "level": "INFO", "module": "feature_engineering", "message": "Generating features for 0x7A5D8F3A22904838493028304920492039203920 on chain ethereum..."}
{"timestamp": "2026-08-04 08:43:09,293", "level": "INFO", "module": "blockchain_api", "message": "Initialized Blockchain API for ethereum using https://eth-mainnet.g.alchemy.com/v2/mock-api-key"}
{"timestamp": "2026-08-04 08:43:09,298", "level": "INFO", "module": "blockchain_api", "message": "Initialized Blockchain API for ethereum using https://eth-mainnet.g.alchemy.com/v2/mock-api-key"}
{"timestamp": "2026-08-04 08:43:09,339", "level": "WARNING", "module": "stream_listener", "message": "⚠️ ALERT GENERATED: 0x7A5D8F3A22904838493028304920492039203920 on ethereum scored 69 (HIGH)"}
{"timestamp": "2026-08-04 08:43:12,922", "level": "INFO", "module": "stream_listener", "message": "Ingested live transaction for 0x8626f6940e2eb28930efb4cef49b2d1f2c9c1199 on polygon"}
{"timestamp": "2026-08-04 08:43:12,923", "level": "INFO", "module": "feature_engineering", "message": "Generating features for 0x8626f6940e2eb28930efb4cef49b2d1f2c9c1199 on chain polygon..."}
{"timestamp": "2026-08-04 08:43:12,923", "level": "INFO", "module": "blockchain_api", "message": "Initialized Blockchain API for polygon using https://polygon-mainnet.g.alchemy.com/v2/mock-api-key"}
{"timestamp": "2026-08-04 08:43:12,927", "level": "INFO", "module": "blockchain_api", "message": "Initialized Blockchain API for polygon using https://polygon-mainnet.g.alchemy.com/v2/mock-api-key"}
{"timestamp": "2026-08-04 08:43:12,963", "level": "WARNING", "module": "stream_listener", "message": "⚠️ ALERT GENERATED: 0x8626f6940e2eb28930efb4cef49b2d1f2c9c1199 on polygon scored 69 (HIGH)"}
{"timestamp": "2026-08-04 08:43:18,002", "level": "INFO", "module": "stream_listener", "message": "Ingested live transaction for 0x1f9840a85d5af5bf1d1762f925bdaddc4201f984 on polygon"}
{"timestamp": "2026-08-04 08:43:18,002", "level": "INFO", "module": "feature_engineering", "message": "Generating features for 0x1f9840a85d5af5bf1d1762f925bdaddc4201f984 on chain polygon..."}
{"timestamp": "2026-08-04 08:43:18,003", "level": "INFO", "module": "blockchain_api", "message": "Initialized Blockchain API for polygon using https://polygon-mainnet.g.alchemy.com/v2/mock-api-key"}
{"timestamp": "2026-08-04 08:43:18,007", "level": "INFO", "module": "blockchain_api", "message": "Initialized Blockchain API for polygon using https://polygon-mainnet.g.alchemy.com/v2/mock-api-key"}
{"timestamp": "2026-08-04 08:43:18,044", "level": "WARNING", "module": "stream_listener", "message": "⚠️ ALERT GENERATED: 0x1f9840a85d5af5bf1d1762f925bdaddc4201f984 on polygon scored 67 (HIGH)"}
{"timestamp": "2026-08-04 08:43:21,114", "level": "INFO", "module": "stream_listener", "message": "Ingested live transaction for 0x2546f6940e2eb28930efb4cef49b2d1f2c9c1188 on polygon"}
{"timestamp": "2026-08-04 08:43:21,114", "level": "INFO", "module": "feature_engineering", "message": "Generating features for 0x2546f6940e2eb28930efb4cef49b2d1f2c9c1188 on chain polygon..."}
{"timestamp": "2026-08-04 08:43:21,114", "level": "INFO", "module": "blockchain_api", "message": "Initialized Blockchain API for polygon using https://polygon-mainnet.g.alchemy.com/v2/mock-api-key"}
{"timestamp": "2026-08-04 08:43:21,118", "level": "INFO", "module": "blockchain_api", "message": "Initialized Blockchain API for polygon using https://polygon-mainnet.g.alchemy.com/v2/mock-api-key"}
{"timestamp": "2026-08-04 08:43:27,831", "level": "INFO", "module": "stream_listener", "message": "Ingested live transaction for 0x1f9840a85d5af5bf1d1762f925bdaddc4201f984 on arbitrum"}
{"timestamp": "2026-08-04 08:43:27,831", "level": "INFO", "module": "feature_engineering", "message": "Generating features for 0x1f9840a85d5af5bf1d1762f925bdaddc4201f984 on chain arbitrum..."}
{"timestamp": "2026-08-04 08:43:27,831", "level": "INFO", "module": "blockchain_api", "message": "Initialized Blockchain API for arbitrum using https://arb-mainnet.g.alchemy.com/v2/mock-api-key"}
{"timestamp": "2026-08-04 08:43:27,835", "level": "INFO", "module": "blockchain_api", "message": "Initialized Blockchain API for arbitrum using https://arb-mainnet.g.alchemy.com/v2/mock-api-key"}
{"timestamp": "2026-08-04 08:43:27,872", "level": "WARNING", "module": "stream_listener", "message": "⚠️ ALERT GENERATED: 0x1f9840a85d5af5bf1d1762f925bdaddc4201f984 on arbitrum scored 67 (HIGH)"}
{"timestamp": "2026-08-04 08:43:32,890", "level": "INFO", "module": "stream_listener", "message": "Ingested live transaction for 0xdeadbeefdeadbeefdeadbeefdeadbeefdead0000 on bsc"}
{"timestamp": "2026-08-04 08:43:32,890", "level": "INFO", "module": "feature_engineering", "message": "Generating features for 0xdeadbeefdeadbeefdeadbeefdeadbeefdead0000 on chain bsc..."}
{"timestamp": "2026-08-04 08:43:32,890", "level": "INFO", "module": "blockchain_api", "message": "Initialized Blockchain API for bsc using https://bsc-dataseed.binance.org"}
{"timestamp": "2026-08-04 08:43:32,895", "level": "INFO", "module": "blockchain_api", "message": "Initialized Blockchain API for bsc using https://bsc-dataseed.binance.org"}
{"timestamp": "2026-08-04 08:43:32,932", "level": "WARNING", "module": "stream_listener", "message": "⚠️ ALERT GENERATED: 0xdeadbeefdeadbeefdeadbeefdeadbeefdead0000 on bsc scored 45 (MEDIUM)"}
{"timestamp": "2026-08-04 08:43:39,429", "level": "INFO", "module": "stream_listener", "message": "Ingested live transaction for 0x0000000000000000000000000000000000000bad on ethereum"}
{"timestamp": "2026-08-04 08:43:39,429", "level": "INFO", "module": "feature_engineering", "message": "Generating features for 0x0000000000000000000000000000000000000bad on chain ethereum..."}
{"timestamp": "2026-08-04 08:43:39,429", "level": "INFO", "module": "blockchain_api", "message": "Initialized Blockchain API for ethereum using https://eth-mainnet.g.alchemy.com/v2/mock-api-key"}
{"timestamp": "2026-08-04 08:43:39,434", "level": "INFO", "module": "blockchain_api", "message": "Initialized Blockchain API for ethereum using https://eth-mainnet.g.alchemy.com/v2/mock-api-key"}
{"timestamp": "2026-08-04 08:43:39,484", "level": "WARNING", "module": "stream_listener", "message": "⚠️ ALERT GENERATED: 0x0000000000000000000000000000000000000bad on ethereum scored 74 (HIGH)"}
{"timestamp": "2026-08-04 08:43:45,463", "level": "INFO", "module": "stream_listener", "message": "Ingested live transaction for 0x2546f6940e2eb28930efb4cef49b2d1f2c9c1188 on ethereum"}
{"timestamp": "2026-08-04 08:43:45,464", "level": "INFO", "module": "feature_engineering", "message": "Generating features for 0x2546f6940e2eb28930efb4cef49b2d1f2c9c1188 on chain ethereum..."}
{"timestamp": "2026-08-04 08:43:45,464", "level": "INFO", "module": "blockchain_api", "message": "Initialized Blockchain API for ethereum using https://eth-mainnet.g.alchemy.com/v2/mock-api-key"}
{"timestamp": "2026-08-04 08:43:45,468", "level": "INFO", "module": "blockchain_api", "message": "Initialized Blockchain API for ethereum using https://eth-mainnet.g.alchemy.com/v2/mock-api-key"}
{"timestamp": "2026-08-04 08:43:49,156", "level": "INFO", "module": "stream_listener", "message": "Ingested live transaction for 0x2546f6940e2eb28930efb4cef49b2d1f2c9c1188 on arbitrum"}
{"timestamp": "2026-08-04 08:43:49,156", "level": "INFO", "module": "feature_engineering", "message": "Generating features for 0x2546f6940e2eb28930efb4cef49b2d1f2c9c1188 on chain arbitrum..."}
{"timestamp": "2026-08-04 08:43:49,156", "level": "INFO", "module": "blockchain_api", "message": "Initialized Blockchain API for arbitrum using https://arb-mainnet.g.alchemy.com/v2/mock-api-key"}
{"timestamp": "2026-08-04 08:43:49,162", "level": "INFO", "module": "blockchain_api", "message": "Initialized Blockchain API for arbitrum using https://arb-mainnet.g.alchemy.com/v2/mock-api-key"}
{"timestamp": "2026-08-04 08:43:55,011", "level": "INFO", "module": "stream_listener", "message": "Ingested live transaction for 0xbadc0de1f111e111222333444555666777888999 on ethereum"}
{"timestamp": "2026-08-04 08:43:55,011", "level": "INFO", "module": "feature_engineering", "message": "Generating features for 0xbadc0de1f111e111222333444555666777888999 on chain ethereum..."}
{"timestamp": "2026-08-04 08:43:55,011", "level": "INFO", "module": "blockchain_api", "message": "Initialized Blockchain API for ethereum using https://eth-mainnet.g.alchemy.com/v2/mock-api-key"}
{"timestamp": "2026-08-04 08:43:55,015", "level": "INFO", "module": "blockchain_api", "message": "Initialized Blockchain API for ethereum using https://eth-mainnet.g.alchemy.com/v2/mock-api-key"}
{"timestamp": "2026-08-04 08:43:55,055", "level": "WARNING", "module": "stream_listener", "message": "⚠️ ALERT GENERATED: 0xbadc0de1f111e111222333444555666777888999 on ethereum scored 80 (HIGH)"}
{"timestamp": "2026-08-04 08:44:01,790", "level": "INFO", "module": "stream_listener", "message": "Ingested live transaction for 0xbadc0de1f111e111222333444555666777888999 on arbitrum"}
{"timestamp": "2026-08-04 08:44:01,791", "level": "INFO", "module": "feature_engineering", "message": "Generating features for 0xbadc0de1f111e111222333444555666777888999 on chain arbitrum..."}
{"timestamp": "2026-08-04 08:44:01,791", "level": "INFO", "module": "blockchain_api", "message": "Initialized Blockchain API for arbitrum using https://arb-mainnet.g.alchemy.com/v2/mock-api-key"}
{"timestamp": "2026-08-04 08:44:01,795", "level": "INFO", "module": "blockchain_api", "message": "Initialized Blockchain API for arbitrum using https://arb-mainnet.g.alchemy.com/v2/mock-api-key"}
{"timestamp": "2026-08-04 08:44:01,831", "level": "WARNING", "module": "stream_listener", "message": "⚠️ ALERT GENERATED: 0xbadc0de1f111e111222333444555666777888999 on arbitrum scored 80 (HIGH)"}
{"timestamp": "2026-08-04 08:44:05,189", "level": "INFO", "module": "stream_listener", "message": "Ingested live transaction for 0x7A5D8F3A22904838493028304920492039203920 on ethereum"}
{"timestamp": "2026-08-04 08:44:05,189", "level": "INFO", "module": "feature_engineering", "message": "Generating features for 0x7A5D8F3A22904838493028304920492039203920 on chain ethereum..."}
{"timestamp": "2026-08-04 08:44:05,189", "level": "INFO", "module": "blockchain_api", "message": "Initialized Blockchain API for ethereum using https://eth-mainnet.g.alchemy.com/v2/mock-api-key"}
{"timestamp": "2026-08-04 08:44:05,195", "level": "INFO", "module": "blockchain_api", "message": "Initialized Blockchain API for ethereum using https://eth-mainnet.g.alchemy.com/v2/mock-api-key"}
{"timestamp": "2026-08-04 08:44:05,233", "level": "WARNING", "module": "stream_listener", "message": "⚠️ ALERT GENERATED: 0x7A5D8F3A22904838493028304920492039203920 on ethereum scored 69 (HIGH)"}
{"timestamp": "2026-08-04 08:44:11,317", "level": "INFO", "module": "stream_listener", "message": "Ingested live transaction for 0xdeadbeefdeadbeefdeadbeefdeadbeefdead0000 on polygon"}
{"timestamp": "2026-08-04 08:44:11,317", "level": "INFO", "module": "feature_engineering", "message": "Generating features for 0xdeadbeefdeadbeefdeadbeefdeadbeefdead0000 on chain polygon..."}
{"timestamp": "2026-08-04 08:44:11,317", "level": "INFO", "module": "blockchain_api", "message": "Initialized Blockchain API for polygon using https://polygon-mainnet.g.alchemy.com/v2/mock-api-key"}
{"timestamp": "2026-08-04 08:44:11,323", "level": "INFO", "module": "blockchain_api", "message": "Initialized Blockchain API for polygon using https://polygon-mainnet.g.alchemy.com/v2/mock-api-key"}
{"timestamp": "2026-08-04 08:44:11,380", "level": "WARNING", "module": "stream_listener", "message": "⚠️ ALERT GENERATED: 0xdeadbeefdeadbeefdeadbeefdeadbeefdead0000 on polygon scored 45 (MEDIUM)"}
{"timestamp": "2026-08-04 08:44:17,017", "level": "INFO", "module": "stream_listener", "message": "Ingested live transaction for 0xdd2fd4581271e230360230f9337d5c0430bf44c0 on ethereum"}
{"timestamp": "2026-08-04 08:44:17,018", "level": "INFO", "module": "feature_engineering", "message": "Generating features for 0xdd2fd4581271e230360230f9337d5c0430bf44c0 on chain ethereum..."}
{"timestamp": "2026-08-04 08:44:17,018", "level": "INFO", "module": "blockchain_api", "message": "Initialized Blockchain API for ethereum using https://eth-mainnet.g.alchemy.com/v2/mock-api-key"}
{"timestamp": "2026-08-04 08:44:17,022", "level": "INFO", "module": "blockchain_api", "message": "Initialized Blockchain API for ethereum using https://eth-mainnet.g.alchemy.com/v2/mock-api-key"}
{"timestamp": "2026-08-04 08:44:17,057", "level": "WARNING", "module": "stream_listener", "message": "⚠️ ALERT GENERATED: 0xdd2fd4581271e230360230f9337d5c0430bf44c0 on ethereum scored 66 (HIGH)"}
{"timestamp": "2026-08-04 08:44:23,217", "level": "INFO", "module": "stream_listener", "message": "Ingested live transaction for 0x1f9840a85d5af5bf1d1762f925bdaddc4201f984 on arbitrum"}
{"timestamp": "2026-08-04 08:44:23,217", "level": "INFO", "module": "feature_engineering", "message": "Generating features for 0x1f9840a85d5af5bf1d1762f925bdaddc4201f984 on chain arbitrum..."}
{"timestamp": "2026-08-04 08:44:23,217", "level": "INFO", "module": "blockchain_api", "message": "Initialized Blockchain API for arbitrum using https://arb-mainnet.g.alchemy.com/v2/mock-api-key"}
{"timestamp": "2026-08-04 08:44:23,226", "level": "INFO", "module": "blockchain_api", "message": "Initialized Blockchain API for arbitrum using https://arb-mainnet.g.alchemy.com/v2/mock-api-key"}
{"timestamp": "2026-08-04 08:44:23,280", "level": "WARNING", "module": "stream_listener", "message": "⚠️ ALERT GENERATED: 0x1f9840a85d5af5bf1d1762f925bdaddc4201f984 on arbitrum scored 67 (HIGH)"}
{"timestamp": "2026-08-04 08:44:28,810", "level": "INFO", "module": "stream_listener", "message": "Ingested live transaction for 0xdeadbeefdeadbeefdeadbeefdeadbeefdead0000 on ethereum"}
{"timestamp": "2026-08-04 08:44:28,811", "level": "INFO", "module": "feature_engineering", "message": "Generating features for 0xdeadbeefdeadbeefdeadbeefdeadbeefdead0000 on chain ethereum..."}
{"timestamp": "2026-08-04 08:44:28,811", "level": "INFO", "module": "blockchain_api", "message": "Initialized Blockchain API for ethereum using https://eth-mainnet.g.alchemy.com/v2/mock-api-key"}
{"timestamp": "2026-08-04 08:44:28,814", "level": "INFO", "module": "blockchain_api", "message": "Initialized Blockchain API for ethereum using https://eth-mainnet.g.alchemy.com/v2/mock-api-key"}
{"timestamp": "2026-08-04 08:44:28,852", "level": "WARNING", "module": "stream_listener", "message": "⚠️ ALERT GENERATED: 0xdeadbeefdeadbeefdeadbeefdeadbeefdead0000 on ethereum scored 45 (MEDIUM)"}
{"timestamp": "2026-08-04 08:44:35,250", "level": "INFO", "module": "stream_listener", "message": "Ingested live transaction for 0x71c7656ec7ab88b098defb751b7401b5f6d8976f on polygon"}
{"timestamp": "2026-08-04 08:44:35,250", "level": "INFO", "module": "feature_engineering", "message": "Generating features for 0x71c7656ec7ab88b098defb751b7401b5f6d8976f on chain polygon..."}
{"timestamp": "2026-08-04 08:44:35,250", "level": "INFO", "module": "blockchain_api", "message": "Initialized Blockchain API for polygon using https://polygon-mainnet.g.alchemy.com/v2/mock-api-key"}
{"timestamp": "2026-08-04 08:44:35,256", "level": "INFO", "module": "blockchain_api", "message": "Initialized Blockchain API for polygon using https://polygon-mainnet.g.alchemy.com/v2/mock-api-key"}
{"timestamp": "2026-08-04 08:44:35,295", "level": "WARNING", "module": "stream_listener", "message": "⚠️ ALERT GENERATED: 0x71c7656ec7ab88b098defb751b7401b5f6d8976f on polygon scored 69 (HIGH)"}
{"timestamp": "2026-08-04 08:44:41,101", "level": "INFO", "module": "stream_listener", "message": "Ingested live transaction for 0xdd2fd4581271e230360230f9337d5c0430bf44c0 on polygon"}
{"timestamp": "2026-08-04 08:44:41,101", "level": "INFO", "module": "feature_engineering", "message": "Generating features for 0xdd2fd4581271e230360230f9337d5c0430bf44c0 on chain polygon..."}
{"timestamp": "2026-08-04 08:44:41,101", "level": "INFO", "module": "blockchain_api", "message": "Initialized Blockchain API for polygon using https://polygon-mainnet.g.alchemy.com/v2/mock-api-key"}
{"timestamp": "2026-08-04 08:44:41,106", "level": "INFO", "module": "blockchain_api", "message": "Initialized Blockchain API for polygon using https://polygon-mainnet.g.alchemy.com/v2/mock-api-key"}
{"timestamp": "2026-08-04 08:44:41,157", "level": "WARNING", "module": "stream_listener", "message": "⚠️ ALERT GENERATED: 0xdd2fd4581271e230360230f9337d5c0430bf44c0 on polygon scored 66 (HIGH)"}
{"timestamp": "2026-08-04 08:44:48,072", "level": "INFO", "module": "stream_listener", "message": "Ingested live transaction for 0x71c7656ec7ab88b098defb751b7401b5f6d8976f on ethereum"}
{"timestamp": "2026-08-04 08:44:48,072", "level": "INFO", "module": "feature_engineering", "message": "Generating features for 0x71c7656ec7ab88b098defb751b7401b5f6d8976f on chain ethereum..."}
{"timestamp": "2026-08-04 08:44:48,072", "level": "INFO", "module": "blockchain_api", "message": "Initialized Blockchain API for ethereum using https://eth-mainnet.g.alchemy.com/v2/mock-api-key"}
{"timestamp": "2026-08-04 08:44:48,076", "level": "INFO", "module": "blockchain_api", "message": "Initialized Blockchain API for ethereum using https://eth-mainnet.g.alchemy.com/v2/mock-api-key"}
{"timestamp": "2026-08-04 08:44:48,113", "level": "WARNING", "module": "stream_listener", "message": "⚠️ ALERT GENERATED: 0x71c7656ec7ab88b098defb751b7401b5f6d8976f on ethereum scored 69 (HIGH)"}
{"timestamp": "2026-08-04 08:44:52,231", "level": "INFO", "module": "stream_listener", "message": "Ingested live transaction for 0x0000000000000000000000000000000000000bad on bsc"}
{"timestamp": "2026-08-04 08:44:52,231", "level": "INFO", "module": "feature_engineering", "message": "Generating features for 0x0000000000000000000000000000000000000bad on chain bsc..."}
{"timestamp": "2026-08-04 08:44:52,231", "level": "INFO", "module": "blockchain_api", "message": "Initialized Blockchain API for bsc using https://bsc-dataseed.binance.org"}
{"timestamp": "2026-08-04 08:44:52,235", "level": "INFO", "module": "blockchain_api", "message": "Initialized Blockchain API for bsc using https://bsc-dataseed.binance.org"}
{"timestamp": "2026-08-04 08:44:52,292", "level": "WARNING", "module": "stream_listener", "message": "⚠️ ALERT GENERATED: 0x0000000000000000000000000000000000000bad on bsc scored 74 (HIGH)"}
{"timestamp": "2026-08-04 08:44:58,902", "level": "INFO", "module": "stream_listener", "message": "Ingested live transaction for 0x0000000000000000000000000000000000000bad on polygon"}
{"timestamp": "2026-08-04 08:44:58,902", "level": "INFO", "module": "feature_engineering", "message": "Generating features for 0x0000000000000000000000000000000000000bad on chain polygon..."}
{"timestamp": "2026-08-04 08:44:58,902", "level": "INFO", "module": "blockchain_api", "message": "Initialized Blockchain API for polygon using https://polygon-mainnet.g.alchemy.com/v2/mock-api-key"}
{"timestamp": "2026-08-04 08:44:58,907", "level": "INFO", "module": "blockchain_api", "message": "Initialized Blockchain API for polygon using https://polygon-mainnet.g.alchemy.com/v2/mock-api-key"}
{"timestamp": "2026-08-04 08:44:58,981", "level": "WARNING", "module": "stream_listener", "message": "⚠️ ALERT GENERATED: 0x0000000000000000000000000000000000000bad on polygon scored 74 (HIGH)"}
{"timestamp": "2026-08-04 08:45:05,580", "level": "INFO", "module": "stream_listener", "message": "Ingested live transaction for 0x1f9840a85d5af5bf1d1762f925bdaddc4201f984 on ethereum"}
{"timestamp": "2026-08-04 08:45:05,580", "level": "INFO", "module": "feature_engineering", "message": "Generating features for 0x1f9840a85d5af5bf1d1762f925bdaddc4201f984 on chain ethereum..."}
{"timestamp": "2026-08-04 08:45:05,580", "level": "INFO", "module": "blockchain_api", "message": "Initialized Blockchain API for ethereum using https://eth-mainnet.g.alchemy.com/v2/mock-api-key"}
{"timestamp": "2026-08-04 08:45:05,584", "level": "INFO", "module": "blockchain_api", "message": "Initialized Blockchain API for ethereum using https://eth-mainnet.g.alchemy.com/v2/mock-api-key"}
{"timestamp": "2026-08-04 08:45:05,661", "level": "WARNING", "module": "stream_listener", "message": "⚠️ ALERT GENERATED: 0x1f9840a85d5af5bf1d1762f925bdaddc4201f984 on ethereum scored 67 (HIGH)"}
{"timestamp": "2026-08-04 08:45:12,461", "level": "INFO", "module": "stream_listener", "message": "Ingested live transaction for 0xbadc0de1f111e111222333444555666777888999 on arbitrum"}
{"timestamp": "2026-08-04 08:45:12,461", "level": "INFO", "module": "feature_engineering", "message": "Generating features for 0xbadc0de1f111e111222333444555666777888999 on chain arbitrum..."}
{"timestamp": "2026-08-04 08:45:12,461", "level": "INFO", "module": "blockchain_api", "message": "Initialized Blockchain API for arbitrum using https://arb-mainnet.g.alchemy.com/v2/mock-api-key"}
{"timestamp": "2026-08-04 08:45:12,465", "level": "INFO", "module": "blockchain_api", "message": "Initialized Blockchain API for arbitrum using https://arb-mainnet.g.alchemy.com/v2/mock-api-key"}
{"timestamp": "2026-08-04 08:45:12,503", "level": "WARNING", "module": "stream_listener", "message": "⚠️ ALERT GENERATED: 0xbadc0de1f111e111222333444555666777888999 on arbitrum scored 80 (HIGH)"}
{"timestamp": "2026-08-04 08:45:17,082", "level": "INFO", "module": "stream_listener", "message": "Ingested live transaction for 0x8626f6940e2eb28930efb4cef49b2d1f2c9c1199 on ethereum"}
{"timestamp": "2026-08-04 08:45:17,083", "level": "INFO", "module": "feature_engineering", "message": "Generating features for 0x8626f6940e2eb28930efb4cef49b2d1f2c9c1199 on chain ethereum..."}
{"timestamp": "2026-08-04 08:45:17,083", "level": "INFO", "module": "blockchain_api", "message": "Initialized Blockchain API for ethereum using https://eth-mainnet.g.alchemy.com/v2/mock-api-key"}
{"timestamp": "2026-08-04 08:45:17,087", "level": "INFO", "module": "blockchain_api", "message": "Initialized Blockchain API for ethereum using https://eth-mainnet.g.alchemy.com/v2/mock-api-key"}
{"timestamp": "2026-08-04 08:45:17,124", "level": "WARNING", "module": "stream_listener", "message": "⚠️ ALERT GENERATED: 0x8626f6940e2eb28930efb4cef49b2d1f2c9c1199 on ethereum scored 69 (HIGH)"}
{"timestamp": "2026-08-04 08:45:20,160", "level": "INFO", "module": "stream_listener", "message": "Ingested live transaction for 0x7A5D8F3A22904838493028304920492039203920 on arbitrum"}
{"timestamp": "2026-08-04 08:45:20,160", "level": "INFO", "module": "feature_engineering", "message": "Generating features for 0x7A5D8F3A22904838493028304920492039203920 on chain arbitrum..."}
{"timestamp": "2026-08-04 08:45:20,160", "level": "INFO", "module": "blockchain_api", "message": "Initialized Blockchain API for arbitrum using https://arb-mainnet.g.alchemy.com/v2/mock-api-key"}
{"timestamp": "2026-08-04 08:45:20,165", "level": "INFO", "module": "blockchain_api", "message": "Initialized Blockchain API for arbitrum using https://arb-mainnet.g.alchemy.com/v2/mock-api-key"}
{"timestamp": "2026-08-04 08:45:20,233", "level": "WARNING", "module": "stream_listener", "message": "⚠️ ALERT GENERATED: 0x7A5D8F3A22904838493028304920492039203920 on arbitrum scored 69 (HIGH)"}
{"timestamp": "2026-08-04 08:45:23,401", "level": "INFO", "module": "stream_listener", "message": "Ingested live transaction for 0xdeadbeefdeadbeefdeadbeefdeadbeefdead0000 on ethereum"}
{"timestamp": "2026-08-04 08:45:23,402", "level": "INFO", "module": "feature_engineering", "message": "Generating features for 0xdeadbeefdeadbeefdeadbeefdeadbeefdead0000 on chain ethereum..."}
{"timestamp": "2026-08-04 08:45:23,402", "level": "INFO", "module": "blockchain_api", "message": "Initialized Blockchain API for ethereum using https://eth-mainnet.g.alchemy.com/v2/mock-api-key"}
{"timestamp": "2026-08-04 08:45:23,407", "level": "INFO", "module": "blockchain_api", "message": "Initialized Blockchain API for ethereum using https://eth-mainnet.g.alchemy.com/v2/mock-api-key"}
{"timestamp": "2026-08-04 08:45:23,450", "level": "WARNING", "module": "stream_listener", "message": "⚠️ ALERT GENERATED: 0xdeadbeefdeadbeefdeadbeefdeadbeefdead0000 on ethereum scored 45 (MEDIUM)"}
{"timestamp": "2026-08-04 08:45:28,655", "level": "INFO", "module": "stream_listener", "message": "Ingested live transaction for 0x0000000000000000000000000000000000000bad on arbitrum"}
{"timestamp": "2026-08-04 08:45:28,656", "level": "INFO", "module": "feature_engineering", "message": "Generating features for 0x0000000000000000000000000000000000000bad on chain arbitrum..."}
{"timestamp": "2026-08-04 08:45:28,656", "level": "INFO", "module": "blockchain_api", "message": "Initialized Blockchain API for arbitrum using https://arb-mainnet.g.alchemy.com/v2/mock-api-key"}
{"timestamp": "2026-08-04 08:45:28,661", "level": "INFO", "module": "blockchain_api", "message": "Initialized Blockchain API for arbitrum using https://arb-mainnet.g.alchemy.com/v2/mock-api-key"}
{"timestamp": "2026-08-04 08:45:28,714", "level": "WARNING", "module": "stream_listener", "message": "⚠️ ALERT GENERATED: 0x0000000000000000000000000000000000000bad on arbitrum scored 74 (HIGH)"}
{"timestamp": "2026-08-04 08:45:35,444", "level": "INFO", "module": "stream_listener", "message": "Ingested live transaction for 0x71c7656ec7ab88b098defb751b7401b5f6d8976f on polygon"}
{"timestamp": "2026-08-04 08:45:35,444", "level": "INFO", "module": "feature_engineering", "message": "Generating features for 0x71c7656ec7ab88b098defb751b7401b5f6d8976f on chain polygon..."}
{"timestamp": "2026-08-04 08:45:35,444", "level": "INFO", "module": "blockchain_api", "message": "Initialized Blockchain API for polygon using https://polygon-mainnet.g.alchemy.com/v2/mock-api-key"}
{"timestamp": "2026-08-04 08:45:35,450", "level": "INFO", "module": "blockchain_api", "message": "Initialized Blockchain API for polygon using https://polygon-mainnet.g.alchemy.com/v2/mock-api-key"}
{"timestamp": "2026-08-04 08:45:35,487", "level": "WARNING", "module": "stream_listener", "message": "⚠️ ALERT GENERATED: 0x71c7656ec7ab88b098defb751b7401b5f6d8976f on polygon scored 69 (HIGH)"}
{"timestamp": "2026-08-04 08:45:38,924", "level": "INFO", "module": "stream_listener", "message": "Ingested live transaction for 0x0000000000000000000000000000000000000bad on arbitrum"}
{"timestamp": "2026-08-04 08:45:38,924", "level": "INFO", "module": "feature_engineering", "message": "Generating features for 0x0000000000000000000000000000000000000bad on chain arbitrum..."}
{"timestamp": "2026-08-04 08:45:38,924", "level": "INFO", "module": "blockchain_api", "message": "Initialized Blockchain API for arbitrum using https://arb-mainnet.g.alchemy.com/v2/mock-api-key"}
{"timestamp": "2026-08-04 08:45:38,927", "level": "INFO", "module": "blockchain_api", "message": "Initialized Blockchain API for arbitrum using https://arb-mainnet.g.alchemy.com/v2/mock-api-key"}
{"timestamp": "2026-08-04 08:45:38,965", "level": "WARNING", "module": "stream_listener", "message": "⚠️ ALERT GENERATED: 0x0000000000000000000000000000000000000bad on arbitrum scored 74 (HIGH)"}
{"timestamp": "2026-08-04 08:45:42,908", "level": "INFO", "module": "stream_listener", "message": "Ingested live transaction for 0xdd2fd4581271e230360230f9337d5c0430bf44c0 on polygon"}
{"timestamp": "2026-08-04 08:45:42,908", "level": "INFO", "module": "feature_engineering", "message": "Generating features for 0xdd2fd4581271e230360230f9337d5c0430bf44c0 on chain polygon..."}
{"timestamp": "2026-08-04 08:45:42,908", "level": "INFO", "module": "blockchain_api", "message": "Initialized Blockchain API for polygon using https://polygon-mainnet.g.alchemy.com/v2/mock-api-key"}
{"timestamp": "2026-08-04 08:45:42,913", "level": "INFO", "module": "blockchain_api", "message": "Initialized Blockchain API for polygon using https://polygon-mainnet.g.alchemy.com/v2/mock-api-key"}
{"timestamp": "2026-08-04 08:45:42,981", "level": "WARNING", "module": "stream_listener", "message": "⚠️ ALERT GENERATED: 0xdd2fd4581271e230360230f9337d5c0430bf44c0 on polygon scored 66 (HIGH)"}
{"timestamp": "2026-08-04 08:45:48,777", "level": "INFO", "module": "stream_listener", "message": "Ingested live transaction for 0x71c7656ec7ab88b098defb751b7401b5f6d8976f on arbitrum"}
{"timestamp": "2026-08-04 08:45:48,777", "level": "INFO", "module": "feature_engineering", "message": "Generating features for 0x71c7656ec7ab88b098defb751b7401b5f6d8976f on chain arbitrum..."}
{"timestamp": "2026-08-04 08:45:48,777", "level": "INFO", "module": "blockchain_api", "message": "Initialized Blockchain API for arbitrum using https://arb-mainnet.g.alchemy.com/v2/mock-api-key"}
{"timestamp": "2026-08-04 08:45:48,782", "level": "INFO", "module": "blockchain_api", "message": "Initialized Blockchain API for arbitrum using https://arb-mainnet.g.alchemy.com/v2/mock-api-key"}
{"timestamp": "2026-08-04 08:45:48,819", "level": "WARNING", "module": "stream_listener", "message": "⚠️ ALERT GENERATED: 0x71c7656ec7ab88b098defb751b7401b5f6d8976f on arbitrum scored 69 (HIGH)"}
{"timestamp": "2026-08-04 08:45:52,724", "level": "INFO", "module": "stream_listener", "message": "Ingested live transaction for 0x1f9840a85d5af5bf1d1762f925bdaddc4201f984 on ethereum"}
{"timestamp": "2026-08-04 08:45:52,725", "level": "INFO", "module": "feature_engineering", "message": "Generating features for 0x1f9840a85d5af5bf1d1762f925bdaddc4201f984 on chain ethereum..."}
{"timestamp": "2026-08-04 08:45:52,725", "level": "INFO", "module": "blockchain_api", "message": "Initialized Blockchain API for ethereum using https://eth-mainnet.g.alchemy.com/v2/mock-api-key"}
{"timestamp": "2026-08-04 08:45:52,728", "level": "INFO", "module": "blockchain_api", "message": "Initialized Blockchain API for ethereum using https://eth-mainnet.g.alchemy.com/v2/mock-api-key"}
{"timestamp": "2026-08-04 08:45:52,764", "level": "WARNING", "module": "stream_listener", "message": "⚠️ ALERT GENERATED: 0x1f9840a85d5af5bf1d1762f925bdaddc4201f984 on ethereum scored 67 (HIGH)"}
{"timestamp": "2026-08-04 08:45:59,119", "level": "INFO", "module": "stream_listener", "message": "Ingested live transaction for 0x1f9840a85d5af5bf1d1762f925bdaddc4201f984 on ethereum"}
{"timestamp": "2026-08-04 08:45:59,119", "level": "INFO", "module": "feature_engineering", "message": "Generating features for 0x1f9840a85d5af5bf1d1762f925bdaddc4201f984 on chain ethereum..."}
{"timestamp": "2026-08-04 08:45:59,120", "level": "INFO", "module": "blockchain_api", "message": "Initialized Blockchain API for ethereum using https://eth-mainnet.g.alchemy.com/v2/mock-api-key"}
{"timestamp": "2026-08-04 08:45:59,124", "level": "INFO", "module": "blockchain_api", "message": "Initialized Blockchain API for ethereum using https://eth-mainnet.g.alchemy.com/v2/mock-api-key"}
{"timestamp": "2026-08-04 08:45:59,162", "level": "WARNING", "module": "stream_listener", "message": "⚠️ ALERT GENERATED: 0x1f9840a85d5af5bf1d1762f925bdaddc4201f984 on ethereum scored 67 (HIGH)"}
{"timestamp": "2026-08-04 08:46:04,445", "level": "INFO", "module": "stream_listener", "message": "Ingested live transaction for 0x7A5D8F3A22904838493028304920492039203920 on arbitrum"}
{"timestamp": "2026-08-04 08:46:04,445", "level": "INFO", "module": "feature_engineering", "message": "Generating features for 0x7A5D8F3A22904838493028304920492039203920 on chain arbitrum..."}
{"timestamp": "2026-08-04 08:46:04,445", "level": "INFO", "module": "blockchain_api", "message": "Initialized Blockchain API for arbitrum using https://arb-mainnet.g.alchemy.com/v2/mock-api-key"}
{"timestamp": "2026-08-04 08:46:04,449", "level": "INFO", "module": "blockchain_api", "message": "Initialized Blockchain API for arbitrum using https://arb-mainnet.g.alchemy.com/v2/mock-api-key"}
{"timestamp": "2026-08-04 08:46:04,486", "level": "WARNING", "module": "stream_listener", "message": "⚠️ ALERT GENERATED: 0x7A5D8F3A22904838493028304920492039203920 on arbitrum scored 69 (HIGH)"}
{"timestamp": "2026-08-04 08:46:07,860", "level": "INFO", "module": "stream_listener", "message": "Ingested live transaction for 0x7A5D8F3A22904838493028304920492039203920 on ethereum"}
{"timestamp": "2026-08-04 08:46:07,861", "level": "INFO", "module": "feature_engineering", "message": "Generating features for 0x7A5D8F3A22904838493028304920492039203920 on chain ethereum..."}
{"timestamp": "2026-08-04 08:46:07,861", "level": "INFO", "module": "blockchain_api", "message": "Initialized Blockchain API for ethereum using https://eth-mainnet.g.alchemy.com/v2/mock-api-key"}
{"timestamp": "2026-08-04 08:46:07,866", "level": "INFO", "module": "blockchain_api", "message": "Initialized Blockchain API for ethereum using https://eth-mainnet.g.alchemy.com/v2/mock-api-key"}
{"timestamp": "2026-08-04 08:46:07,903", "level": "WARNING", "module": "stream_listener", "message": "⚠️ ALERT GENERATED: 0x7A5D8F3A22904838493028304920492039203920 on ethereum scored 69 (HIGH)"}
{"timestamp": "2026-08-04 08:46:11,404", "level": "INFO", "module": "stream_listener", "message": "Ingested live transaction for 0x8626f6940e2eb28930efb4cef49b2d1f2c9c1199 on ethereum"}
{"timestamp": "2026-08-04 08:46:11,404", "level": "INFO", "module": "feature_engineering", "message": "Generating features for 0x8626f6940e2eb28930efb4cef49b2d1f2c9c1199 on chain ethereum..."}
{"timestamp": "2026-08-04 08:46:11,404", "level": "INFO", "module": "blockchain_api", "message": "Initialized Blockchain API for ethereum using https://eth-mainnet.g.alchemy.com/v2/mock-api-key"}
{"timestamp": "2026-08-04 08:46:11,409", "level": "INFO", "module": "blockchain_api", "message": "Initialized Blockchain API for ethereum using https://eth-mainnet.g.alchemy.com/v2/mock-api-key"}
{"timestamp": "2026-08-04 08:46:11,450", "level": "WARNING", "module": "stream_listener", "message": "⚠️ ALERT GENERATED: 0x8626f6940e2eb28930efb4cef49b2d1f2c9c1199 on ethereum scored 69 (HIGH)"}
{"timestamp": "2026-08-04 08:46:16,949", "level": "INFO", "module": "stream_listener", "message": "Ingested live transaction for 0x1f9840a85d5af5bf1d1762f925bdaddc4201f984 on ethereum"}
{"timestamp": "2026-08-04 08:46:16,949", "level": "INFO", "module": "feature_engineering", "message": "Generating features for 0x1f9840a85d5af5bf1d1762f925bdaddc4201f984 on chain ethereum..."}
{"timestamp": "2026-08-04 08:46:16,950", "level": "INFO", "module": "blockchain_api", "message": "Initialized Blockchain API for ethereum using https://eth-mainnet.g.alchemy.com/v2/mock-api-key"}
{"timestamp": "2026-08-04 08:46:16,954", "level": "INFO", "module": "blockchain_api", "message": "Initialized Blockchain API for ethereum using https://eth-mainnet.g.alchemy.com/v2/mock-api-key"}
{"timestamp": "2026-08-04 08:46:16,992", "level": "WARNING", "module": "stream_listener", "message": "⚠️ ALERT GENERATED: 0x1f9840a85d5af5bf1d1762f925bdaddc4201f984 on ethereum scored 67 (HIGH)"}
{"timestamp": "2026-08-04 08:46:20,085", "level": "INFO", "module": "stream_listener", "message": "Ingested live transaction for 0x7A5D8F3A22904838493028304920492039203920 on arbitrum"}
{"timestamp": "2026-08-04 08:46:20,085", "level": "INFO", "module": "feature_engineering", "message": "Generating features for 0x7A5D8F3A22904838493028304920492039203920 on chain arbitrum..."}
{"timestamp": "2026-08-04 08:46:20,086", "level": "INFO", "module": "blockchain_api", "message": "Initialized Blockchain API for arbitrum using https://arb-mainnet.g.alchemy.com/v2/mock-api-key"}
{"timestamp": "2026-08-04 08:46:20,090", "level": "INFO", "module": "blockchain_api", "message": "Initialized Blockchain API for arbitrum using https://arb-mainnet.g.alchemy.com/v2/mock-api-key"}
{"timestamp": "2026-08-04 08:46:20,131", "level": "WARNING", "module": "stream_listener", "message": "⚠️ ALERT GENERATED: 0x7A5D8F3A22904838493028304920492039203920 on arbitrum scored 69 (HIGH)"}
{"timestamp": "2026-08-04 08:46:26,178", "level": "INFO", "module": "stream_listener", "message": "Ingested live transaction for 0x2546f6940e2eb28930efb4cef49b2d1f2c9c1188 on arbitrum"}
{"timestamp": "2026-08-04 08:46:26,178", "level": "INFO", "module": "feature_engineering", "message": "Generating features for 0x2546f6940e2eb28930efb4cef49b2d1f2c9c1188 on chain arbitrum..."}
{"timestamp": "2026-08-04 08:46:26,178", "level": "INFO", "module": "blockchain_api", "message": "Initialized Blockchain API for arbitrum using https://arb-mainnet.g.alchemy.com/v2/mock-api-key"}
{"timestamp": "2026-08-04 08:46:26,183", "level": "INFO", "module": "blockchain_api", "message": "Initialized Blockchain API for arbitrum using https://arb-mainnet.g.alchemy.com/v2/mock-api-key"}
{"timestamp": "2026-08-04 08:46:32,037", "level": "INFO", "module": "stream_listener", "message": "Ingested live transaction for 0x0000000000000000000000000000000000000bad on ethereum"}
{"timestamp": "2026-08-04 08:46:32,037", "level": "INFO", "module": "feature_engineering", "message": "Generating features for 0x0000000000000000000000000000000000000bad on chain ethereum..."}
{"timestamp": "2026-08-04 08:46:32,037", "level": "INFO", "module": "blockchain_api", "message": "Initialized Blockchain API for ethereum using https://eth-mainnet.g.alchemy.com/v2/mock-api-key"}
{"timestamp": "2026-08-04 08:46:32,042", "level": "INFO", "module": "blockchain_api", "message": "Initialized Blockchain API for ethereum using https://eth-mainnet.g.alchemy.com/v2/mock-api-key"}
{"timestamp": "2026-08-04 08:46:32,077", "level": "WARNING", "module": "stream_listener", "message": "⚠️ ALERT GENERATED: 0x0000000000000000000000000000000000000bad on ethereum scored 74 (HIGH)"}
{"timestamp": "2026-08-04 08:46:38,032", "level": "INFO", "module": "stream_listener", "message": "Ingested live transaction for 0xdd2fd4581271e230360230f9337d5c0430bf44c0 on polygon"}
{"timestamp": "2026-08-04 08:46:38,032", "level": "INFO", "module": "feature_engineering", "message": "Generating features for 0xdd2fd4581271e230360230f9337d5c0430bf44c0 on chain polygon..."}
{"timestamp": "2026-08-04 08:46:38,032", "level": "INFO", "module": "blockchain_api", "message": "Initialized Blockchain API for polygon using https://polygon-mainnet.g.alchemy.com/v2/mock-api-key"}
{"timestamp": "2026-08-04 08:46:38,037", "level": "INFO", "module": "blockchain_api", "message": "Initialized Blockchain API for polygon using https://polygon-mainnet.g.alchemy.com/v2/mock-api-key"}
{"timestamp": "2026-08-04 08:46:38,072", "level": "WARNING", "module": "stream_listener", "message": "⚠️ ALERT GENERATED: 0xdd2fd4581271e230360230f9337d5c0430bf44c0 on polygon scored 66 (HIGH)"}
{"timestamp": "2026-08-04 08:46:42,854", "level": "INFO", "module": "stream_listener", "message": "Ingested live transaction for 0x8626f6940e2eb28930efb4cef49b2d1f2c9c1199 on ethereum"}
{"timestamp": "2026-08-04 08:46:42,854", "level": "INFO", "module": "feature_engineering", "message": "Generating features for 0x8626f6940e2eb28930efb4cef49b2d1f2c9c1199 on chain ethereum..."}
{"timestamp": "2026-08-04 08:46:42,854", "level": "INFO", "module": "blockchain_api", "message": "Initialized Blockchain API for ethereum using https://eth-mainnet.g.alchemy.com/v2/mock-api-key"}
{"timestamp": "2026-08-04 08:46:42,860", "level": "INFO", "module": "blockchain_api", "message": "Initialized Blockchain API for ethereum using https://eth-mainnet.g.alchemy.com/v2/mock-api-key"}
{"timestamp": "2026-08-04 08:46:42,936", "level": "WARNING", "module": "stream_listener", "message": "⚠️ ALERT GENERATED: 0x8626f6940e2eb28930efb4cef49b2d1f2c9c1199 on ethereum scored 69 (HIGH)"}
{"timestamp": "2026-08-04 08:46:46,403", "level": "INFO", "module": "stream_listener", "message": "Ingested live transaction for 0x71c7656ec7ab88b098defb751b7401b5f6d8976f on bsc"}
{"timestamp": "2026-08-04 08:46:46,404", "level": "INFO", "module": "feature_engineering", "message": "Generating features for 0x71c7656ec7ab88b098defb751b7401b5f6d8976f on chain bsc..."}
{"timestamp": "2026-08-04 08:46:46,404", "level": "INFO", "module": "blockchain_api", "message": "Initialized Blockchain API for bsc using https://bsc-dataseed.binance.org"}
{"timestamp": "2026-08-04 08:46:46,409", "level": "INFO", "module": "blockchain_api", "message": "Initialized Blockchain API for bsc using https://bsc-dataseed.binance.org"}
{"timestamp": "2026-08-04 08:46:46,444", "level": "WARNING", "module": "stream_listener", "message": "⚠️ ALERT GENERATED: 0x71c7656ec7ab88b098defb751b7401b5f6d8976f on bsc scored 69 (HIGH)"}
{"timestamp": "2026-08-04 08:46:50,713", "level": "INFO", "module": "stream_listener", "message": "Ingested live transaction for 0x2546f6940e2eb28930efb4cef49b2d1f2c9c1188 on polygon"}
{"timestamp": "2026-08-04 08:46:50,713", "level": "INFO", "module": "feature_engineering", "message": "Generating features for 0x2546f6940e2eb28930efb4cef49b2d1f2c9c1188 on chain polygon..."}
{"timestamp": "2026-08-04 08:46:50,713", "level": "INFO", "module": "blockchain_api", "message": "Initialized Blockchain API for polygon using https://polygon-mainnet.g.alchemy.com/v2/mock-api-key"}
{"timestamp": "2026-08-04 08:46:50,719", "level": "INFO", "module": "blockchain_api", "message": "Initialized Blockchain API for polygon using https://polygon-mainnet.g.alchemy.com/v2/mock-api-key"}
{"timestamp": "2026-08-04 08:46:54,218", "level": "INFO", "module": "stream_listener", "message": "Ingested live transaction for 0x71c7656ec7ab88b098defb751b7401b5f6d8976f on bsc"}
{"timestamp": "2026-08-04 08:46:54,219", "level": "INFO", "module": "feature_engineering", "message": "Generating features for 0x71c7656ec7ab88b098defb751b7401b5f6d8976f on chain bsc..."}
{"timestamp": "2026-08-04 08:46:54,219", "level": "INFO", "module": "blockchain_api", "message": "Initialized Blockchain API for bsc using https://bsc-dataseed.binance.org"}
{"timestamp": "2026-08-04 08:46:54,224", "level": "INFO", "module": "blockchain_api", "message": "Initialized Blockchain API for bsc using https://bsc-dataseed.binance.org"}
{"timestamp": "2026-08-04 08:46:54,259", "level": "WARNING", "module": "stream_listener", "message": "⚠️ ALERT GENERATED: 0x71c7656ec7ab88b098defb751b7401b5f6d8976f on bsc scored 69 (HIGH)"}
{"timestamp": "2026-08-04 08:46:57,700", "level": "INFO", "module": "stream_listener", "message": "Ingested live transaction for 0x0000000000000000000000000000000000000bad on ethereum"}
{"timestamp": "2026-08-04 08:46:57,700", "level": "INFO", "module": "feature_engineering", "message": "Generating features for 0x0000000000000000000000000000000000000bad on chain ethereum..."}
{"timestamp": "2026-08-04 08:46:57,701", "level": "INFO", "module": "blockchain_api", "message": "Initialized Blockchain API for ethereum using https://eth-mainnet.g.alchemy.com/v2/mock-api-key"}
{"timestamp": "2026-08-04 08:46:57,705", "level": "INFO", "module": "blockchain_api", "message": "Initialized Blockchain API for ethereum using https://eth-mainnet.g.alchemy.com/v2/mock-api-key"}
{"timestamp": "2026-08-04 08:46:57,749", "level": "WARNING", "module": "stream_listener", "message": "⚠️ ALERT GENERATED: 0x0000000000000000000000000000000000000bad on ethereum scored 74 (HIGH)"}
{"timestamp": "2026-08-04 08:47:01,970", "level": "INFO", "module": "stream_listener", "message": "Ingested live transaction for 0x7A5D8F3A22904838493028304920492039203920 on ethereum"}
{"timestamp": "2026-08-04 08:47:01,970", "level": "INFO", "module": "feature_engineering", "message": "Generating features for 0x7A5D8F3A22904838493028304920492039203920 on chain ethereum..."}
{"timestamp": "2026-08-04 08:47:01,971", "level": "INFO", "module": "blockchain_api", "message": "Initialized Blockchain API for ethereum using https://eth-mainnet.g.alchemy.com/v2/mock-api-key"}
{"timestamp": "2026-08-04 08:47:01,975", "level": "INFO", "module": "blockchain_api", "message": "Initialized Blockchain API for ethereum using https://eth-mainnet.g.alchemy.com/v2/mock-api-key"}
{"timestamp": "2026-08-04 08:47:02,013", "level": "WARNING", "module": "stream_listener", "message": "⚠️ ALERT GENERATED: 0x7A5D8F3A22904838493028304920492039203920 on ethereum scored 69 (HIGH)"}
{"timestamp": "2026-08-04 08:47:05,037", "level": "INFO", "module": "stream_listener", "message": "Ingested live transaction for 0x8626f6940e2eb28930efb4cef49b2d1f2c9c1199 on bsc"}
{"timestamp": "2026-08-04 08:47:05,037", "level": "INFO", "module": "feature_engineering", "message": "Generating features for 0x8626f6940e2eb28930efb4cef49b2d1f2c9c1199 on chain bsc..."}
{"timestamp": "2026-08-04 08:47:05,037", "level": "INFO", "module": "blockchain_api", "message": "Initialized Blockchain API for bsc using https://bsc-dataseed.binance.org"}
{"timestamp": "2026-08-04 08:47:05,041", "level": "INFO", "module": "blockchain_api", "message": "Initialized Blockchain API for bsc using https://bsc-dataseed.binance.org"}
{"timestamp": "2026-08-04 08:47:05,088", "level": "WARNING", "module": "stream_listener", "message": "⚠️ ALERT GENERATED: 0x8626f6940e2eb28930efb4cef49b2d1f2c9c1199 on bsc scored 69 (HIGH)"}
{"timestamp": "2026-08-04 08:47:09,884", "level": "INFO", "module": "stream_listener", "message": "Ingested live transaction for 0xbadc0de1f111e111222333444555666777888999 on arbitrum"}
{"timestamp": "2026-08-04 08:47:09,884", "level": "INFO", "module": "feature_engineering", "message": "Generating features for 0xbadc0de1f111e111222333444555666777888999 on chain arbitrum..."}
{"timestamp": "2026-08-04 08:47:09,884", "level": "INFO", "module": "blockchain_api", "message": "Initialized Blockchain API for arbitrum using https://arb-mainnet.g.alchemy.com/v2/mock-api-key"}
{"timestamp": "2026-08-04 08:47:09,890", "level": "INFO", "module": "blockchain_api", "message": "Initialized Blockchain API for arbitrum using https://arb-mainnet.g.alchemy.com/v2/mock-api-key"}
{"timestamp": "2026-08-04 08:47:09,927", "level": "WARNING", "module": "stream_listener", "message": "⚠️ ALERT GENERATED: 0xbadc0de1f111e111222333444555666777888999 on arbitrum scored 80 (HIGH)"}
{"timestamp": "2026-08-04 08:47:13,094", "level": "INFO", "module": "stream_listener", "message": "Ingested live transaction for 0x71c7656ec7ab88b098defb751b7401b5f6d8976f on arbitrum"}
{"timestamp": "2026-08-04 08:47:13,094", "level": "INFO", "module": "feature_engineering", "message": "Generating features for 0x71c7656ec7ab88b098defb751b7401b5f6d8976f on chain arbitrum..."}
{"timestamp": "2026-08-04 08:47:13,095", "level": "INFO", "module": "blockchain_api", "message": "Initialized Blockchain API for arbitrum using https://arb-mainnet.g.alchemy.com/v2/mock-api-key"}
{"timestamp": "2026-08-04 08:47:13,100", "level": "INFO", "module": "blockchain_api", "message": "Initialized Blockchain API for arbitrum using https://arb-mainnet.g.alchemy.com/v2/mock-api-key"}
{"timestamp": "2026-08-04 08:47:13,141", "level": "WARNING", "module": "stream_listener", "message": "⚠️ ALERT GENERATED: 0x71c7656ec7ab88b098defb751b7401b5f6d8976f on arbitrum scored 69 (HIGH)"}
{"timestamp": "2026-08-04 08:47:16,289", "level": "INFO", "module": "stream_listener", "message": "Ingested live transaction for 0xbadc0de1f111e111222333444555666777888999 on ethereum"}
{"timestamp": "2026-08-04 08:47:16,290", "level": "INFO", "module": "feature_engineering", "message": "Generating features for 0xbadc0de1f111e111222333444555666777888999 on chain ethereum..."}
{"timestamp": "2026-08-04 08:47:16,290", "level": "INFO", "module": "blockchain_api", "message": "Initialized Blockchain API for ethereum using https://eth-mainnet.g.alchemy.com/v2/mock-api-key"}
{"timestamp": "2026-08-04 08:47:16,293", "level": "INFO", "module": "blockchain_api", "message": "Initialized Blockchain API for ethereum using https://eth-mainnet.g.alchemy.com/v2/mock-api-key"}
{"timestamp": "2026-08-04 08:47:16,338", "level": "WARNING", "module": "stream_listener", "message": "⚠️ ALERT GENERATED: 0xbadc0de1f111e111222333444555666777888999 on ethereum scored 80 (HIGH)"}
{"timestamp": "2026-08-04 08:47:22,454", "level": "INFO", "module": "stream_listener", "message": "Ingested live transaction for 0xdeadbeefdeadbeefdeadbeefdeadbeefdead0000 on ethereum"}
{"timestamp": "2026-08-04 08:47:22,454", "level": "INFO", "module": "feature_engineering", "message": "Generating features for 0xdeadbeefdeadbeefdeadbeefdeadbeefdead0000 on chain ethereum..."}
{"timestamp": "2026-08-04 08:47:22,454", "level": "INFO", "module": "blockchain_api", "message": "Initialized Blockchain API for ethereum using https://eth-mainnet.g.alchemy.com/v2/mock-api-key"}
{"timestamp": "2026-08-04 08:47:22,459", "level": "INFO", "module": "blockchain_api", "message": "Initialized Blockchain API for ethereum using https://eth-mainnet.g.alchemy.com/v2/mock-api-key"}
{"timestamp": "2026-08-04 08:47:22,544", "level": "WARNING", "module": "stream_listener", "message": "⚠️ ALERT GENERATED: 0xdeadbeefdeadbeefdeadbeefdeadbeefdead0000 on ethereum scored 45 (MEDIUM)"}
{"timestamp": "2026-08-04 08:47:28,043", "level": "INFO", "module": "stream_listener", "message": "Ingested live transaction for 0x7A5D8F3A22904838493028304920492039203920 on arbitrum"}
{"timestamp": "2026-08-04 08:47:28,043", "level": "INFO", "module": "feature_engineering", "message": "Generating features for 0x7A5D8F3A22904838493028304920492039203920 on chain arbitrum..."}
{"timestamp": "2026-08-04 08:47:28,043", "level": "INFO", "module": "blockchain_api", "message": "Initialized Blockchain API for arbitrum using https://arb-mainnet.g.alchemy.com/v2/mock-api-key"}
{"timestamp": "2026-08-04 08:47:28,048", "level": "INFO", "module": "blockchain_api", "message": "Initialized Blockchain API for arbitrum using https://arb-mainnet.g.alchemy.com/v2/mock-api-key"}
{"timestamp": "2026-08-04 08:47:28,085", "level": "WARNING", "module": "stream_listener", "message": "⚠️ ALERT GENERATED: 0x7A5D8F3A22904838493028304920492039203920 on arbitrum scored 69 (HIGH)"}
{"timestamp": "2026-08-11 01:01:05,812", "level": "INFO", "module": "feature_engineering", "message": "Generating features for 0x7A5D8F3A22904838493028304920492039203920 on chain ethereum..."}
{"timestamp": "2026-08-11 01:01:05,853", "level": "INFO", "module": "blockchain_api", "message": "[BlockchainAPIAdapter] Initialized for 'ethereum'"}
{"timestamp": "2026-08-11 01:01:06,949", "level": "INFO", "module": "feature_engineering", "message": "Generating features for 0x7A5D8F3A22904838493028304920492039203920 on chain ethereum..."}
{"timestamp": "2026-08-11 01:01:06,950", "level": "INFO", "module": "blockchain_api", "message": "[BlockchainAPIAdapter] Initialized for 'ethereum'"}
{"timestamp": "2026-08-11 01:01:12,678", "level": "WARNING", "module": "market_apis", "message": "[MarketAPI] Cache miss + error for cg_price_ethereum_0xa0b86991c6218b36c1d19d4a2e9eb0ce3606eb48: 429 Client Error: Too Many Requests for url: https://api.coingecko.com/api/v3/simple/token_price/ethereum?contract_addresses=0xa0b86991c6218b36c1d19d4a2e9eb0ce3606eb48&vs_currencies=usd"}
{"timestamp": "2026-08-11 01:01:12,751", "level": "WARNING", "module": "market_apis", "message": "[MarketAPI] Cache miss + error for cg_price_ethereum_0xa0b86991c6218b36c1d19d4a2e9eb0ce3606eb48: 429 Client Error: Too Many Requests for url: https://api.coingecko.com/api/v3/simple/token_price/ethereum?contract_addresses=0xa0b86991c6218b36c1d19d4a2e9eb0ce3606eb48&vs_currencies=usd"}
{"timestamp": "2026-08-11 01:01:13,304", "level": "INFO", "module": "stream_listener", "message": "Starting real-time streaming pipeline..."}
{"timestamp": "2026-08-11 01:01:13,305", "level": "INFO", "module": "stream_listener", "message": "Ingested live transaction for 0xdeadbeefdeadbeefdeadbeefdeadbeefdead0000 on ethereum"}
{"timestamp": "2026-08-11 01:01:13,306", "level": "INFO", "module": "feature_engineering", "message": "Generating features for 0xdeadbeefdeadbeefdeadbeefdeadbeefdead0000 on chain ethereum..."}
{"timestamp": "2026-08-11 01:01:13,306", "level": "INFO", "module": "blockchain_api", "message": "[BlockchainAPIAdapter] Initialized for 'ethereum'"}
{"timestamp": "2026-08-11 01:01:13,596", "level": "WARNING", "module": "market_apis", "message": "[MarketAPI] Cache miss + error for cg_meta_ethereum_0xdac17f958d2ee523a2206206994597c13d831ec7: 429 Client Error: Too Many Requests for url: https://api.coingecko.com/api/v3/coins/ethereum/contract/0xdac17f958d2ee523a2206206994597c13d831ec7"}
{"timestamp": "2026-08-11 01:01:13,798", "level": "WARNING", "module": "market_apis", "message": "[MarketAPI] Cache miss + error for cg_meta_ethereum_0xdac17f958d2ee523a2206206994597c13d831ec7: 429 Client Error: Too Many Requests for url: https://api.coingecko.com/api/v3/coins/ethereum/contract/0xdac17f958d2ee523a2206206994597c13d831ec7"}
{"timestamp": "2026-08-11 01:01:14,272", "level": "INFO", "module": "feature_engineering", "message": "Generating features for 0x7A5D8F3A22904838493028304920492039203920 on chain ethereum..."}
{"timestamp": "2026-08-11 01:01:14,273", "level": "INFO", "module": "blockchain_api", "message": "[BlockchainAPIAdapter] Initialized for 'ethereum'"}
{"timestamp": "2026-08-11 01:01:14,425", "level": "WARNING", "module": "market_apis", "message": "[MarketAPI] Cache miss + error for cg_price_ethereum_0xa0b86991c6218b36c1d19d4a2e9eb0ce3606eb48: 429 Client Error: Too Many Requests for url: https://api.coingecko.com/api/v3/simple/token_price/ethereum?contract_addresses=0xa0b86991c6218b36c1d19d4a2e9eb0ce3606eb48&vs_currencies=usd"}
{"timestamp": "2026-08-11 01:01:14,550", "level": "WARNING", "module": "market_apis", "message": "[MarketAPI] Cache miss + error for cg_price_ethereum_0xdac17f958d2ee523a2206206994597c13d831ec7: 429 Client Error: Too Many Requests for url: https://api.coingecko.com/api/v3/simple/token_price/ethereum?contract_addresses=0xdac17f958d2ee523a2206206994597c13d831ec7&vs_currencies=usd"}
{"timestamp": "2026-08-11 01:01:14,821", "level": "WARNING", "module": "market_apis", "message": "[MarketAPI] Cache miss + error for cg_price_ethereum_0xdac17f958d2ee523a2206206994597c13d831ec7: 429 Client Error: Too Many Requests for url: https://api.coingecko.com/api/v3/simple/token_price/ethereum?contract_addresses=0xdac17f958d2ee523a2206206994597c13d831ec7&vs_currencies=usd"}
{"timestamp": "2026-08-11 01:01:15,547", "level": "WARNING", "module": "market_apis", "message": "[MarketAPI] Cache miss + error for cg_price_ethereum_0xa0b86991c6218b36c1d19d4a2e9eb0ce3606eb48: 429 Client Error: Too Many Requests for url: https://api.coingecko.com/api/v3/simple/token_price/ethereum?contract_addresses=0xa0b86991c6218b36c1d19d4a2e9eb0ce3606eb48&vs_currencies=usd"}
{"timestamp": "2026-08-11 01:01:15,655", "level": "WARNING", "module": "market_apis", "message": "[MarketAPI] Cache miss + error for cg_price_ethereum_0xa0b86991c6218b36c1d19d4a2e9eb0ce3606eb48: 429 Client Error: Too Many Requests for url: https://api.coingecko.com/api/v3/simple/token_price/ethereum?contract_addresses=0xa0b86991c6218b36c1d19d4a2e9eb0ce3606eb48&vs_currencies=usd"}
{"timestamp": "2026-08-11 01:01:15,748", "level": "WARNING", "module": "market_apis", "message": "[MarketAPI] Cache miss + error for cg_meta_ethereum_0xbadc0de1f111e111222333444555666777888999: 429 Client Error: Too Many Requests for url: https://api.coingecko.com/api/v3/coins/ethereum/contract/0xbadc0de1f111e111222333444555666777888999"}
{"timestamp": "2026-08-11 01:01:16,357", "level": "WARNING", "module": "market_apis", "message": "[MarketAPI] Cache miss + error for cg_meta_ethereum_0xbadc0de1f111e111222333444555666777888999: 429 Client Error: Too Many Requests for url: https://api.coingecko.com/api/v3/coins/ethereum/contract/0xbadc0de1f111e111222333444555666777888999"}
{"timestamp": "2026-08-11 01:01:16,872", "level": "WARNING", "module": "market_apis", "message": "[MarketAPI] Cache miss + error for cg_meta_ethereum_0xdac17f958d2ee523a2206206994597c13d831ec7: 429 Client Error: Too Many Requests for url: https://api.coingecko.com/api/v3/coins/ethereum/contract/0xdac17f958d2ee523a2206206994597c13d831ec7"}
{"timestamp": "2026-08-11 01:01:16,984", "level": "WARNING", "module": "market_apis", "message": "[MarketAPI] Cache miss + error for cg_price_ethereum_0xbadc0de1f111e111222333444555666777888999: 429 Client Error: Too Many Requests for url: https://api.coingecko.com/api/v3/simple/token_price/ethereum?contract_addresses=0xbadc0de1f111e111222333444555666777888999&vs_currencies=usd"}
{"timestamp": "2026-08-11 01:01:16,985", "level": "WARNING", "module": "market_apis", "message": "[MarketAPI] Cache miss + error for cg_meta_ethereum_0xdac17f958d2ee523a2206206994597c13d831ec7: 429 Client Error: Too Many Requests for url: https://api.coingecko.com/api/v3/coins/ethereum/contract/0xdac17f958d2ee523a2206206994597c13d831ec7"}
{"timestamp": "2026-08-11 01:01:17,358", "level": "WARNING", "module": "market_apis", "message": "[MarketAPI] Cache miss + error for cg_price_ethereum_0xbadc0de1f111e111222333444555666777888999: 429 Client Error: Too Many Requests for url: https://api.coingecko.com/api/v3/simple/token_price/ethereum?contract_addresses=0xbadc0de1f111e111222333444555666777888999&vs_currencies=usd"}
{"timestamp": "2026-08-11 01:01:18,098", "level": "WARNING", "module": "market_apis", "message": "[MarketAPI] Cache miss + error for cg_price_ethereum_0xdac17f958d2ee523a2206206994597c13d831ec7: 429 Client Error: Too Many Requests for url: https://api.coingecko.com/api/v3/simple/token_price/ethereum?contract_addresses=0xdac17f958d2ee523a2206206994597c13d831ec7&vs_currencies=usd"}
{"timestamp": "2026-08-11 01:01:18,163", "level": "WARNING", "module": "market_apis", "message": "[MarketAPI] Cache miss + error for cg_meta_ethereum_0xc02aaa39b223fe8d0a0e5c4f27ead9083c756cc2: 429 Client Error: Too Many Requests for url: https://api.coingecko.com/api/v3/coins/ethereum/contract/0xc02aaa39b223fe8d0a0e5c4f27ead9083c756cc2"}
{"timestamp": "2026-08-11 01:01:18,166", "level": "WARNING", "module": "market_apis", "message": "[MarketAPI] Cache miss + error for cg_price_ethereum_0xdac17f958d2ee523a2206206994597c13d831ec7: 429 Client Error: Too Many Requests for url: https://api.coingecko.com/api/v3/simple/token_price/ethereum?contract_addresses=0xdac17f958d2ee523a2206206994597c13d831ec7&vs_currencies=usd"}
{"timestamp": "2026-08-11 01:01:18,240", "level": "INFO", "module": "blockchain_api", "message": "[BlockchainAPIAdapter] Initialized for 'ethereum'"}
{"timestamp": "2026-08-11 01:01:18,258", "level": "WARNING", "module": "stream_listener", "message": "⚠️ ALERT GENERATED: 0xdeadbeefdeadbeefdeadbeefdeadbeefdead0000 on ethereum scored 45 (MEDIUM)"}
{"timestamp": "2026-08-11 01:01:18,406", "level": "WARNING", "module": "market_apis", "message": "[MarketAPI] Cache miss + error for cg_meta_ethereum_0xc02aaa39b223fe8d0a0e5c4f27ead9083c756cc2: 429 Client Error: Too Many Requests for url: https://api.coingecko.com/api/v3/coins/ethereum/contract/0xc02aaa39b223fe8d0a0e5c4f27ead9083c756cc2"}
{"timestamp": "2026-08-11 01:01:19,261", "level": "WARNING", "module": "market_apis", "message": "[MarketAPI] Cache miss + error for cg_meta_ethereum_0xbadc0de1f111e111222333444555666777888999: 429 Client Error: Too Many Requests for url: https://api.coingecko.com/api/v3/coins/ethereum/contract/0xbadc0de1f111e111222333444555666777888999"}
{"timestamp": "2026-08-11 01:01:19,431", "level": "WARNING", "module": "market_apis", "message": "[MarketAPI] Cache miss + error for cg_price_ethereum_0xc02aaa39b223fe8d0a0e5c4f27ead9083c756cc2: 429 Client Error: Too Many Requests for url: https://api.coingecko.com/api/v3/simple/token_price/ethereum?contract_addresses=0xc02aaa39b223fe8d0a0e5c4f27ead9083c756cc2&vs_currencies=usd"}
{"timestamp": "2026-08-11 01:01:19,538", "level": "WARNING", "module": "market_apis", "message": "[MarketAPI] Cache miss + error for cg_price_ethereum_0xc02aaa39b223fe8d0a0e5c4f27ead9083c756cc2: 429 Client Error: Too Many Requests for url: https://api.coingecko.com/api/v3/simple/token_price/ethereum?contract_addresses=0xc02aaa39b223fe8d0a0e5c4f27ead9083c756cc2&vs_currencies=usd"}
{"timestamp": "2026-08-11 01:01:20,467", "level": "WARNING", "module": "market_apis", "message": "[MarketAPI] Cache miss + error for cg_price_ethereum_0xbadc0de1f111e111222333444555666777888999: 429 Client Error: Too Many Requests for url: https://api.coingecko.com/api/v3/simple/token_price/ethereum?contract_addresses=0xbadc0de1f111e111222333444555666777888999&vs_currencies=usd"}
{"timestamp": "2026-08-11 01:01:20,672", "level": "WARNING", "module": "market_apis", "message": "[MarketAPI] Cache miss + error for cg_price_ethereum_0xa0b86991c6218b36c1d19d4a2e9eb0ce3606eb48: 429 Client Error: Too Many Requests for url: https://api.coingecko.com/api/v3/simple/token_price/ethereum?contract_addresses=0xa0b86991c6218b36c1d19d4a2e9eb0ce3606eb48&vs_currencies=usd"}
{"timestamp": "2026-08-11 01:01:20,764", "level": "WARNING", "module": "market_apis", "message": "[MarketAPI] Cache miss + error for cg_price_ethereum_0xa0b86991c6218b36c1d19d4a2e9eb0ce3606eb48: 429 Client Error: Too Many Requests for url: https://api.coingecko.com/api/v3/simple/token_price/ethereum?contract_addresses=0xa0b86991c6218b36c1d19d4a2e9eb0ce3606eb48&vs_currencies=usd"}
{"timestamp": "2026-08-11 01:01:21,696", "level": "WARNING", "module": "market_apis", "message": "[MarketAPI] Cache miss + error for cg_meta_ethereum_0xc02aaa39b223fe8d0a0e5c4f27ead9083c756cc2: 429 Client Error: Too Many Requests for url: https://api.coingecko.com/api/v3/coins/ethereum/contract/0xc02aaa39b223fe8d0a0e5c4f27ead9083c756cc2"}
{"timestamp": "2026-08-11 01:01:21,789", "level": "WARNING", "module": "market_apis", "message": "[MarketAPI] Cache miss + error for cg_meta_ethereum_0xc02aaa39b223fe8d0a0e5c4f27ead9083c756cc2: 429 Client Error: Too Many Requests for url: https://api.coingecko.com/api/v3/coins/ethereum/contract/0xc02aaa39b223fe8d0a0e5c4f27ead9083c756cc2"}
{"timestamp": "2026-08-11 01:01:21,990", "level": "WARNING", "module": "market_apis", "message": "[MarketAPI] Cache miss + error for cg_meta_ethereum_0xc02aaa39b223fe8d0a0e5c4f27ead9083c756cc2: 429 Client Error: Too Many Requests for url: https://api.coingecko.com/api/v3/coins/ethereum/contract/0xc02aaa39b223fe8d0a0e5c4f27ead9083c756cc2"}
{"timestamp": "2026-08-11 01:01:22,697", "level": "WARNING", "module": "market_apis", "message": "[MarketAPI] Cache miss + error for cg_price_ethereum_0xc02aaa39b223fe8d0a0e5c4f27ead9083c756cc2: 429 Client Error: Too Many Requests for url: https://api.coingecko.com/api/v3/simple/token_price/ethereum?contract_addresses=0xc02aaa39b223fe8d0a0e5c4f27ead9083c756cc2&vs_currencies=usd"}
{"timestamp": "2026-08-11 01:01:22,922", "level": "WARNING", "module": "market_apis", "message": "[MarketAPI] Cache miss + error for cg_price_ethereum_0xc02aaa39b223fe8d0a0e5c4f27ead9083c756cc2: 429 Client Error: Too Many Requests for url: https://api.coingecko.com/api/v3/simple/token_price/ethereum?contract_addresses=0xc02aaa39b223fe8d0a0e5c4f27ead9083c756cc2&vs_currencies=usd"}
{"timestamp": "2026-08-11 01:01:23,015", "level": "WARNING", "module": "market_apis", "message": "[MarketAPI] Cache miss + error for cg_price_ethereum_0xc02aaa39b223fe8d0a0e5c4f27ead9083c756cc2: 429 Client Error: Too Many Requests for url: https://api.coingecko.com/api/v3/simple/token_price/ethereum?contract_addresses=0xc02aaa39b223fe8d0a0e5c4f27ead9083c756cc2&vs_currencies=usd"}
{"timestamp": "2026-08-11 01:01:23,471", "level": "INFO", "module": "stream_listener", "message": "Ingested live transaction for 0xdd2fd4581271e230360230f9337d5c0430bf44c0 on arbitrum"}
{"timestamp": "2026-08-11 01:01:23,471", "level": "INFO", "module": "feature_engineering", "message": "Generating features for 0xdd2fd4581271e230360230f9337d5c0430bf44c0 on chain arbitrum..."}
{"timestamp": "2026-08-11 01:01:23,472", "level": "INFO", "module": "blockchain_api", "message": "[BlockchainAPIAdapter] Initialized for 'arbitrum'"}
{"timestamp": "2026-08-11 01:01:23,732", "level": "WARNING", "module": "market_apis", "message": "[MarketAPI] Cache miss + error for cg_price_ethereum_0xa0b86991c6218b36c1d19d4a2e9eb0ce3606eb48: 429 Client Error: Too Many Requests for url: https://api.coingecko.com/api/v3/simple/token_price/ethereum?contract_addresses=0xa0b86991c6218b36c1d19d4a2e9eb0ce3606eb48&vs_currencies=usd"}
{"timestamp": "2026-08-11 01:01:24,046", "level": "WARNING", "module": "market_apis", "message": "[MarketAPI] Cache miss + error for cg_meta_ethereum_0xdac17f958d2ee523a2206206994597c13d831ec7: 429 Client Error: Too Many Requests for url: https://api.coingecko.com/api/v3/coins/ethereum/contract/0xdac17f958d2ee523a2206206994597c13d831ec7"}
{"timestamp": "2026-08-11 01:01:24,154", "level": "WARNING", "module": "market_apis", "message": "[MarketAPI] Cache miss + error for cg_meta_ethereum_0xdac17f958d2ee523a2206206994597c13d831ec7: 429 Client Error: Too Many Requests for url: https://api.coingecko.com/api/v3/coins/ethereum/contract/0xdac17f958d2ee523a2206206994597c13d831ec7"}
{"timestamp": "2026-08-11 01:01:24,668", "level": "WARNING", "module": "market_apis", "message": "[MarketAPI] Cache miss + error for cg_meta_arbitrum-one_0xdac17f958d2ee523a2206206994597c13d831ec7: 429 Client Error: Too Many Requests for url: https://api.coingecko.com/api/v3/coins/arbitrum-one/contract/0xdac17f958d2ee523a2206206994597c13d831ec7"}
{"timestamp": "2026-08-11 01:01:24,761", "level": "WARNING", "module": "market_apis", "message": "[MarketAPI] Cache miss + error for cg_meta_ethereum_0xc02aaa39b223fe8d0a0e5c4f27ead9083c756cc2: 429 Client Error: Too Many Requests for url: https://api.coingecko.com/api/v3/coins/ethereum/contract/0xc02aaa39b223fe8d0a0e5c4f27ead9083c756cc2"}
{"timestamp": "2026-08-11 01:01:25,141", "level": "WARNING", "module": "market_apis", "message": "[MarketAPI] Cache miss + error for cg_price_ethereum_0xdac17f958d2ee523a2206206994597c13d831ec7: 429 Client Error: Too Many Requests for url: https://api.coingecko.com/api/v3/simple/token_price/ethereum?contract_addresses=0xdac17f958d2ee523a2206206994597c13d831ec7&vs_currencies=usd"}
{"timestamp": "2026-08-11 01:01:25,369", "level": "WARNING", "module": "market_apis", "message": "[MarketAPI] Cache miss + error for cg_price_ethereum_0xdac17f958d2ee523a2206206994597c13d831ec7: 429 Client Error: Too Many Requests for url: https://api.coingecko.com/api/v3/simple/token_price/ethereum?contract_addresses=0xdac17f958d2ee523a2206206994597c13d831ec7&vs_currencies=usd"}
{"timestamp": "2026-08-11 01:01:25,769", "level": "WARNING", "module": "market_apis", "message": "[MarketAPI] Cache miss + error for cg_price_arbitrum-one_0xdac17f958d2ee523a2206206994597c13d831ec7: 429 Client Error: Too Many Requests for url: https://api.coingecko.com/api/v3/simple/token_price/arbitrum-one?contract_addresses=0xdac17f958d2ee523a2206206994597c13d831ec7&vs_currencies=usd"}
{"timestamp": "2026-08-11 01:01:25,984", "level": "WARNING", "module": "market_apis", "message": "[MarketAPI] Cache miss + error for cg_price_ethereum_0xc02aaa39b223fe8d0a0e5c4f27ead9083c756cc2: 429 Client Error: Too Many Requests for url: https://api.coingecko.com/api/v3/simple/token_price/ethereum?contract_addresses=0xc02aaa39b223fe8d0a0e5c4f27ead9083c756cc2&vs_currencies=usd"}
{"timestamp": "2026-08-11 01:01:26,291", "level": "WARNING", "module": "market_apis", "message": "[MarketAPI] Cache miss + error for cg_meta_ethereum_0xdac17f958d2ee523a2206206994597c13d831ec7: 429 Client Error: Too Many Requests for url: https://api.coingecko.com/api/v3/coins/ethereum/contract/0xdac17f958d2ee523a2206206994597c13d831ec7"}
{"timestamp": "2026-08-11 01:01:26,709", "level": "WARNING", "module": "market_apis", "message": "[MarketAPI] Cache miss + error for cg_meta_ethereum_0xdac17f958d2ee523a2206206994597c13d831ec7: 429 Client Error: Too Many Requests for url: https://api.coingecko.com/api/v3/coins/ethereum/contract/0xdac17f958d2ee523a2206206994597c13d831ec7"}
{"timestamp": "2026-08-11 01:01:26,961", "level": "WARNING", "module": "market_apis", "message": "[MarketAPI] Cache miss + error for cg_meta_arbitrum-one_0x6b175474e89094c44da98b954eedeac495271d0f: 429 Client Error: Too Many Requests for url: https://api.coingecko.com/api/v3/coins/arbitrum-one/contract/0x6b175474e89094c44da98b954eedeac495271d0f"}
{"timestamp": "2026-08-11 01:01:27,212", "level": "WARNING", "module": "market_apis", "message": "[MarketAPI] Cache miss + error for cg_meta_ethereum_0xdac17f958d2ee523a2206206994597c13d831ec7: 429 Client Error: Too Many Requests for url: https://api.coingecko.com/api/v3/coins/ethereum/contract/0xdac17f958d2ee523a2206206994597c13d831ec7"}
{"timestamp": "2026-08-11 01:01:27,316", "level": "WARNING", "module": "market_apis", "message": "[MarketAPI] Cache miss + error for cg_price_ethereum_0xdac17f958d2ee523a2206206994597c13d831ec7: 429 Client Error: Too Many Requests for url: https://api.coingecko.com/api/v3/simple/token_price/ethereum?contract_addresses=0xdac17f958d2ee523a2206206994597c13d831ec7&vs_currencies=usd"}
{"timestamp": "2026-08-11 01:01:28,172", "level": "WARNING", "module": "market_apis", "message": "[MarketAPI] Cache miss + error for cg_price_ethereum_0xdac17f958d2ee523a2206206994597c13d831ec7: 429 Client Error: Too Many Requests for url: https://api.coingecko.com/api/v3/simple/token_price/ethereum?contract_addresses=0xdac17f958d2ee523a2206206994597c13d831ec7&vs_currencies=usd"}
{"timestamp": "2026-08-11 01:01:28,246", "level": "WARNING", "module": "market_apis", "message": "[MarketAPI] Cache miss + error for cg_price_arbitrum-one_0x6b175474e89094c44da98b954eedeac495271d0f: 429 Client Error: Too Many Requests for url: https://api.coingecko.com/api/v3/simple/token_price/arbitrum-one?contract_addresses=0x6b175474e89094c44da98b954eedeac495271d0f&vs_currencies=usd"}
{"timestamp": "2026-08-11 01:01:28,303", "level": "WARNING", "module": "market_apis", "message": "[MarketAPI] Cache miss + error for cg_price_ethereum_0xdac17f958d2ee523a2206206994597c13d831ec7: 429 Client Error: Too Many Requests for url: https://api.coingecko.com/api/v3/simple/token_price/ethereum?contract_addresses=0xdac17f958d2ee523a2206206994597c13d831ec7&vs_currencies=usd"}
{"timestamp": "2026-08-11 01:01:28,442", "level": "WARNING", "module": "market_apis", "message": "[MarketAPI] Cache miss + error for cg_meta_ethereum_0xc02aaa39b223fe8d0a0e5c4f27ead9083c756cc2: 429 Client Error: Too Many Requests for url: https://api.coingecko.com/api/v3/coins/ethereum/contract/0xc02aaa39b223fe8d0a0e5c4f27ead9083c756cc2"}
{"timestamp": "2026-08-11 01:01:29,369", "level": "WARNING", "module": "market_apis", "message": "[MarketAPI] Cache miss + error for cg_meta_ethereum_0xc02aaa39b223fe8d0a0e5c4f27ead9083c756cc2: 429 Client Error: Too Many Requests for url: https://api.coingecko.com/api/v3/coins/ethereum/contract/0xc02aaa39b223fe8d0a0e5c4f27ead9083c756cc2"}
{"timestamp": "2026-08-11 01:01:29,433", "level": "WARNING", "module": "market_apis", "message": "[MarketAPI] Cache miss + error for cg_meta_arbitrum-one_0xbadc0de1f111e111222333444555666777888999: 429 Client Error: Too Many Requests for url: https://api.coingecko.com/api/v3/coins/arbitrum-one/contract/0xbadc0de1f111e111222333444555666777888999"}
{"timestamp": "2026-08-11 01:01:29,567", "level": "WARNING", "module": "market_apis", "message": "[MarketAPI] Cache miss + error for cg_meta_ethereum_0xdac17f958d2ee523a2206206994597c13d831ec7: 429 Client Error: Too Many Requests for url: https://api.coingecko.com/api/v3/coins/ethereum/contract/0xdac17f958d2ee523a2206206994597c13d831ec7"}
{"timestamp": "2026-08-11 01:01:29,670", "level": "WARNING", "module": "market_apis", "message": "[MarketAPI] Cache miss + error for cg_price_ethereum_0xc02aaa39b223fe8d0a0e5c4f27ead9083c756cc2: 429 Client Error: Too Many Requests for url: https://api.coingecko.com/api/v3/simple/token_price/ethereum?contract_addresses=0xc02aaa39b223fe8d0a0e5c4f27ead9083c756cc2&vs_currencies=usd"}
{"timestamp": "2026-08-11 01:01:30,487", "level": "WARNING", "module": "market_apis", "message": "[MarketAPI] Cache miss + error for cg_price_ethereum_0xc02aaa39b223fe8d0a0e5c4f27ead9083c756cc2: 429 Client Error: Too Many Requests for url: https://api.coingecko.com/api/v3/simple/token_price/ethereum?contract_addresses=0xc02aaa39b223fe8d0a0e5c4f27ead9083c756cc2&vs_currencies=usd"}
{"timestamp": "2026-08-11 01:01:30,627", "level": "WARNING", "module": "market_apis", "message": "[MarketAPI] Cache miss + error for cg_price_arbitrum-one_0xbadc0de1f111e111222333444555666777888999: 429 Client Error: Too Many Requests for url: https://api.coingecko.com/api/v3/simple/token_price/arbitrum-one?contract_addresses=0xbadc0de1f111e111222333444555666777888999&vs_currencies=usd"}
{"timestamp": "2026-08-11 01:01:30,706", "level": "WARNING", "module": "market_apis", "message": "[MarketAPI] Cache miss + error for cg_price_ethereum_0xdac17f958d2ee523a2206206994597c13d831ec7: 429 Client Error: Too Many Requests for url: https://api.coingecko.com/api/v3/simple/token_price/ethereum?contract_addresses=0xdac17f958d2ee523a2206206994597c13d831ec7&vs_currencies=usd"}
{"timestamp": "2026-08-11 01:01:30,898", "level": "WARNING", "module": "market_apis", "message": "[MarketAPI] Cache miss + error for cg_price_ethereum_0xa0b86991c6218b36c1d19d4a2e9eb0ce3606eb48: 429 Client Error: Too Many Requests for url: https://api.coingecko.com/api/v3/simple/token_price/ethereum?contract_addresses=0xa0b86991c6218b36c1d19d4a2e9eb0ce3606eb48&vs_currencies=usd"}
{"timestamp": "2026-08-11 01:01:31,615", "level": "WARNING", "module": "market_apis", "message": "[MarketAPI] Cache miss + error for cg_price_ethereum_0xa0b86991c6218b36c1d19d4a2e9eb0ce3606eb48: 429 Client Error: Too Many Requests for url: https://api.coingecko.com/api/v3/simple/token_price/ethereum?contract_addresses=0xa0b86991c6218b36c1d19d4a2e9eb0ce3606eb48&vs_currencies=usd"}
{"timestamp": "2026-08-11 01:01:31,731", "level": "WARNING", "module": "market_apis", "message": "[MarketAPI] Cache miss + error for cg_meta_arbitrum-one_0xbadc0de1f111e111222333444555666777888999: 429 Client Error: Too Many Requests for url: https://api.coingecko.com/api/v3/coins/arbitrum-one/contract/0xbadc0de1f111e111222333444555666777888999"}
{"timestamp": "2026-08-11 01:01:31,949", "level": "WARNING", "module": "market_apis", "message": "[MarketAPI] Cache miss + error for cg_meta_ethereum_0xc02aaa39b223fe8d0a0e5c4f27ead9083c756cc2: 429 Client Error: Too Many Requests for url: https://api.coingecko.com/api/v3/coins/ethereum/contract/0xc02aaa39b223fe8d0a0e5c4f27ead9083c756cc2"}
{"timestamp": "2026-08-11 01:01:32,026", "level": "WARNING", "module": "market_apis", "message": "[MarketAPI] Cache miss + error for cg_meta_ethereum_0xc02aaa39b223fe8d0a0e5c4f27ead9083c756cc2: 429 Client Error: Too Many Requests for url: https://api.coingecko.com/api/v3/coins/ethereum/contract/0xc02aaa39b223fe8d0a0e5c4f27ead9083c756cc2"}
{"timestamp": "2026-08-11 01:01:32,755", "level": "WARNING", "module": "market_apis", "message": "[MarketAPI] Cache miss + error for cg_meta_ethereum_0xc02aaa39b223fe8d0a0e5c4f27ead9083c756cc2: 429 Client Error: Too Many Requests for url: https://api.coingecko.com/api/v3/coins/ethereum/contract/0xc02aaa39b223fe8d0a0e5c4f27ead9083c756cc2"}
{"timestamp": "2026-08-11 01:01:32,896", "level": "WARNING", "module": "market_apis", "message": "[MarketAPI] Cache miss + error for cg_price_arbitrum-one_0xbadc0de1f111e111222333444555666777888999: 429 Client Error: Too Many Requests for url: https://api.coingecko.com/api/v3/simple/token_price/arbitrum-one?contract_addresses=0xbadc0de1f111e111222333444555666777888999&vs_currencies=usd"}
{"timestamp": "2026-08-11 01:01:33,152", "level": "WARNING", "module": "market_apis", "message": "[MarketAPI] Cache miss + error for cg_price_ethereum_0xc02aaa39b223fe8d0a0e5c4f27ead9083c756cc2: 429 Client Error: Too Many Requests for url: https://api.coingecko.com/api/v3/simple/token_price/ethereum?contract_addresses=0xc02aaa39b223fe8d0a0e5c4f27ead9083c756cc2&vs_currencies=usd"}
{"timestamp": "2026-08-11 01:01:33,269", "level": "WARNING", "module": "market_apis", "message": "[MarketAPI] Cache miss + error for cg_price_ethereum_0xc02aaa39b223fe8d0a0e5c4f27ead9083c756cc2: 429 Client Error: Too Many Requests for url: https://api.coingecko.com/api/v3/simple/token_price/ethereum?contract_addresses=0xc02aaa39b223fe8d0a0e5c4f27ead9083c756cc2&vs_currencies=usd"}
{"timestamp": "2026-08-11 01:01:33,986", "level": "WARNING", "module": "market_apis", "message": "[MarketAPI] Cache miss + error for cg_price_ethereum_0xc02aaa39b223fe8d0a0e5c4f27ead9083c756cc2: 429 Client Error: Too Many Requests for url: https://api.coingecko.com/api/v3/simple/token_price/ethereum?contract_addresses=0xc02aaa39b223fe8d0a0e5c4f27ead9083c756cc2&vs_currencies=usd"}
{"timestamp": "2026-08-11 01:01:34,109", "level": "WARNING", "module": "market_apis", "message": "[MarketAPI] Cache miss + error for cg_meta_arbitrum-one_0xdac17f958d2ee523a2206206994597c13d831ec7: 429 Client Error: Too Many Requests for url: https://api.coingecko.com/api/v3/coins/arbitrum-one/contract/0xdac17f958d2ee523a2206206994597c13d831ec7"}
{"timestamp": "2026-08-11 01:01:34,281", "level": "WARNING", "module": "market_apis", "message": "[MarketAPI] Cache miss + error for cg_price_ethereum_0xa0b86991c6218b36c1d19d4a2e9eb0ce3606eb48: 429 Client Error: Too Many Requests for url: https://api.coingecko.com/api/v3/simple/token_price/ethereum?contract_addresses=0xa0b86991c6218b36c1d19d4a2e9eb0ce3606eb48&vs_currencies=usd"}
{"timestamp": "2026-08-11 01:01:34,282", "level": "WARNING", "module": "market_apis", "message": "[MarketAPI] Cache miss + error for cg_meta_ethereum_0xdac17f958d2ee523a2206206994597c13d831ec7: 429 Client Error: Too Many Requests for url: https://api.coingecko.com/api/v3/coins/ethereum/contract/0xdac17f958d2ee523a2206206994597c13d831ec7"}
{"timestamp": "2026-08-11 01:01:35,303", "level": "WARNING", "module": "market_apis", "message": "[MarketAPI] Cache miss + error for cg_price_arbitrum-one_0xdac17f958d2ee523a2206206994597c13d831ec7: 429 Client Error: Too Many Requests for url: https://api.coingecko.com/api/v3/simple/token_price/arbitrum-one?contract_addresses=0xdac17f958d2ee523a2206206994597c13d831ec7&vs_currencies=usd"}
{"timestamp": "2026-08-11 01:01:35,304", "level": "WARNING", "module": "market_apis", "message": "[MarketAPI] Cache miss + error for cg_meta_ethereum_0xdac17f958d2ee523a2206206994597c13d831ec7: 429 Client Error: Too Many Requests for url: https://api.coingecko.com/api/v3/coins/ethereum/contract/0xdac17f958d2ee523a2206206994597c13d831ec7"}
{"timestamp": "2026-08-11 01:01:35,516", "level": "WARNING", "module": "market_apis", "message": "[MarketAPI] Cache miss + error for cg_meta_ethereum_0xc02aaa39b223fe8d0a0e5c4f27ead9083c756cc2: 429 Client Error: Too Many Requests for url: https://api.coingecko.com/api/v3/coins/ethereum/contract/0xc02aaa39b223fe8d0a0e5c4f27ead9083c756cc2"}
{"timestamp": "2026-08-11 01:01:35,517", "level": "WARNING", "module": "market_apis", "message": "[MarketAPI] Cache miss + error for cg_price_ethereum_0xdac17f958d2ee523a2206206994597c13d831ec7: 429 Client Error: Too Many Requests for url: https://api.coingecko.com/api/v3/simple/token_price/ethereum?contract_addresses=0xdac17f958d2ee523a2206206994597c13d831ec7&vs_currencies=usd"}
{"timestamp": "2026-08-11 01:01:36,777", "level": "WARNING", "module": "market_apis", "message": "[MarketAPI] Cache miss + error for cg_meta_arbitrum-one_0xc02aaa39b223fe8d0a0e5c4f27ead9083c756cc2: 429 Client Error: Too Many Requests for url: https://api.coingecko.com/api/v3/coins/arbitrum-one/contract/0xc02aaa39b223fe8d0a0e5c4f27ead9083c756cc2"}
{"timestamp": "2026-08-11 01:01:36,781", "level": "WARNING", "module": "market_apis", "message": "[MarketAPI] Cache miss + error for cg_price_ethereum_0xdac17f958d2ee523a2206206994597c13d831ec7: 429 Client Error: Too Many Requests for url: https://api.coingecko.com/api/v3/simple/token_price/ethereum?contract_addresses=0xdac17f958d2ee523a2206206994597c13d831ec7&vs_currencies=usd"}
{"timestamp": "2026-08-11 01:01:36,941", "level": "WARNING", "module": "market_apis", "message": "[MarketAPI] Cache miss + error for cg_meta_ethereum_0xbadc0de1f111e111222333444555666777888999: 429 Client Error: Too Many Requests for url: https://api.coingecko.com/api/v3/coins/ethereum/contract/0xbadc0de1f111e111222333444555666777888999"}
{"timestamp": "2026-08-11 01:01:36,942", "level": "WARNING", "module": "market_apis", "message": "[MarketAPI] Cache miss + error for cg_price_ethereum_0xc02aaa39b223fe8d0a0e5c4f27ead9083c756cc2: 429 Client Error: Too Many Requests for url: https://api.coingecko.com/api/v3/simple/token_price/ethereum?contract_addresses=0xc02aaa39b223fe8d0a0e5c4f27ead9083c756cc2&vs_currencies=usd"}
{"timestamp": "2026-08-11 01:01:38,073", "level": "WARNING", "module": "market_apis", "message": "[MarketAPI] Cache miss + error for cg_meta_ethereum_0xbadc0de1f111e111222333444555666777888999: 429 Client Error: Too Many Requests for url: https://api.coingecko.com/api/v3/coins/ethereum/contract/0xbadc0de1f111e111222333444555666777888999"}
{"timestamp": "2026-08-11 01:01:38,082", "level": "WARNING", "module": "market_apis", "message": "[MarketAPI] Cache miss + error for cg_price_arbitrum-one_0xc02aaa39b223fe8d0a0e5c4f27ead9083c756cc2: 429 Client Error: Too Many Requests for url: https://api.coingecko.com/api/v3/simple/token_price/arbitrum-one?contract_addresses=0xc02aaa39b223fe8d0a0e5c4f27ead9083c756cc2&vs_currencies=usd"}
{"timestamp": "2026-08-11 01:01:38,285", "level": "WARNING", "module": "market_apis", "message": "[MarketAPI] Cache miss + error for cg_meta_ethereum_0xdac17f958d2ee523a2206206994597c13d831ec7: 429 Client Error: Too Many Requests for url: https://api.coingecko.com/api/v3/coins/ethereum/contract/0xdac17f958d2ee523a2206206994597c13d831ec7"}
{"timestamp": "2026-08-11 01:01:38,286", "level": "WARNING", "module": "market_apis", "message": "[MarketAPI] Cache miss + error for cg_price_ethereum_0xbadc0de1f111e111222333444555666777888999: 429 Client Error: Too Many Requests for url: https://api.coingecko.com/api/v3/simple/token_price/ethereum?contract_addresses=0xbadc0de1f111e111222333444555666777888999&vs_currencies=usd"}
{"timestamp": "2026-08-11 01:01:39,472", "level": "WARNING", "module": "market_apis", "message": "[MarketAPI] Cache miss + error for cg_meta_arbitrum-one_0x6b175474e89094c44da98b954eedeac495271d0f: 429 Client Error: Too Many Requests for url: https://api.coingecko.com/api/v3/coins/arbitrum-one/contract/0x6b175474e89094c44da98b954eedeac495271d0f"}
{"timestamp": "2026-08-11 01:01:39,473", "level": "WARNING", "module": "market_apis", "message": "[MarketAPI] Cache miss + error for cg_price_ethereum_0xbadc0de1f111e111222333444555666777888999: 429 Client Error: Too Many Requests for url: https://api.coingecko.com/api/v3/simple/token_price/ethereum?contract_addresses=0xbadc0de1f111e111222333444555666777888999&vs_currencies=usd"}
{"timestamp": "2026-08-11 01:01:39,917", "level": "WARNING", "module": "market_apis", "message": "[MarketAPI] Cache miss + error for cg_meta_ethereum_0xdac17f958d2ee523a2206206994597c13d831ec7: 429 Client Error: Too Many Requests for url: https://api.coingecko.com/api/v3/coins/ethereum/contract/0xdac17f958d2ee523a2206206994597c13d831ec7"}
{"timestamp": "2026-08-11 01:01:39,918", "level": "WARNING", "module": "market_apis", "message": "[MarketAPI] Cache miss + error for cg_price_ethereum_0xdac17f958d2ee523a2206206994597c13d831ec7: 429 Client Error: Too Many Requests for url: https://api.coingecko.com/api/v3/simple/token_price/ethereum?contract_addresses=0xdac17f958d2ee523a2206206994597c13d831ec7&vs_currencies=usd"}
{"timestamp": "2026-08-11 01:01:41,069", "level": "WARNING", "module": "market_apis", "message": "[MarketAPI] Cache miss + error for cg_meta_ethereum_0xdac17f958d2ee523a2206206994597c13d831ec7: 429 Client Error: Too Many Requests for url: https://api.coingecko.com/api/v3/coins/ethereum/contract/0xdac17f958d2ee523a2206206994597c13d831ec7"}
{"timestamp": "2026-08-11 01:01:41,070", "level": "WARNING", "module": "market_apis", "message": "[MarketAPI] Cache miss + error for cg_price_arbitrum-one_0x6b175474e89094c44da98b954eedeac495271d0f: 429 Client Error: Too Many Requests for url: https://api.coingecko.com/api/v3/simple/token_price/arbitrum-one?contract_addresses=0x6b175474e89094c44da98b954eedeac495271d0f&vs_currencies=usd"}
{"timestamp": "2026-08-11 01:01:41,080", "level": "INFO", "module": "blockchain_api", "message": "[BlockchainAPIAdapter] Initialized for 'arbitrum'"}
{"timestamp": "2026-08-11 01:01:41,115", "level": "WARNING", "module": "stream_listener", "message": "⚠️ ALERT GENERATED: 0xdd2fd4581271e230360230f9337d5c0430bf44c0 on arbitrum scored 66 (HIGH)"}
{"timestamp": "2026-08-11 01:01:41,413", "level": "WARNING", "module": "market_apis", "message": "[MarketAPI] Cache miss + error for cg_meta_ethereum_0xbadc0de1f111e111222333444555666777888999: 429 Client Error: Too Many Requests for url: https://api.coingecko.com/api/v3/coins/ethereum/contract/0xbadc0de1f111e111222333444555666777888999"}
{"timestamp": "2026-08-11 01:01:41,413", "level": "WARNING", "module": "market_apis", "message": "[MarketAPI] Cache miss + error for cg_price_ethereum_0xdac17f958d2ee523a2206206994597c13d831ec7: 429 Client Error: Too Many Requests for url: https://api.coingecko.com/api/v3/simple/token_price/ethereum?contract_addresses=0xdac17f958d2ee523a2206206994597c13d831ec7&vs_currencies=usd"}
{"timestamp": "2026-08-11 01:01:42,732", "level": "WARNING", "module": "market_apis", "message": "[MarketAPI] Cache miss + error for cg_price_ethereum_0xdac17f958d2ee523a2206206994597c13d831ec7: 429 Client Error: Too Many Requests for url: https://api.coingecko.com/api/v3/simple/token_price/ethereum?contract_addresses=0xdac17f958d2ee523a2206206994597c13d831ec7&vs_currencies=usd"}
{"timestamp": "2026-08-11 01:01:42,733", "level": "WARNING", "module": "market_apis", "message": "[MarketAPI] Cache miss + error for cg_meta_ethereum_0xbadc0de1f111e111222333444555666777888999: 429 Client Error: Too Many Requests for url: https://api.coingecko.com/api/v3/coins/ethereum/contract/0xbadc0de1f111e111222333444555666777888999"}
{"timestamp": "2026-08-11 01:01:42,733", "level": "WARNING", "module": "market_apis", "message": "[MarketAPI] Cache miss + error for cg_price_ethereum_0xbadc0de1f111e111222333444555666777888999: 429 Client Error: Too Many Requests for url: https://api.coingecko.com/api/v3/simple/token_price/ethereum?contract_addresses=0xbadc0de1f111e111222333444555666777888999&vs_currencies=usd"}
{"timestamp": "2026-08-11 01:01:44,014", "level": "WARNING", "module": "market_apis", "message": "[MarketAPI] Cache miss + error for cg_meta_ethereum_0xdac17f958d2ee523a2206206994597c13d831ec7: 429 Client Error: Too Many Requests for url: https://api.coingecko.com/api/v3/coins/ethereum/contract/0xdac17f958d2ee523a2206206994597c13d831ec7"}
{"timestamp": "2026-08-11 01:01:44,014", "level": "WARNING", "module": "market_apis", "message": "[MarketAPI] Cache miss + error for cg_meta_ethereum_0xbadc0de1f111e111222333444555666777888999: 429 Client Error: Too Many Requests for url: https://api.coingecko.com/api/v3/coins/ethereum/contract/0xbadc0de1f111e111222333444555666777888999"}
{"timestamp": "2026-08-11 01:01:44,020", "level": "WARNING", "module": "market_apis", "message": "[MarketAPI] Cache miss + error for cg_price_ethereum_0xbadc0de1f111e111222333444555666777888999: 429 Client Error: Too Many Requests for url: https://api.coingecko.com/api/v3/simple/token_price/ethereum?contract_addresses=0xbadc0de1f111e111222333444555666777888999&vs_currencies=usd"}
{"timestamp": "2026-08-11 01:01:45,131", "level": "INFO", "module": "stream_listener", "message": "Ingested live transaction for 0x1f9840a85d5af5bf1d1762f925bdaddc4201f984 on arbitrum"}
{"timestamp": "2026-08-11 01:01:45,131", "level": "INFO", "module": "feature_engineering", "message": "Generating features for 0x1f9840a85d5af5bf1d1762f925bdaddc4201f984 on chain arbitrum..."}
{"timestamp": "2026-08-11 01:01:45,132", "level": "INFO", "module": "blockchain_api", "message": "[BlockchainAPIAdapter] Initialized for 'arbitrum'"}
{"timestamp": "2026-08-11 01:01:45,238", "level": "WARNING", "module": "market_apis", "message": "[MarketAPI] Cache miss + error for cg_price_ethereum_0xbadc0de1f111e111222333444555666777888999: 429 Client Error: Too Many Requests for url: https://api.coingecko.com/api/v3/simple/token_price/ethereum?contract_addresses=0xbadc0de1f111e111222333444555666777888999&vs_currencies=usd"}
{"timestamp": "2026-08-11 01:01:45,238", "level": "WARNING", "module": "market_apis", "message": "[MarketAPI] Cache miss + error for cg_price_ethereum_0xa0b86991c6218b36c1d19d4a2e9eb0ce3606eb48: 429 Client Error: Too Many Requests for url: https://api.coingecko.com/api/v3/simple/token_price/ethereum?contract_addresses=0xa0b86991c6218b36c1d19d4a2e9eb0ce3606eb48&vs_currencies=usd"}
{"timestamp": "2026-08-11 01:01:45,239", "level": "WARNING", "module": "market_apis", "message": "[MarketAPI] Cache miss + error for cg_price_ethereum_0xdac17f958d2ee523a2206206994597c13d831ec7: 429 Client Error: Too Many Requests for url: https://api.coingecko.com/api/v3/simple/token_price/ethereum?contract_addresses=0xdac17f958d2ee523a2206206994597c13d831ec7&vs_currencies=usd"}
{"timestamp": "2026-08-11 01:01:46,362", "level": "WARNING", "module": "market_apis", "message": "[MarketAPI] Cache miss + error for cg_meta_arbitrum-one_0xbadc0de1f111e111222333444555666777888999: 429 Client Error: Too Many Requests for url: https://api.coingecko.com/api/v3/coins/arbitrum-one/contract/0xbadc0de1f111e111222333444555666777888999"}
{"timestamp": "2026-08-11 01:01:46,465", "level": "WARNING", "module": "market_apis", "message": "[MarketAPI] Cache miss + error for cg_price_ethereum_0xa0b86991c6218b36c1d19d4a2e9eb0ce3606eb48: 429 Client Error: Too Many Requests for url: https://api.coingecko.com/api/v3/simple/token_price/ethereum?contract_addresses=0xa0b86991c6218b36c1d19d4a2e9eb0ce3606eb48&vs_currencies=usd"}
{"timestamp": "2026-08-11 01:01:46,466", "level": "WARNING", "module": "market_apis", "message": "[MarketAPI] Cache miss + error for cg_meta_ethereum_0xbadc0de1f111e111222333444555666777888999: 429 Client Error: Too Many Requests for url: https://api.coingecko.com/api/v3/coins/ethereum/contract/0xbadc0de1f111e111222333444555666777888999"}
{"timestamp": "2026-08-11 01:01:46,466", "level": "WARNING", "module": "market_apis", "message": "[MarketAPI] Cache miss + error for cg_meta_ethereum_0xbadc0de1f111e111222333444555666777888999: 429 Client Error: Too Many Requests for url: https://api.coingecko.com/api/v3/coins/ethereum/contract/0xbadc0de1f111e111222333444555666777888999"}
{"timestamp": "2026-08-11 01:01:47,561", "level": "WARNING", "module": "market_apis", "message": "[MarketAPI] Cache miss + error for cg_price_arbitrum-one_0xbadc0de1f111e111222333444555666777888999: 429 Client Error: Too Many Requests for url: https://api.coingecko.com/api/v3/simple/token_price/arbitrum-one?contract_addresses=0xbadc0de1f111e111222333444555666777888999&vs_currencies=usd"}
{"timestamp": "2026-08-11 01:01:47,761", "level": "WARNING", "module": "market_apis", "message": "[MarketAPI] Cache miss + error for cg_price_ethereum_0xbadc0de1f111e111222333444555666777888999: 429 Client Error: Too Many Requests for url: https://api.coingecko.com/api/v3/simple/token_price/ethereum?contract_addresses=0xbadc0de1f111e111222333444555666777888999&vs_currencies=usd"}
{"timestamp": "2026-08-11 01:01:47,764", "level": "WARNING", "module": "market_apis", "message": "[MarketAPI] Cache miss + error for cg_price_ethereum_0xbadc0de1f111e111222333444555666777888999: 429 Client Error: Too Many Requests for url: https://api.coingecko.com/api/v3/simple/token_price/ethereum?contract_addresses=0xbadc0de1f111e111222333444555666777888999&vs_currencies=usd"}
{"timestamp": "2026-08-11 01:01:47,765", "level": "WARNING", "module": "market_apis", "message": "[MarketAPI] Cache miss + error for cg_meta_ethereum_0xbadc0de1f111e111222333444555666777888999: 429 Client Error: Too Many Requests for url: https://api.coingecko.com/api/v3/coins/ethereum/contract/0xbadc0de1f111e111222333444555666777888999"}
{"timestamp": "2026-08-11 01:01:48,796", "level": "WARNING", "module": "market_apis", "message": "[MarketAPI] Cache miss + error for cg_meta_arbitrum-one_0xdac17f958d2ee523a2206206994597c13d831ec7: 429 Client Error: Too Many Requests for url: https://api.coingecko.com/api/v3/coins/arbitrum-one/contract/0xdac17f958d2ee523a2206206994597c13d831ec7"}
{"timestamp": "2026-08-11 01:01:49,127", "level": "WARNING", "module": "market_apis", "message": "[MarketAPI] Cache miss + error for cg_meta_ethereum_0xdac17f958d2ee523a2206206994597c13d831ec7: 429 Client Error: Too Many Requests for url: https://api.coingecko.com/api/v3/coins/ethereum/contract/0xdac17f958d2ee523a2206206994597c13d831ec7"}
{"timestamp": "2026-08-11 01:01:49,132", "level": "WARNING", "module": "market_apis", "message": "[MarketAPI] Cache miss + error for cg_price_ethereum_0xbadc0de1f111e111222333444555666777888999: 429 Client Error: Too Many Requests for url: https://api.coingecko.com/api/v3/simple/token_price/ethereum?contract_addresses=0xbadc0de1f111e111222333444555666777888999&vs_currencies=usd"}
{"timestamp": "2026-08-11 01:01:49,133", "level": "WARNING", "module": "market_apis", "message": "[MarketAPI] Cache miss + error for cg_price_ethereum_0xa0b86991c6218b36c1d19d4a2e9eb0ce3606eb48: 429 Client Error: Too Many Requests for url: https://api.coingecko.com/api/v3/simple/token_price/ethereum?contract_addresses=0xa0b86991c6218b36c1d19d4a2e9eb0ce3606eb48&vs_currencies=usd"}
{"timestamp": "2026-08-11 01:01:50,151", "level": "WARNING", "module": "market_apis", "message": "[MarketAPI] Cache miss + error for cg_price_arbitrum-one_0xdac17f958d2ee523a2206206994597c13d831ec7: 429 Client Error: Too Many Requests for url: https://api.coingecko.com/api/v3/simple/token_price/arbitrum-one?contract_addresses=0xdac17f958d2ee523a2206206994597c13d831ec7&vs_currencies=usd"}
{"timestamp": "2026-08-11 01:01:50,469", "level": "WARNING", "module": "market_apis", "message": "[MarketAPI] Cache miss + error for cg_meta_ethereum_0xbadc0de1f111e111222333444555666777888999: 429 Client Error: Too Many Requests for url: https://api.coingecko.com/api/v3/coins/ethereum/contract/0xbadc0de1f111e111222333444555666777888999"}
{"timestamp": "2026-08-11 01:01:50,470", "level": "WARNING", "module": "market_apis", "message": "[MarketAPI] Cache miss + error for cg_meta_ethereum_0xdac17f958d2ee523a2206206994597c13d831ec7: 429 Client Error: Too Many Requests for url: https://api.coingecko.com/api/v3/coins/ethereum/contract/0xdac17f958d2ee523a2206206994597c13d831ec7"}
{"timestamp": "2026-08-11 01:01:50,470", "level": "WARNING", "module": "market_apis", "message": "[MarketAPI] Cache miss + error for cg_price_ethereum_0xdac17f958d2ee523a2206206994597c13d831ec7: 429 Client Error: Too Many Requests for url: https://api.coingecko.com/api/v3/simple/token_price/ethereum?contract_addresses=0xdac17f958d2ee523a2206206994597c13d831ec7&vs_currencies=usd"}
{"timestamp": "2026-08-11 01:01:50,485", "level": "INFO", "module": "blockchain_api", "message": "[BlockchainAPIAdapter] Initialized for 'ethereum'"}
{"timestamp": "2026-08-11 01:01:51,392", "level": "WARNING", "module": "market_apis", "message": "[MarketAPI] Cache miss + error for cg_meta_arbitrum-one_0xdac17f958d2ee523a2206206994597c13d831ec7: 429 Client Error: Too Many Requests for url: https://api.coingecko.com/api/v3/coins/arbitrum-one/contract/0xdac17f958d2ee523a2206206994597c13d831ec7"}
{"timestamp": "2026-08-11 01:01:51,790", "level": "WARNING", "module": "market_apis", "message": "[MarketAPI] Cache miss + error for cg_price_ethereum_0xbadc0de1f111e111222333444555666777888999: 429 Client Error: Too Many Requests for url: https://api.coingecko.com/api/v3/simple/token_price/ethereum?contract_addresses=0xbadc0de1f111e111222333444555666777888999&vs_currencies=usd"}
{"timestamp": "2026-08-11 01:01:51,790", "level": "WARNING", "module": "market_apis", "message": "[MarketAPI] Cache miss + error for cg_price_ethereum_0xdac17f958d2ee523a2206206994597c13d831ec7: 429 Client Error: Too Many Requests for url: https://api.coingecko.com/api/v3/simple/token_price/ethereum?contract_addresses=0xdac17f958d2ee523a2206206994597c13d831ec7&vs_currencies=usd"}
{"timestamp": "2026-08-11 01:01:51,799", "level": "INFO", "module": "blockchain_api", "message": "[BlockchainAPIAdapter] Initialized for 'ethereum'"}
{"timestamp": "2026-08-11 01:01:52,324", "level": "WARNING", "module": "market_apis", "message": "[MarketAPI] Cache miss + error for cg_price_arbitrum-one_0xdac17f958d2ee523a2206206994597c13d831ec7: 429 Client Error: Too Many Requests for url: https://api.coingecko.com/api/v3/simple/token_price/arbitrum-one?contract_addresses=0xdac17f958d2ee523a2206206994597c13d831ec7&vs_currencies=usd"}
{"timestamp": "2026-08-11 01:01:52,813", "level": "WARNING", "module": "market_apis", "message": "[MarketAPI] Cache miss + error for cg_meta_ethereum_0xdac17f958d2ee523a2206206994597c13d831ec7: 429 Client Error: Too Many Requests for url: https://api.coingecko.com/api/v3/coins/ethereum/contract/0xdac17f958d2ee523a2206206994597c13d831ec7"}
{"timestamp": "2026-08-11 01:01:53,194", "level": "WARNING", "module": "market_apis", "message": "[MarketAPI] Cache miss + error for cg_meta_arbitrum-one_0xa0b86991c6218b36c1d19d4a2e9eb0ce3606eb48: 429 Client Error: Too Many Requests for url: https://api.coingecko.com/api/v3/coins/arbitrum-one/contract/0xa0b86991c6218b36c1d19d4a2e9eb0ce3606eb48"}
{"timestamp": "2026-08-11 01:01:54,042", "level": "WARNING", "module": "market_apis", "message": "[MarketAPI] Cache miss + error for cg_price_ethereum_0xdac17f958d2ee523a2206206994597c13d831ec7: 429 Client Error: Too Many Requests for url: https://api.coingecko.com/api/v3/simple/token_price/ethereum?contract_addresses=0xdac17f958d2ee523a2206206994597c13d831ec7&vs_currencies=usd"}
{"timestamp": "2026-08-11 01:01:54,054", "level": "INFO", "module": "blockchain_api", "message": "[BlockchainAPIAdapter] Initialized for 'ethereum'"}
{"timestamp": "2026-08-11 01:01:54,144", "level": "WARNING", "module": "market_apis", "message": "[MarketAPI] Cache miss + error for cg_price_arbitrum-one_0xa0b86991c6218b36c1d19d4a2e9eb0ce3606eb48: 429 Client Error: Too Many Requests for url: https://api.coingecko.com/api/v3/simple/token_price/arbitrum-one?contract_addresses=0xa0b86991c6218b36c1d19d4a2e9eb0ce3606eb48&vs_currencies=usd"}
{"timestamp": "2026-08-11 01:01:55,477", "level": "WARNING", "module": "market_apis", "message": "[MarketAPI] Cache miss + error for cg_meta_arbitrum-one_0xbadc0de1f111e111222333444555666777888999: 429 Client Error: Too Many Requests for url: https://api.coingecko.com/api/v3/coins/arbitrum-one/contract/0xbadc0de1f111e111222333444555666777888999"}
{"timestamp": "2026-08-11 01:01:56,500", "level": "WARNING", "module": "market_apis", "message": "[MarketAPI] Cache miss + error for cg_price_arbitrum-one_0xbadc0de1f111e111222333444555666777888999: 429 Client Error: Too Many Requests for url: https://api.coingecko.com/api/v3/simple/token_price/arbitrum-one?contract_addresses=0xbadc0de1f111e111222333444555666777888999&vs_currencies=usd"}
{"timestamp": "2026-08-11 01:01:57,626", "level": "WARNING", "module": "market_apis", "message": "[MarketAPI] Cache miss + error for cg_meta_arbitrum-one_0xa0b86991c6218b36c1d19d4a2e9eb0ce3606eb48: 429 Client Error: Too Many Requests for url: https://api.coingecko.com/api/v3/coins/arbitrum-one/contract/0xa0b86991c6218b36c1d19d4a2e9eb0ce3606eb48"}
{"timestamp": "2026-08-11 01:01:58,651", "level": "WARNING", "module": "market_apis", "message": "[MarketAPI] Cache miss + error for cg_price_arbitrum-one_0xa0b86991c6218b36c1d19d4a2e9eb0ce3606eb48: 429 Client Error: Too Many Requests for url: https://api.coingecko.com/api/v3/simple/token_price/arbitrum-one?contract_addresses=0xa0b86991c6218b36c1d19d4a2e9eb0ce3606eb48&vs_currencies=usd"}
{"timestamp": "2026-08-11 01:01:59,778", "level": "WARNING", "module": "market_apis", "message": "[MarketAPI] Cache miss + error for cg_meta_arbitrum-one_0xc02aaa39b223fe8d0a0e5c4f27ead9083c756cc2: 429 Client Error: Too Many Requests for url: https://api.coingecko.com/api/v3/coins/arbitrum-one/contract/0xc02aaa39b223fe8d0a0e5c4f27ead9083c756cc2"}
{"timestamp": "2026-08-11 01:02:00,903", "level": "WARNING", "module": "market_apis", "message": "[MarketAPI] Cache miss + error for cg_price_arbitrum-one_0xc02aaa39b223fe8d0a0e5c4f27ead9083c756cc2: 429 Client Error: Too Many Requests for url: https://api.coingecko.com/api/v3/simple/token_price/arbitrum-one?contract_addresses=0xc02aaa39b223fe8d0a0e5c4f27ead9083c756cc2&vs_currencies=usd"}
{"timestamp": "2026-08-11 01:02:01,840", "level": "WARNING", "module": "market_apis", "message": "[MarketAPI] Cache miss + error for cg_meta_arbitrum-one_0xdac17f958d2ee523a2206206994597c13d831ec7: 429 Client Error: Too Many Requests for url: https://api.coingecko.com/api/v3/coins/arbitrum-one/contract/0xdac17f958d2ee523a2206206994597c13d831ec7"}
{"timestamp": "2026-08-11 01:02:02,735", "level": "WARNING", "module": "market_apis", "message": "[MarketAPI] Cache miss + error for cg_price_arbitrum-one_0xdac17f958d2ee523a2206206994597c13d831ec7: 429 Client Error: Too Many Requests for url: https://api.coingecko.com/api/v3/simple/token_price/arbitrum-one?contract_addresses=0xdac17f958d2ee523a2206206994597c13d831ec7&vs_currencies=usd"}
{"timestamp": "2026-08-11 01:02:03,677", "level": "WARNING", "module": "market_apis", "message": "[MarketAPI] Cache miss + error for cg_meta_arbitrum-one_0xdac17f958d2ee523a2206206994597c13d831ec7: 429 Client Error: Too Many Requests for url: https://api.coingecko.com/api/v3/coins/arbitrum-one/contract/0xdac17f958d2ee523a2206206994597c13d831ec7"}
{"timestamp": "2026-08-11 01:02:04,569", "level": "WARNING", "module": "market_apis", "message": "[MarketAPI] Cache miss + error for cg_price_arbitrum-one_0xdac17f958d2ee523a2206206994597c13d831ec7: 429 Client Error: Too Many Requests for url: https://api.coingecko.com/api/v3/simple/token_price/arbitrum-one?contract_addresses=0xdac17f958d2ee523a2206206994597c13d831ec7&vs_currencies=usd"}
{"timestamp": "2026-08-11 01:02:05,410", "level": "WARNING", "module": "market_apis", "message": "[MarketAPI] Cache miss + error for cg_meta_arbitrum-one_0xa0b86991c6218b36c1d19d4a2e9eb0ce3606eb48: 429 Client Error: Too Many Requests for url: https://api.coingecko.com/api/v3/coins/arbitrum-one/contract/0xa0b86991c6218b36c1d19d4a2e9eb0ce3606eb48"}
{"timestamp": "2026-08-11 01:02:06,537", "level": "WARNING", "module": "market_apis", "message": "[MarketAPI] Cache miss + error for cg_price_arbitrum-one_0xa0b86991c6218b36c1d19d4a2e9eb0ce3606eb48: 429 Client Error: Too Many Requests for url: https://api.coingecko.com/api/v3/simple/token_price/arbitrum-one?contract_addresses=0xa0b86991c6218b36c1d19d4a2e9eb0ce3606eb48&vs_currencies=usd"}
{"timestamp": "2026-08-11 01:02:07,662", "level": "WARNING", "module": "market_apis", "message": "[MarketAPI] Cache miss + error for cg_meta_arbitrum-one_0x6b175474e89094c44da98b954eedeac495271d0f: 429 Client Error: Too Many Requests for url: https://api.coingecko.com/api/v3/coins/arbitrum-one/contract/0x6b175474e89094c44da98b954eedeac495271d0f"}
{"timestamp": "2026-08-11 01:02:08,685", "level": "WARNING", "module": "market_apis", "message": "[MarketAPI] Cache miss + error for cg_price_arbitrum-one_0x6b175474e89094c44da98b954eedeac495271d0f: 429 Client Error: Too Many Requests for url: https://api.coingecko.com/api/v3/simple/token_price/arbitrum-one?contract_addresses=0x6b175474e89094c44da98b954eedeac495271d0f&vs_currencies=usd"}
{"timestamp": "2026-08-11 01:02:09,607", "level": "WARNING", "module": "market_apis", "message": "[MarketAPI] Cache miss + error for cg_meta_arbitrum-one_0xc02aaa39b223fe8d0a0e5c4f27ead9083c756cc2: 429 Client Error: Too Many Requests for url: https://api.coingecko.com/api/v3/coins/arbitrum-one/contract/0xc02aaa39b223fe8d0a0e5c4f27ead9083c756cc2"}
{"timestamp": "2026-08-11 01:02:11,657", "level": "WARNING", "module": "market_apis", "message": "[MarketAPI] Cache miss + error for cg_price_arbitrum-one_0xc02aaa39b223fe8d0a0e5c4f27ead9083c756cc2: 429 Client Error: Too Many Requests for url: https://api.coingecko.com/api/v3/simple/token_price/arbitrum-one?contract_addresses=0xc02aaa39b223fe8d0a0e5c4f27ead9083c756cc2&vs_currencies=usd"}
{"timestamp": "2026-08-11 01:02:13,770", "level": "WARNING", "module": "market_apis", "message": "[MarketAPI] Cache miss + error for cg_price_arbitrum-one_0xbadc0de1f111e111222333444555666777888999: 429 Client Error: Too Many Requests for url: https://api.coingecko.com/api/v3/simple/token_price/arbitrum-one?contract_addresses=0xbadc0de1f111e111222333444555666777888999&vs_currencies=usd"}
{"timestamp": "2026-08-11 01:02:14,503", "level": "WARNING", "module": "market_apis", "message": "[MarketAPI] Cache miss + error for cg_meta_arbitrum-one_0xa0b86991c6218b36c1d19d4a2e9eb0ce3606eb48: 429 Client Error: Too Many Requests for url: https://api.coingecko.com/api/v3/coins/arbitrum-one/contract/0xa0b86991c6218b36c1d19d4a2e9eb0ce3606eb48"}
{"timestamp": "2026-08-11 01:02:15,444", "level": "WARNING", "module": "market_apis", "message": "[MarketAPI] Cache miss + error for cg_price_arbitrum-one_0xa0b86991c6218b36c1d19d4a2e9eb0ce3606eb48: 429 Client Error: Too Many Requests for url: https://api.coingecko.com/api/v3/simple/token_price/arbitrum-one?contract_addresses=0xa0b86991c6218b36c1d19d4a2e9eb0ce3606eb48&vs_currencies=usd"}
{"timestamp": "2026-08-11 01:02:16,224", "level": "WARNING", "module": "market_apis", "message": "[MarketAPI] Cache miss + error for cg_meta_arbitrum-one_0xc02aaa39b223fe8d0a0e5c4f27ead9083c756cc2: 429 Client Error: Too Many Requests for url: https://api.coingecko.com/api/v3/coins/arbitrum-one/contract/0xc02aaa39b223fe8d0a0e5c4f27ead9083c756cc2"}
{"timestamp": "2026-08-11 01:02:17,151", "level": "WARNING", "module": "market_apis", "message": "[MarketAPI] Cache miss + error for cg_price_arbitrum-one_0xc02aaa39b223fe8d0a0e5c4f27ead9083c756cc2: 429 Client Error: Too Many Requests for url: https://api.coingecko.com/api/v3/simple/token_price/arbitrum-one?contract_addresses=0xc02aaa39b223fe8d0a0e5c4f27ead9083c756cc2&vs_currencies=usd"}
{"timestamp": "2026-08-11 01:02:17,903", "level": "WARNING", "module": "market_apis", "message": "[MarketAPI] Cache miss + error for cg_price_arbitrum-one_0xbadc0de1f111e111222333444555666777888999: 429 Client Error: Too Many Requests for url: https://api.coingecko.com/api/v3/simple/token_price/arbitrum-one?contract_addresses=0xbadc0de1f111e111222333444555666777888999&vs_currencies=usd"}
{"timestamp": "2026-08-11 01:02:18,806", "level": "WARNING", "module": "market_apis", "message": "[MarketAPI] Cache miss + error for cg_meta_arbitrum-one_0x6b175474e89094c44da98b954eedeac495271d0f: 429 Client Error: Too Many Requests for url: https://api.coingecko.com/api/v3/coins/arbitrum-one/contract/0x6b175474e89094c44da98b954eedeac495271d0f"}
{"timestamp": "2026-08-11 01:02:19,642", "level": "WARNING", "module": "market_apis", "message": "[MarketAPI] Cache miss + error for cg_price_arbitrum-one_0x6b175474e89094c44da98b954eedeac495271d0f: 429 Client Error: Too Many Requests for url: https://api.coingecko.com/api/v3/simple/token_price/arbitrum-one?contract_addresses=0x6b175474e89094c44da98b954eedeac495271d0f&vs_currencies=usd"}
{"timestamp": "2026-08-11 01:02:20,405", "level": "WARNING", "module": "market_apis", "message": "[MarketAPI] Cache miss + error for cg_meta_arbitrum-one_0xc02aaa39b223fe8d0a0e5c4f27ead9083c756cc2: 429 Client Error: Too Many Requests for url: https://api.coingecko.com/api/v3/coins/arbitrum-one/contract/0xc02aaa39b223fe8d0a0e5c4f27ead9083c756cc2"}
{"timestamp": "2026-08-11 01:02:21,555", "level": "WARNING", "module": "market_apis", "message": "[MarketAPI] Cache miss + error for cg_price_arbitrum-one_0xc02aaa39b223fe8d0a0e5c4f27ead9083c756cc2: 429 Client Error: Too Many Requests for url: https://api.coingecko.com/api/v3/simple/token_price/arbitrum-one?contract_addresses=0xc02aaa39b223fe8d0a0e5c4f27ead9083c756cc2&vs_currencies=usd"}
{"timestamp": "2026-08-11 01:13:11,862", "level": "INFO", "module": "feature_engineering", "message": "Generating features for 0x7A5D8F3A22904838493028304920492039203920 on chain ethereum..."}
{"timestamp": "2026-08-11 01:13:11,863", "level": "INFO", "module": "blockchain_api", "message": "[BlockchainAPIAdapter] Initialized for 'ethereum'"}
{"timestamp": "2026-08-11 01:13:11,873", "level": "INFO", "module": "feature_engineering", "message": "Generating features for 0x7A5D8F3A22904838493028304920492039203920 on chain ethereum..."}
{"timestamp": "2026-08-11 01:13:11,874", "level": "INFO", "module": "blockchain_api", "message": "[BlockchainAPIAdapter] Initialized for 'ethereum'"}
{"timestamp": "2026-08-11 01:13:19,527", "level": "WARNING", "module": "market_apis", "message": "[MarketAPI] Cache miss + error for cg_price_ethereum_0xa0b86991c6218b36c1d19d4a2e9eb0ce3606eb48: 429 Client Error: Too Many Requests for url: https://api.coingecko.com/api/v3/simple/token_price/ethereum?contract_addresses=0xa0b86991c6218b36c1d19d4a2e9eb0ce3606eb48&vs_currencies=usd"}
{"timestamp": "2026-08-11 01:13:19,527", "level": "WARNING", "module": "market_apis", "message": "[MarketAPI] Cache miss + error for cg_price_ethereum_0xa0b86991c6218b36c1d19d4a2e9eb0ce3606eb48: 429 Client Error: Too Many Requests for url: https://api.coingecko.com/api/v3/simple/token_price/ethereum?contract_addresses=0xa0b86991c6218b36c1d19d4a2e9eb0ce3606eb48&vs_currencies=usd"}
{"timestamp": "2026-08-11 01:13:21,040", "level": "WARNING", "module": "market_apis", "message": "[MarketAPI] Cache miss + error for cg_meta_ethereum_0xdac17f958d2ee523a2206206994597c13d831ec7: 429 Client Error: Too Many Requests for url: https://api.coingecko.com/api/v3/coins/ethereum/contract/0xdac17f958d2ee523a2206206994597c13d831ec7"}
{"timestamp": "2026-08-11 01:13:21,040", "level": "WARNING", "module": "market_apis", "message": "[MarketAPI] Cache miss + error for cg_meta_ethereum_0xdac17f958d2ee523a2206206994597c13d831ec7: 429 Client Error: Too Many Requests for url: https://api.coingecko.com/api/v3/coins/ethereum/contract/0xdac17f958d2ee523a2206206994597c13d831ec7"}
{"timestamp": "2026-08-11 01:13:22,191", "level": "WARNING", "module": "market_apis", "message": "[MarketAPI] Cache miss + error for cg_price_ethereum_0xdac17f958d2ee523a2206206994597c13d831ec7: 429 Client Error: Too Many Requests for url: https://api.coingecko.com/api/v3/simple/token_price/ethereum?contract_addresses=0xdac17f958d2ee523a2206206994597c13d831ec7&vs_currencies=usd"}
{"timestamp": "2026-08-11 01:13:22,289", "level": "WARNING", "module": "market_apis", "message": "[MarketAPI] Cache miss + error for cg_price_ethereum_0xdac17f958d2ee523a2206206994597c13d831ec7: 429 Client Error: Too Many Requests for url: https://api.coingecko.com/api/v3/simple/token_price/ethereum?contract_addresses=0xdac17f958d2ee523a2206206994597c13d831ec7&vs_currencies=usd"}
{"timestamp": "2026-08-11 01:13:23,222", "level": "WARNING", "module": "market_apis", "message": "[MarketAPI] Cache miss + error for cg_meta_ethereum_0xbadc0de1f111e111222333444555666777888999: 429 Client Error: Too Many Requests for url: https://api.coingecko.com/api/v3/coins/ethereum/contract/0xbadc0de1f111e111222333444555666777888999"}
{"timestamp": "2026-08-11 01:13:23,236", "level": "WARNING", "module": "market_apis", "message": "[MarketAPI] Cache miss + error for cg_meta_ethereum_0xbadc0de1f111e111222333444555666777888999: 429 Client Error: Too Many Requests for url: https://api.coingecko.com/api/v3/coins/ethereum/contract/0xbadc0de1f111e111222333444555666777888999"}
{"timestamp": "2026-08-11 01:13:24,337", "level": "WARNING", "module": "market_apis", "message": "[MarketAPI] Cache miss + error for cg_price_ethereum_0xbadc0de1f111e111222333444555666777888999: 429 Client Error: Too Many Requests for url: https://api.coingecko.com/api/v3/simple/token_price/ethereum?contract_addresses=0xbadc0de1f111e111222333444555666777888999&vs_currencies=usd"}
{"timestamp": "2026-08-11 01:13:24,358", "level": "WARNING", "module": "market_apis", "message": "[MarketAPI] Cache miss + error for cg_price_ethereum_0xbadc0de1f111e111222333444555666777888999: 429 Client Error: Too Many Requests for url: https://api.coingecko.com/api/v3/simple/token_price/ethereum?contract_addresses=0xbadc0de1f111e111222333444555666777888999&vs_currencies=usd"}
{"timestamp": "2026-08-11 01:13:24,857", "level": "INFO", "module": "feature_engineering", "message": "Generating features for 0x7A5D8F3A22904838493028304920492039203920 on chain tron..."}
{"timestamp": "2026-08-11 01:13:24,857", "level": "INFO", "module": "blockchain_api", "message": "[BlockchainAPIAdapter] Initialized for 'tron'"}
{"timestamp": "2026-08-11 01:13:25,468", "level": "WARNING", "module": "market_apis", "message": "[MarketAPI] Cache miss + error for cg_meta_ethereum_0xc02aaa39b223fe8d0a0e5c4f27ead9083c756cc2: 429 Client Error: Too Many Requests for url: https://api.coingecko.com/api/v3/coins/ethereum/contract/0xc02aaa39b223fe8d0a0e5c4f27ead9083c756cc2"}
{"timestamp": "2026-08-11 01:13:25,468", "level": "WARNING", "module": "market_apis", "message": "[MarketAPI] Cache miss + error for cg_meta_ethereum_0xc02aaa39b223fe8d0a0e5c4f27ead9083c756cc2: 429 Client Error: Too Many Requests for url: https://api.coingecko.com/api/v3/coins/ethereum/contract/0xc02aaa39b223fe8d0a0e5c4f27ead9083c756cc2"}
{"timestamp": "2026-08-11 01:13:26,081", "level": "WARNING", "module": "market_apis", "message": "[MarketAPI] Cache miss + error for cg_price_ethereum_0xa0b86991c6218b36c1d19d4a2e9eb0ce3606eb48: 429 Client Error: Too Many Requests for url: https://api.coingecko.com/api/v3/simple/token_price/ethereum?contract_addresses=0xa0b86991c6218b36c1d19d4a2e9eb0ce3606eb48&vs_currencies=usd"}
{"timestamp": "2026-08-11 01:13:26,589", "level": "WARNING", "module": "market_apis", "message": "[MarketAPI] Cache miss + error for cg_price_ethereum_0xc02aaa39b223fe8d0a0e5c4f27ead9083c756cc2: 429 Client Error: Too Many Requests for url: https://api.coingecko.com/api/v3/simple/token_price/ethereum?contract_addresses=0xc02aaa39b223fe8d0a0e5c4f27ead9083c756cc2&vs_currencies=usd"}
{"timestamp": "2026-08-11 01:13:26,589", "level": "WARNING", "module": "market_apis", "message": "[MarketAPI] Cache miss + error for cg_price_ethereum_0xc02aaa39b223fe8d0a0e5c4f27ead9083c756cc2: 429 Client Error: Too Many Requests for url: https://api.coingecko.com/api/v3/simple/token_price/ethereum?contract_addresses=0xc02aaa39b223fe8d0a0e5c4f27ead9083c756cc2&vs_currencies=usd"}
{"timestamp": "2026-08-11 01:13:27,088", "level": "WARNING", "module": "market_apis", "message": "[MarketAPI] Cache miss + error for cg_meta_ethereum_0xdac17f958d2ee523a2206206994597c13d831ec7: 429 Client Error: Too Many Requests for url: https://api.coingecko.com/api/v3/coins/ethereum/contract/0xdac17f958d2ee523a2206206994597c13d831ec7"}
{"timestamp": "2026-08-11 01:13:28,027", "level": "WARNING", "module": "market_apis", "message": "[MarketAPI] Cache miss + error for cg_price_ethereum_0xa0b86991c6218b36c1d19d4a2e9eb0ce3606eb48: 429 Client Error: Too Many Requests for url: https://api.coingecko.com/api/v3/simple/token_price/ethereum?contract_addresses=0xa0b86991c6218b36c1d19d4a2e9eb0ce3606eb48&vs_currencies=usd"}
{"timestamp": "2026-08-11 01:13:28,027", "level": "WARNING", "module": "market_apis", "message": "[MarketAPI] Cache miss + error for cg_price_ethereum_0xa0b86991c6218b36c1d19d4a2e9eb0ce3606eb48: 429 Client Error: Too Many Requests for url: https://api.coingecko.com/api/v3/simple/token_price/ethereum?contract_addresses=0xa0b86991c6218b36c1d19d4a2e9eb0ce3606eb48&vs_currencies=usd"}
{"timestamp": "2026-08-11 01:13:28,140", "level": "WARNING", "module": "market_apis", "message": "[MarketAPI] Cache miss + error for cg_price_ethereum_0xdac17f958d2ee523a2206206994597c13d831ec7: 429 Client Error: Too Many Requests for url: https://api.coingecko.com/api/v3/simple/token_price/ethereum?contract_addresses=0xdac17f958d2ee523a2206206994597c13d831ec7&vs_currencies=usd"}
{"timestamp": "2026-08-11 01:13:29,151", "level": "WARNING", "module": "market_apis", "message": "[MarketAPI] Cache miss + error for cg_meta_ethereum_0xc02aaa39b223fe8d0a0e5c4f27ead9083c756cc2: 429 Client Error: Too Many Requests for url: https://api.coingecko.com/api/v3/coins/ethereum/contract/0xc02aaa39b223fe8d0a0e5c4f27ead9083c756cc2"}
{"timestamp": "2026-08-11 01:13:29,354", "level": "WARNING", "module": "market_apis", "message": "[MarketAPI] Cache miss + error for cg_meta_ethereum_0xc02aaa39b223fe8d0a0e5c4f27ead9083c756cc2: 429 Client Error: Too Many Requests for url: https://api.coingecko.com/api/v3/coins/ethereum/contract/0xc02aaa39b223fe8d0a0e5c4f27ead9083c756cc2"}
{"timestamp": "2026-08-11 01:13:29,459", "level": "WARNING", "module": "market_apis", "message": "[MarketAPI] Cache miss + error for cg_meta_ethereum_0xbadc0de1f111e111222333444555666777888999: 429 Client Error: Too Many Requests for url: https://api.coingecko.com/api/v3/coins/ethereum/contract/0xbadc0de1f111e111222333444555666777888999"}
{"timestamp": "2026-08-11 01:13:30,482", "level": "WARNING", "module": "market_apis", "message": "[MarketAPI] Cache miss + error for cg_price_ethereum_0xc02aaa39b223fe8d0a0e5c4f27ead9083c756cc2: 429 Client Error: Too Many Requests for url: https://api.coingecko.com/api/v3/simple/token_price/ethereum?contract_addresses=0xc02aaa39b223fe8d0a0e5c4f27ead9083c756cc2&vs_currencies=usd"}
{"timestamp": "2026-08-11 01:13:30,686", "level": "WARNING", "module": "market_apis", "message": "[MarketAPI] Cache miss + error for cg_price_ethereum_0xc02aaa39b223fe8d0a0e5c4f27ead9083c756cc2: 429 Client Error: Too Many Requests for url: https://api.coingecko.com/api/v3/simple/token_price/ethereum?contract_addresses=0xc02aaa39b223fe8d0a0e5c4f27ead9083c756cc2&vs_currencies=usd"}
{"timestamp": "2026-08-11 01:13:30,790", "level": "WARNING", "module": "market_apis", "message": "[MarketAPI] Cache miss + error for cg_price_ethereum_0xbadc0de1f111e111222333444555666777888999: 429 Client Error: Too Many Requests for url: https://api.coingecko.com/api/v3/simple/token_price/ethereum?contract_addresses=0xbadc0de1f111e111222333444555666777888999&vs_currencies=usd"}
{"timestamp": "2026-08-11 01:13:31,799", "level": "WARNING", "module": "market_apis", "message": "[MarketAPI] Cache miss + error for cg_meta_ethereum_0xdac17f958d2ee523a2206206994597c13d831ec7: 429 Client Error: Too Many Requests for url: https://api.coingecko.com/api/v3/coins/ethereum/contract/0xdac17f958d2ee523a2206206994597c13d831ec7"}
{"timestamp": "2026-08-11 01:13:31,916", "level": "WARNING", "module": "market_apis", "message": "[MarketAPI] Cache miss + error for cg_meta_ethereum_0xdac17f958d2ee523a2206206994597c13d831ec7: 429 Client Error: Too Many Requests for url: https://api.coingecko.com/api/v3/coins/ethereum/contract/0xdac17f958d2ee523a2206206994597c13d831ec7"}
{"timestamp": "2026-08-11 01:13:32,120", "level": "WARNING", "module": "market_apis", "message": "[MarketAPI] Cache miss + error for cg_meta_ethereum_0xc02aaa39b223fe8d0a0e5c4f27ead9083c756cc2: 429 Client Error: Too Many Requests for url: https://api.coingecko.com/api/v3/coins/ethereum/contract/0xc02aaa39b223fe8d0a0e5c4f27ead9083c756cc2"}
{"timestamp": "2026-08-11 01:13:32,849", "level": "WARNING", "module": "market_apis", "message": "[MarketAPI] Cache miss + error for cg_price_ethereum_0xdac17f958d2ee523a2206206994597c13d831ec7: 429 Client Error: Too Many Requests for url: https://api.coingecko.com/api/v3/simple/token_price/ethereum?contract_addresses=0xdac17f958d2ee523a2206206994597c13d831ec7&vs_currencies=usd"}
{"timestamp": "2026-08-11 01:13:33,043", "level": "WARNING", "module": "market_apis", "message": "[MarketAPI] Cache miss + error for cg_price_ethereum_0xdac17f958d2ee523a2206206994597c13d831ec7: 429 Client Error: Too Many Requests for url: https://api.coingecko.com/api/v3/simple/token_price/ethereum?contract_addresses=0xdac17f958d2ee523a2206206994597c13d831ec7&vs_currencies=usd"}
{"timestamp": "2026-08-11 01:13:33,349", "level": "WARNING", "module": "market_apis", "message": "[MarketAPI] Cache miss + error for cg_price_ethereum_0xc02aaa39b223fe8d0a0e5c4f27ead9083c756cc2: 429 Client Error: Too Many Requests for url: https://api.coingecko.com/api/v3/simple/token_price/ethereum?contract_addresses=0xc02aaa39b223fe8d0a0e5c4f27ead9083c756cc2&vs_currencies=usd"}
{"timestamp": "2026-08-11 01:13:34,068", "level": "WARNING", "module": "market_apis", "message": "[MarketAPI] Cache miss + error for cg_meta_ethereum_0xdac17f958d2ee523a2206206994597c13d831ec7: 429 Client Error: Too Many Requests for url: https://api.coingecko.com/api/v3/coins/ethereum/contract/0xdac17f958d2ee523a2206206994597c13d831ec7"}
{"timestamp": "2026-08-11 01:13:34,478", "level": "WARNING", "module": "market_apis", "message": "[MarketAPI] Cache miss + error for cg_meta_ethereum_0xdac17f958d2ee523a2206206994597c13d831ec7: 429 Client Error: Too Many Requests for url: https://api.coingecko.com/api/v3/coins/ethereum/contract/0xdac17f958d2ee523a2206206994597c13d831ec7"}
{"timestamp": "2026-08-11 01:13:34,604", "level": "WARNING", "module": "market_apis", "message": "[MarketAPI] Cache miss + error for cg_price_ethereum_0xa0b86991c6218b36c1d19d4a2e9eb0ce3606eb48: 429 Client Error: Too Many Requests for url: https://api.coingecko.com/api/v3/simple/token_price/ethereum?contract_addresses=0xa0b86991c6218b36c1d19d4a2e9eb0ce3606eb48&vs_currencies=usd"}
{"timestamp": "2026-08-11 01:13:35,212", "level": "WARNING", "module": "market_apis", "message": "[MarketAPI] Cache miss + error for cg_price_ethereum_0xdac17f958d2ee523a2206206994597c13d831ec7: 429 Client Error: Too Many Requests for url: https://api.coingecko.com/api/v3/simple/token_price/ethereum?contract_addresses=0xdac17f958d2ee523a2206206994597c13d831ec7&vs_currencies=usd"}
{"timestamp": "2026-08-11 01:13:35,703", "level": "WARNING", "module": "market_apis", "message": "[MarketAPI] Cache miss + error for cg_price_ethereum_0xdac17f958d2ee523a2206206994597c13d831ec7: 429 Client Error: Too Many Requests for url: https://api.coingecko.com/api/v3/simple/token_price/ethereum?contract_addresses=0xdac17f958d2ee523a2206206994597c13d831ec7&vs_currencies=usd"}
{"timestamp": "2026-08-11 01:13:35,912", "level": "WARNING", "module": "market_apis", "message": "[MarketAPI] Cache miss + error for cg_meta_ethereum_0xc02aaa39b223fe8d0a0e5c4f27ead9083c756cc2: 429 Client Error: Too Many Requests for url: https://api.coingecko.com/api/v3/coins/ethereum/contract/0xc02aaa39b223fe8d0a0e5c4f27ead9083c756cc2"}
{"timestamp": "2026-08-11 01:13:36,331", "level": "WARNING", "module": "market_apis", "message": "[MarketAPI] Cache miss + error for cg_meta_ethereum_0xc02aaa39b223fe8d0a0e5c4f27ead9083c756cc2: 429 Client Error: Too Many Requests for url: https://api.coingecko.com/api/v3/coins/ethereum/contract/0xc02aaa39b223fe8d0a0e5c4f27ead9083c756cc2"}
{"timestamp": "2026-08-11 01:13:36,972", "level": "WARNING", "module": "market_apis", "message": "[MarketAPI] Cache miss + error for cg_meta_ethereum_0xc02aaa39b223fe8d0a0e5c4f27ead9083c756cc2: 429 Client Error: Too Many Requests for url: https://api.coingecko.com/api/v3/coins/ethereum/contract/0xc02aaa39b223fe8d0a0e5c4f27ead9083c756cc2"}
{"timestamp": "2026-08-11 01:13:37,143", "level": "WARNING", "module": "market_apis", "message": "[MarketAPI] Cache miss + error for cg_price_ethereum_0xc02aaa39b223fe8d0a0e5c4f27ead9083c756cc2: 429 Client Error: Too Many Requests for url: https://api.coingecko.com/api/v3/simple/token_price/ethereum?contract_addresses=0xc02aaa39b223fe8d0a0e5c4f27ead9083c756cc2&vs_currencies=usd"}
{"timestamp": "2026-08-11 01:13:37,359", "level": "WARNING", "module": "market_apis", "message": "[MarketAPI] Cache miss + error for cg_price_ethereum_0xc02aaa39b223fe8d0a0e5c4f27ead9083c756cc2: 429 Client Error: Too Many Requests for url: https://api.coingecko.com/api/v3/simple/token_price/ethereum?contract_addresses=0xc02aaa39b223fe8d0a0e5c4f27ead9083c756cc2&vs_currencies=usd"}
{"timestamp": "2026-08-11 01:13:38,060", "level": "WARNING", "module": "market_apis", "message": "[MarketAPI] Cache miss + error for cg_price_ethereum_0xc02aaa39b223fe8d0a0e5c4f27ead9083c756cc2: 429 Client Error: Too Many Requests for url: https://api.coingecko.com/api/v3/simple/token_price/ethereum?contract_addresses=0xc02aaa39b223fe8d0a0e5c4f27ead9083c756cc2&vs_currencies=usd"}
{"timestamp": "2026-08-11 01:13:38,256", "level": "WARNING", "module": "market_apis", "message": "[MarketAPI] Cache miss + error for cg_meta_ethereum_0xdac17f958d2ee523a2206206994597c13d831ec7: 429 Client Error: Too Many Requests for url: https://api.coingecko.com/api/v3/coins/ethereum/contract/0xdac17f958d2ee523a2206206994597c13d831ec7"}
{"timestamp": "2026-08-11 01:13:38,381", "level": "WARNING", "module": "market_apis", "message": "[MarketAPI] Cache miss + error for cg_price_ethereum_0xa0b86991c6218b36c1d19d4a2e9eb0ce3606eb48: 429 Client Error: Too Many Requests for url: https://api.coingecko.com/api/v3/simple/token_price/ethereum?contract_addresses=0xa0b86991c6218b36c1d19d4a2e9eb0ce3606eb48&vs_currencies=usd"}
{"timestamp": "2026-08-11 01:13:38,993", "level": "WARNING", "module": "market_apis", "message": "[MarketAPI] Cache miss + error for cg_price_ethereum_0xa0b86991c6218b36c1d19d4a2e9eb0ce3606eb48: 429 Client Error: Too Many Requests for url: https://api.coingecko.com/api/v3/simple/token_price/ethereum?contract_addresses=0xa0b86991c6218b36c1d19d4a2e9eb0ce3606eb48&vs_currencies=usd"}
{"timestamp": "2026-08-11 01:13:39,287", "level": "WARNING", "module": "market_apis", "message": "[MarketAPI] Cache miss + error for cg_price_ethereum_0xdac17f958d2ee523a2206206994597c13d831ec7: 429 Client Error: Too Many Requests for url: https://api.coingecko.com/api/v3/simple/token_price/ethereum?contract_addresses=0xdac17f958d2ee523a2206206994597c13d831ec7&vs_currencies=usd"}
{"timestamp": "2026-08-11 01:13:39,391", "level": "WARNING", "module": "market_apis", "message": "[MarketAPI] Cache miss + error for cg_meta_ethereum_0xc02aaa39b223fe8d0a0e5c4f27ead9083c756cc2: 429 Client Error: Too Many Requests for url: https://api.coingecko.com/api/v3/coins/ethereum/contract/0xc02aaa39b223fe8d0a0e5c4f27ead9083c756cc2"}
{"timestamp": "2026-08-11 01:13:40,013", "level": "WARNING", "module": "market_apis", "message": "[MarketAPI] Cache miss + error for cg_meta_ethereum_0xc02aaa39b223fe8d0a0e5c4f27ead9083c756cc2: 429 Client Error: Too Many Requests for url: https://api.coingecko.com/api/v3/coins/ethereum/contract/0xc02aaa39b223fe8d0a0e5c4f27ead9083c756cc2"}
{"timestamp": "2026-08-11 01:13:40,315", "level": "WARNING", "module": "market_apis", "message": "[MarketAPI] Cache miss + error for cg_meta_ethereum_0xdac17f958d2ee523a2206206994597c13d831ec7: 429 Client Error: Too Many Requests for url: https://api.coingecko.com/api/v3/coins/ethereum/contract/0xdac17f958d2ee523a2206206994597c13d831ec7"}
{"timestamp": "2026-08-11 01:13:40,518", "level": "WARNING", "module": "market_apis", "message": "[MarketAPI] Cache miss + error for cg_price_ethereum_0xc02aaa39b223fe8d0a0e5c4f27ead9083c756cc2: 429 Client Error: Too Many Requests for url: https://api.coingecko.com/api/v3/simple/token_price/ethereum?contract_addresses=0xc02aaa39b223fe8d0a0e5c4f27ead9083c756cc2&vs_currencies=usd"}
{"timestamp": "2026-08-11 01:13:41,029", "level": "WARNING", "module": "market_apis", "message": "[MarketAPI] Cache miss + error for cg_price_ethereum_0xc02aaa39b223fe8d0a0e5c4f27ead9083c756cc2: 429 Client Error: Too Many Requests for url: https://api.coingecko.com/api/v3/simple/token_price/ethereum?contract_addresses=0xc02aaa39b223fe8d0a0e5c4f27ead9083c756cc2&vs_currencies=usd"}
{"timestamp": "2026-08-11 01:13:41,266", "level": "WARNING", "module": "market_apis", "message": "[MarketAPI] Cache miss + error for cg_price_ethereum_0xdac17f958d2ee523a2206206994597c13d831ec7: 429 Client Error: Too Many Requests for url: https://api.coingecko.com/api/v3/simple/token_price/ethereum?contract_addresses=0xdac17f958d2ee523a2206206994597c13d831ec7&vs_currencies=usd"}
{"timestamp": "2026-08-11 01:13:41,542", "level": "WARNING", "module": "market_apis", "message": "[MarketAPI] Cache miss + error for cg_meta_ethereum_0xdac17f958d2ee523a2206206994597c13d831ec7: 429 Client Error: Too Many Requests for url: https://api.coingecko.com/api/v3/coins/ethereum/contract/0xdac17f958d2ee523a2206206994597c13d831ec7"}
{"timestamp": "2026-08-11 01:13:42,032", "level": "WARNING", "module": "market_apis", "message": "[MarketAPI] Cache miss + error for cg_meta_ethereum_0xdac17f958d2ee523a2206206994597c13d831ec7: 429 Client Error: Too Many Requests for url: https://api.coingecko.com/api/v3/coins/ethereum/contract/0xdac17f958d2ee523a2206206994597c13d831ec7"}
{"timestamp": "2026-08-11 01:13:43,079", "level": "WARNING", "module": "market_apis", "message": "[MarketAPI] Cache miss + error for cg_meta_ethereum_0xc02aaa39b223fe8d0a0e5c4f27ead9083c756cc2: 429 Client Error: Too Many Requests for url: https://api.coingecko.com/api/v3/coins/ethereum/contract/0xc02aaa39b223fe8d0a0e5c4f27ead9083c756cc2"}
{"timestamp": "2026-08-11 01:13:43,488", "level": "WARNING", "module": "market_apis", "message": "[MarketAPI] Cache miss + error for cg_price_ethereum_0xdac17f958d2ee523a2206206994597c13d831ec7: 429 Client Error: Too Many Requests for url: https://api.coingecko.com/api/v3/simple/token_price/ethereum?contract_addresses=0xdac17f958d2ee523a2206206994597c13d831ec7&vs_currencies=usd"}
{"timestamp": "2026-08-11 01:13:43,489", "level": "WARNING", "module": "market_apis", "message": "[MarketAPI] Cache miss + error for cg_price_ethereum_0xdac17f958d2ee523a2206206994597c13d831ec7: 429 Client Error: Too Many Requests for url: https://api.coingecko.com/api/v3/simple/token_price/ethereum?contract_addresses=0xdac17f958d2ee523a2206206994597c13d831ec7&vs_currencies=usd"}
{"timestamp": "2026-08-11 01:13:44,152", "level": "WARNING", "module": "market_apis", "message": "[MarketAPI] Cache miss + error for cg_price_ethereum_0xc02aaa39b223fe8d0a0e5c4f27ead9083c756cc2: 429 Client Error: Too Many Requests for url: https://api.coingecko.com/api/v3/simple/token_price/ethereum?contract_addresses=0xc02aaa39b223fe8d0a0e5c4f27ead9083c756cc2&vs_currencies=usd"}
{"timestamp": "2026-08-11 01:13:44,623", "level": "WARNING", "module": "market_apis", "message": "[MarketAPI] Cache miss + error for cg_meta_ethereum_0xbadc0de1f111e111222333444555666777888999: 429 Client Error: Too Many Requests for url: https://api.coingecko.com/api/v3/coins/ethereum/contract/0xbadc0de1f111e111222333444555666777888999"}
{"timestamp": "2026-08-11 01:13:44,623", "level": "WARNING", "module": "market_apis", "message": "[MarketAPI] Cache miss + error for cg_meta_ethereum_0xbadc0de1f111e111222333444555666777888999: 429 Client Error: Too Many Requests for url: https://api.coingecko.com/api/v3/coins/ethereum/contract/0xbadc0de1f111e111222333444555666777888999"}
{"timestamp": "2026-08-11 01:13:45,844", "level": "WARNING", "module": "market_apis", "message": "[MarketAPI] Cache miss + error for cg_price_ethereum_0xbadc0de1f111e111222333444555666777888999: 429 Client Error: Too Many Requests for url: https://api.coingecko.com/api/v3/simple/token_price/ethereum?contract_addresses=0xbadc0de1f111e111222333444555666777888999&vs_currencies=usd"}
{"timestamp": "2026-08-11 01:13:45,844", "level": "WARNING", "module": "market_apis", "message": "[MarketAPI] Cache miss + error for cg_price_ethereum_0xbadc0de1f111e111222333444555666777888999: 429 Client Error: Too Many Requests for url: https://api.coingecko.com/api/v3/simple/token_price/ethereum?contract_addresses=0xbadc0de1f111e111222333444555666777888999&vs_currencies=usd"}
{"timestamp": "2026-08-11 01:13:45,845", "level": "WARNING", "module": "market_apis", "message": "[MarketAPI] Cache miss + error for cg_price_ethereum_0xa0b86991c6218b36c1d19d4a2e9eb0ce3606eb48: 429 Client Error: Too Many Requests for url: https://api.coingecko.com/api/v3/simple/token_price/ethereum?contract_addresses=0xa0b86991c6218b36c1d19d4a2e9eb0ce3606eb48&vs_currencies=usd"}
{"timestamp": "2026-08-11 01:13:46,967", "level": "WARNING", "module": "market_apis", "message": "[MarketAPI] Cache miss + error for cg_meta_ethereum_0xdac17f958d2ee523a2206206994597c13d831ec7: 429 Client Error: Too Many Requests for url: https://api.coingecko.com/api/v3/coins/ethereum/contract/0xdac17f958d2ee523a2206206994597c13d831ec7"}
{"timestamp": "2026-08-11 01:13:46,972", "level": "WARNING", "module": "market_apis", "message": "[MarketAPI] Cache miss + error for cg_meta_ethereum_0xc02aaa39b223fe8d0a0e5c4f27ead9083c756cc2: 429 Client Error: Too Many Requests for url: https://api.coingecko.com/api/v3/coins/ethereum/contract/0xc02aaa39b223fe8d0a0e5c4f27ead9083c756cc2"}
{"timestamp": "2026-08-11 01:13:46,973", "level": "WARNING", "module": "market_apis", "message": "[MarketAPI] Cache miss + error for cg_meta_ethereum_0xdac17f958d2ee523a2206206994597c13d831ec7: 429 Client Error: Too Many Requests for url: https://api.coingecko.com/api/v3/coins/ethereum/contract/0xdac17f958d2ee523a2206206994597c13d831ec7"}
{"timestamp": "2026-08-11 01:13:48,199", "level": "WARNING", "module": "market_apis", "message": "[MarketAPI] Cache miss + error for cg_price_ethereum_0xdac17f958d2ee523a2206206994597c13d831ec7: 429 Client Error: Too Many Requests for url: https://api.coingecko.com/api/v3/simple/token_price/ethereum?contract_addresses=0xdac17f958d2ee523a2206206994597c13d831ec7&vs_currencies=usd"}
{"timestamp": "2026-08-11 01:13:48,201", "level": "WARNING", "module": "market_apis", "message": "[MarketAPI] Cache miss + error for cg_price_ethereum_0xdac17f958d2ee523a2206206994597c13d831ec7: 429 Client Error: Too Many Requests for url: https://api.coingecko.com/api/v3/simple/token_price/ethereum?contract_addresses=0xdac17f958d2ee523a2206206994597c13d831ec7&vs_currencies=usd"}
{"timestamp": "2026-08-11 01:13:48,458", "level": "WARNING", "module": "market_apis", "message": "[MarketAPI] Cache miss + error for cg_price_ethereum_0xc02aaa39b223fe8d0a0e5c4f27ead9083c756cc2: 429 Client Error: Too Many Requests for url: https://api.coingecko.com/api/v3/simple/token_price/ethereum?contract_addresses=0xc02aaa39b223fe8d0a0e5c4f27ead9083c756cc2&vs_currencies=usd"}
{"timestamp": "2026-08-11 01:13:49,524", "level": "WARNING", "module": "market_apis", "message": "[MarketAPI] Cache miss + error for cg_meta_ethereum_0xbadc0de1f111e111222333444555666777888999: 429 Client Error: Too Many Requests for url: https://api.coingecko.com/api/v3/coins/ethereum/contract/0xbadc0de1f111e111222333444555666777888999"}
{"timestamp": "2026-08-11 01:13:49,878", "level": "WARNING", "module": "market_apis", "message": "[MarketAPI] Cache miss + error for cg_meta_ethereum_0xdac17f958d2ee523a2206206994597c13d831ec7: 429 Client Error: Too Many Requests for url: https://api.coingecko.com/api/v3/coins/ethereum/contract/0xdac17f958d2ee523a2206206994597c13d831ec7"}
{"timestamp": "2026-08-11 01:13:49,879", "level": "WARNING", "module": "market_apis", "message": "[MarketAPI] Cache miss + error for cg_meta_ethereum_0xbadc0de1f111e111222333444555666777888999: 429 Client Error: Too Many Requests for url: https://api.coingecko.com/api/v3/coins/ethereum/contract/0xbadc0de1f111e111222333444555666777888999"}
{"timestamp": "2026-08-11 01:13:50,885", "level": "WARNING", "module": "market_apis", "message": "[MarketAPI] Cache miss + error for cg_price_ethereum_0xbadc0de1f111e111222333444555666777888999: 429 Client Error: Too Many Requests for url: https://api.coingecko.com/api/v3/simple/token_price/ethereum?contract_addresses=0xbadc0de1f111e111222333444555666777888999&vs_currencies=usd"}
{"timestamp": "2026-08-11 01:13:51,230", "level": "WARNING", "module": "market_apis", "message": "[MarketAPI] Cache miss + error for cg_price_ethereum_0xbadc0de1f111e111222333444555666777888999: 429 Client Error: Too Many Requests for url: https://api.coingecko.com/api/v3/simple/token_price/ethereum?contract_addresses=0xbadc0de1f111e111222333444555666777888999&vs_currencies=usd"}
{"timestamp": "2026-08-11 01:13:51,232", "level": "WARNING", "module": "market_apis", "message": "[MarketAPI] Cache miss + error for cg_price_ethereum_0xdac17f958d2ee523a2206206994597c13d831ec7: 429 Client Error: Too Many Requests for url: https://api.coingecko.com/api/v3/simple/token_price/ethereum?contract_addresses=0xdac17f958d2ee523a2206206994597c13d831ec7&vs_currencies=usd"}
{"timestamp": "2026-08-11 01:13:52,115", "level": "WARNING", "module": "market_apis", "message": "[MarketAPI] Cache miss + error for cg_price_ethereum_0xa0b86991c6218b36c1d19d4a2e9eb0ce3606eb48: 429 Client Error: Too Many Requests for url: https://api.coingecko.com/api/v3/simple/token_price/ethereum?contract_addresses=0xa0b86991c6218b36c1d19d4a2e9eb0ce3606eb48&vs_currencies=usd"}
{"timestamp": "2026-08-11 01:13:52,378", "level": "WARNING", "module": "market_apis", "message": "[MarketAPI] Cache miss + error for cg_price_ethereum_0xa0b86991c6218b36c1d19d4a2e9eb0ce3606eb48: 429 Client Error: Too Many Requests for url: https://api.coingecko.com/api/v3/simple/token_price/ethereum?contract_addresses=0xa0b86991c6218b36c1d19d4a2e9eb0ce3606eb48&vs_currencies=usd"}
{"timestamp": "2026-08-11 01:13:52,378", "level": "WARNING", "module": "market_apis", "message": "[MarketAPI] Cache miss + error for cg_meta_ethereum_0xbadc0de1f111e111222333444555666777888999: 429 Client Error: Too Many Requests for url: https://api.coingecko.com/api/v3/coins/ethereum/contract/0xbadc0de1f111e111222333444555666777888999"}
{"timestamp": "2026-08-11 01:13:53,165", "level": "WARNING", "module": "market_apis", "message": "[MarketAPI] Cache miss + error for cg_meta_ethereum_0xbadc0de1f111e111222333444555666777888999: 429 Client Error: Too Many Requests for url: https://api.coingecko.com/api/v3/coins/ethereum/contract/0xbadc0de1f111e111222333444555666777888999"}
{"timestamp": "2026-08-11 01:13:53,700", "level": "WARNING", "module": "market_apis", "message": "[MarketAPI] Cache miss + error for cg_price_ethereum_0xbadc0de1f111e111222333444555666777888999: 429 Client Error: Too Many Requests for url: https://api.coingecko.com/api/v3/simple/token_price/ethereum?contract_addresses=0xbadc0de1f111e111222333444555666777888999&vs_currencies=usd"}
{"timestamp": "2026-08-11 01:13:53,701", "level": "WARNING", "module": "market_apis", "message": "[MarketAPI] Cache miss + error for cg_meta_ethereum_0xbadc0de1f111e111222333444555666777888999: 429 Client Error: Too Many Requests for url: https://api.coingecko.com/api/v3/coins/ethereum/contract/0xbadc0de1f111e111222333444555666777888999"}
{"timestamp": "2026-08-11 01:13:54,039", "level": "WARNING", "module": "market_apis", "message": "[MarketAPI] Cache miss + error for cg_price_ethereum_0xbadc0de1f111e111222333444555666777888999: 429 Client Error: Too Many Requests for url: https://api.coingecko.com/api/v3/simple/token_price/ethereum?contract_addresses=0xbadc0de1f111e111222333444555666777888999&vs_currencies=usd"}
{"timestamp": "2026-08-11 01:13:54,890", "level": "WARNING", "module": "market_apis", "message": "[MarketAPI] Cache miss + error for cg_price_ethereum_0xbadc0de1f111e111222333444555666777888999: 429 Client Error: Too Many Requests for url: https://api.coingecko.com/api/v3/simple/token_price/ethereum?contract_addresses=0xbadc0de1f111e111222333444555666777888999&vs_currencies=usd"}
{"timestamp": "2026-08-11 01:13:54,890", "level": "WARNING", "module": "market_apis", "message": "[MarketAPI] Cache miss + error for cg_meta_ethereum_0xdac17f958d2ee523a2206206994597c13d831ec7: 429 Client Error: Too Many Requests for url: https://api.coingecko.com/api/v3/coins/ethereum/contract/0xdac17f958d2ee523a2206206994597c13d831ec7"}
{"timestamp": "2026-08-11 01:13:55,058", "level": "WARNING", "module": "market_apis", "message": "[MarketAPI] Cache miss + error for cg_meta_ethereum_0xdac17f958d2ee523a2206206994597c13d831ec7: 429 Client Error: Too Many Requests for url: https://api.coingecko.com/api/v3/coins/ethereum/contract/0xdac17f958d2ee523a2206206994597c13d831ec7"}
{"timestamp": "2026-08-11 01:13:56,347", "level": "WARNING", "module": "market_apis", "message": "[MarketAPI] Cache miss + error for cg_meta_ethereum_0xdac17f958d2ee523a2206206994597c13d831ec7: 429 Client Error: Too Many Requests for url: https://api.coingecko.com/api/v3/coins/ethereum/contract/0xdac17f958d2ee523a2206206994597c13d831ec7"}
{"timestamp": "2026-08-11 01:13:56,354", "level": "WARNING", "module": "market_apis", "message": "[MarketAPI] Cache miss + error for cg_price_ethereum_0xdac17f958d2ee523a2206206994597c13d831ec7: 429 Client Error: Too Many Requests for url: https://api.coingecko.com/api/v3/simple/token_price/ethereum?contract_addresses=0xdac17f958d2ee523a2206206994597c13d831ec7&vs_currencies=usd"}
{"timestamp": "2026-08-11 01:13:56,594", "level": "WARNING", "module": "market_apis", "message": "[MarketAPI] Cache miss + error for cg_price_ethereum_0xdac17f958d2ee523a2206206994597c13d831ec7: 429 Client Error: Too Many Requests for url: https://api.coingecko.com/api/v3/simple/token_price/ethereum?contract_addresses=0xdac17f958d2ee523a2206206994597c13d831ec7&vs_currencies=usd"}
{"timestamp": "2026-08-11 01:13:56,657", "level": "INFO", "module": "blockchain_api", "message": "[BlockchainAPIAdapter] Initialized for 'ethereum'"}
{"timestamp": "2026-08-11 01:13:57,517", "level": "WARNING", "module": "market_apis", "message": "[MarketAPI] Cache miss + error for cg_price_ethereum_0xdac17f958d2ee523a2206206994597c13d831ec7: 429 Client Error: Too Many Requests for url: https://api.coingecko.com/api/v3/simple/token_price/ethereum?contract_addresses=0xdac17f958d2ee523a2206206994597c13d831ec7&vs_currencies=usd"}
{"timestamp": "2026-08-11 01:13:57,517", "level": "WARNING", "module": "market_apis", "message": "[MarketAPI] Cache miss + error for cg_meta_ethereum_0xbadc0de1f111e111222333444555666777888999: 429 Client Error: Too Many Requests for url: https://api.coingecko.com/api/v3/coins/ethereum/contract/0xbadc0de1f111e111222333444555666777888999"}
{"timestamp": "2026-08-11 01:13:57,538", "level": "INFO", "module": "blockchain_api", "message": "[BlockchainAPIAdapter] Initialized for 'ethereum'"}
{"timestamp": "2026-08-11 01:13:58,847", "level": "WARNING", "module": "market_apis", "message": "[MarketAPI] Cache miss + error for cg_price_ethereum_0xbadc0de1f111e111222333444555666777888999: 429 Client Error: Too Many Requests for url: https://api.coingecko.com/api/v3/simple/token_price/ethereum?contract_addresses=0xbadc0de1f111e111222333444555666777888999&vs_currencies=usd"}
{"timestamp": "2026-08-11 01:14:00,246", "level": "WARNING", "module": "market_apis", "message": "[MarketAPI] Cache miss + error for cg_price_ethereum_0xa0b86991c6218b36c1d19d4a2e9eb0ce3606eb48: 429 Client Error: Too Many Requests for url: https://api.coingecko.com/api/v3/simple/token_price/ethereum?contract_addresses=0xa0b86991c6218b36c1d19d4a2e9eb0ce3606eb48&vs_currencies=usd"}
{"timestamp": "2026-08-11 01:14:01,610", "level": "WARNING", "module": "market_apis", "message": "[MarketAPI] Cache miss + error for cg_meta_ethereum_0xbadc0de1f111e111222333444555666777888999: 429 Client Error: Too Many Requests for url: https://api.coingecko.com/api/v3/coins/ethereum/contract/0xbadc0de1f111e111222333444555666777888999"}
{"timestamp": "2026-08-11 01:14:02,769", "level": "WARNING", "module": "market_apis", "message": "[MarketAPI] Cache miss + error for cg_price_ethereum_0xbadc0de1f111e111222333444555666777888999: 429 Client Error: Too Many Requests for url: https://api.coingecko.com/api/v3/simple/token_price/ethereum?contract_addresses=0xbadc0de1f111e111222333444555666777888999&vs_currencies=usd"}
{"timestamp": "2026-08-11 01:14:03,929", "level": "WARNING", "module": "market_apis", "message": "[MarketAPI] Cache miss + error for cg_meta_ethereum_0xdac17f958d2ee523a2206206994597c13d831ec7: 429 Client Error: Too Many Requests for url: https://api.coingecko.com/api/v3/coins/ethereum/contract/0xdac17f958d2ee523a2206206994597c13d831ec7"}
{"timestamp": "2026-08-11 01:14:05,092", "level": "WARNING", "module": "market_apis", "message": "[MarketAPI] Cache miss + error for cg_price_ethereum_0xdac17f958d2ee523a2206206994597c13d831ec7: 429 Client Error: Too Many Requests for url: https://api.coingecko.com/api/v3/simple/token_price/ethereum?contract_addresses=0xdac17f958d2ee523a2206206994597c13d831ec7&vs_currencies=usd"}
{"timestamp": "2026-08-11 01:14:05,105", "level": "INFO", "module": "blockchain_api", "message": "[BlockchainAPIAdapter] Initialized for 'tron'"}
{"timestamp": "2026-08-11 01:25:16,103", "level": "INFO", "module": "feature_engineering", "message": "Generating features for 0x7A5D8F3A22904838493028304920492039203920 on chain ethereum..."}
{"timestamp": "2026-08-11 01:25:16,103", "level": "INFO", "module": "blockchain_api", "message": "[BlockchainAPIAdapter] Initialized for 'ethereum'"}
{"timestamp": "2026-08-11 01:25:24,700", "level": "WARNING", "module": "market_apis", "message": "[MarketAPI] Cache miss + error for cg_price_ethereum_0xdac17f958d2ee523a2206206994597c13d831ec7: 429 Client Error: Too Many Requests for url: https://api.coingecko.com/api/v3/simple/token_price/ethereum?contract_addresses=0xdac17f958d2ee523a2206206994597c13d831ec7&vs_currencies=usd"}
{"timestamp": "2026-08-11 01:25:27,105", "level": "WARNING", "module": "market_apis", "message": "[MarketAPI] Cache miss + error for cg_meta_ethereum_0xbadc0de1f111e111222333444555666777888999: 429 Client Error: Too Many Requests for url: https://api.coingecko.com/api/v3/coins/ethereum/contract/0xbadc0de1f111e111222333444555666777888999"}
{"timestamp": "2026-08-11 01:25:28,170", "level": "WARNING", "module": "market_apis", "message": "[MarketAPI] Cache miss + error for cg_price_ethereum_0xbadc0de1f111e111222333444555666777888999: 429 Client Error: Too Many Requests for url: https://api.coingecko.com/api/v3/simple/token_price/ethereum?contract_addresses=0xbadc0de1f111e111222333444555666777888999&vs_currencies=usd"}
{"timestamp": "2026-08-11 01:25:30,473", "level": "WARNING", "module": "market_apis", "message": "[MarketAPI] Cache miss + error for cg_meta_ethereum_0xc02aaa39b223fe8d0a0e5c4f27ead9083c756cc2: 429 Client Error: Too Many Requests for url: https://api.coingecko.com/api/v3/coins/ethereum/contract/0xc02aaa39b223fe8d0a0e5c4f27ead9083c756cc2"}
{"timestamp": "2026-08-11 01:25:31,512", "level": "WARNING", "module": "market_apis", "message": "[MarketAPI] Cache miss + error for cg_price_ethereum_0xc02aaa39b223fe8d0a0e5c4f27ead9083c756cc2: 429 Client Error: Too Many Requests for url: https://api.coingecko.com/api/v3/simple/token_price/ethereum?contract_addresses=0xc02aaa39b223fe8d0a0e5c4f27ead9083c756cc2&vs_currencies=usd"}
{"timestamp": "2026-08-11 01:25:32,318", "level": "WARNING", "module": "market_apis", "message": "[MarketAPI] Cache miss + error for cg_meta_ethereum_0xc02aaa39b223fe8d0a0e5c4f27ead9083c756cc2: 429 Client Error: Too Many Requests for url: https://api.coingecko.com/api/v3/coins/ethereum/contract/0xc02aaa39b223fe8d0a0e5c4f27ead9083c756cc2"}
{"timestamp": "2026-08-11 01:25:33,453", "level": "WARNING", "module": "market_apis", "message": "[MarketAPI] Cache miss + error for cg_price_ethereum_0xc02aaa39b223fe8d0a0e5c4f27ead9083c756cc2: 429 Client Error: Too Many Requests for url: https://api.coingecko.com/api/v3/simple/token_price/ethereum?contract_addresses=0xc02aaa39b223fe8d0a0e5c4f27ead9083c756cc2&vs_currencies=usd"}
{"timestamp": "2026-08-11 01:25:34,366", "level": "WARNING", "module": "market_apis", "message": "[MarketAPI] Cache miss + error for cg_price_ethereum_0xdac17f958d2ee523a2206206994597c13d831ec7: 429 Client Error: Too Many Requests for url: https://api.coingecko.com/api/v3/simple/token_price/ethereum?contract_addresses=0xdac17f958d2ee523a2206206994597c13d831ec7&vs_currencies=usd"}
{"timestamp": "2026-08-11 01:25:35,287", "level": "WARNING", "module": "market_apis", "message": "[MarketAPI] Cache miss + error for cg_price_ethereum_0xdac17f958d2ee523a2206206994597c13d831ec7: 429 Client Error: Too Many Requests for url: https://api.coingecko.com/api/v3/simple/token_price/ethereum?contract_addresses=0xdac17f958d2ee523a2206206994597c13d831ec7&vs_currencies=usd"}
{"timestamp": "2026-08-11 01:25:36,312", "level": "WARNING", "module": "market_apis", "message": "[MarketAPI] Cache miss + error for cg_meta_ethereum_0xc02aaa39b223fe8d0a0e5c4f27ead9083c756cc2: 429 Client Error: Too Many Requests for url: https://api.coingecko.com/api/v3/coins/ethereum/contract/0xc02aaa39b223fe8d0a0e5c4f27ead9083c756cc2"}
{"timestamp": "2026-08-11 01:25:37,233", "level": "WARNING", "module": "market_apis", "message": "[MarketAPI] Cache miss + error for cg_price_ethereum_0xc02aaa39b223fe8d0a0e5c4f27ead9083c756cc2: 429 Client Error: Too Many Requests for url: https://api.coingecko.com/api/v3/simple/token_price/ethereum?contract_addresses=0xc02aaa39b223fe8d0a0e5c4f27ead9083c756cc2&vs_currencies=usd"}
{"timestamp": "2026-08-11 01:25:38,236", "level": "WARNING", "module": "market_apis", "message": "[MarketAPI] Cache miss + error for cg_meta_ethereum_0xc02aaa39b223fe8d0a0e5c4f27ead9083c756cc2: 429 Client Error: Too Many Requests for url: https://api.coingecko.com/api/v3/coins/ethereum/contract/0xc02aaa39b223fe8d0a0e5c4f27ead9083c756cc2"}
{"timestamp": "2026-08-11 01:25:39,157", "level": "WARNING", "module": "market_apis", "message": "[MarketAPI] Cache miss + error for cg_price_ethereum_0xc02aaa39b223fe8d0a0e5c4f27ead9083c756cc2: 429 Client Error: Too Many Requests for url: https://api.coingecko.com/api/v3/simple/token_price/ethereum?contract_addresses=0xc02aaa39b223fe8d0a0e5c4f27ead9083c756cc2&vs_currencies=usd"}
{"timestamp": "2026-08-11 01:25:40,207", "level": "WARNING", "module": "market_apis", "message": "[MarketAPI] Cache miss + error for cg_price_ethereum_0xdac17f958d2ee523a2206206994597c13d831ec7: 429 Client Error: Too Many Requests for url: https://api.coingecko.com/api/v3/simple/token_price/ethereum?contract_addresses=0xdac17f958d2ee523a2206206994597c13d831ec7&vs_currencies=usd"}
{"timestamp": "2026-08-11 01:25:41,125", "level": "WARNING", "module": "market_apis", "message": "[MarketAPI] Cache miss + error for cg_meta_ethereum_0xbadc0de1f111e111222333444555666777888999: 429 Client Error: Too Many Requests for url: https://api.coingecko.com/api/v3/coins/ethereum/contract/0xbadc0de1f111e111222333444555666777888999"}
{"timestamp": "2026-08-11 01:25:41,253", "level": "INFO", "module": "feature_engineering", "message": "Generating features for 0x7A5D8F3A22904838493028304920492039203920 on chain ethereum..."}
{"timestamp": "2026-08-11 01:25:41,254", "level": "INFO", "module": "blockchain_api", "message": "[BlockchainAPIAdapter] Initialized for 'ethereum'"}
{"timestamp": "2026-08-11 01:25:42,037", "level": "WARNING", "module": "market_apis", "message": "[MarketAPI] Cache miss + error for cg_price_ethereum_0xbadc0de1f111e111222333444555666777888999: 429 Client Error: Too Many Requests for url: https://api.coingecko.com/api/v3/simple/token_price/ethereum?contract_addresses=0xbadc0de1f111e111222333444555666777888999&vs_currencies=usd"}
{"timestamp": "2026-08-11 01:25:43,482", "level": "WARNING", "module": "market_apis", "message": "[MarketAPI] Cache miss + error for cg_price_ethereum_0xdac17f958d2ee523a2206206994597c13d831ec7: 429 Client Error: Too Many Requests for url: https://api.coingecko.com/api/v3/simple/token_price/ethereum?contract_addresses=0xdac17f958d2ee523a2206206994597c13d831ec7&vs_currencies=usd"}
{"timestamp": "2026-08-11 01:25:43,483", "level": "WARNING", "module": "market_apis", "message": "[MarketAPI] Cache miss + error for cg_price_ethereum_0xdac17f958d2ee523a2206206994597c13d831ec7: 429 Client Error: Too Many Requests for url: https://api.coingecko.com/api/v3/simple/token_price/ethereum?contract_addresses=0xdac17f958d2ee523a2206206994597c13d831ec7&vs_currencies=usd"}
{"timestamp": "2026-08-11 01:25:44,470", "level": "WARNING", "module": "market_apis", "message": "[MarketAPI] Cache miss + error for cg_meta_ethereum_0xbadc0de1f111e111222333444555666777888999: 429 Client Error: Too Many Requests for url: https://api.coingecko.com/api/v3/coins/ethereum/contract/0xbadc0de1f111e111222333444555666777888999"}
{"timestamp": "2026-08-11 01:25:44,470", "level": "WARNING", "module": "market_apis", "message": "[MarketAPI] Cache miss + error for cg_meta_ethereum_0xbadc0de1f111e111222333444555666777888999: 429 Client Error: Too Many Requests for url: https://api.coingecko.com/api/v3/coins/ethereum/contract/0xbadc0de1f111e111222333444555666777888999"}
{"timestamp": "2026-08-11 01:25:45,834", "level": "WARNING", "module": "market_apis", "message": "[MarketAPI] Cache miss + error for cg_price_ethereum_0xbadc0de1f111e111222333444555666777888999: 429 Client Error: Too Many Requests for url: https://api.coingecko.com/api/v3/simple/token_price/ethereum?contract_addresses=0xbadc0de1f111e111222333444555666777888999&vs_currencies=usd"}
{"timestamp": "2026-08-11 01:25:46,053", "level": "WARNING", "module": "market_apis", "message": "[MarketAPI] Cache miss + error for cg_price_ethereum_0xbadc0de1f111e111222333444555666777888999: 429 Client Error: Too Many Requests for url: https://api.coingecko.com/api/v3/simple/token_price/ethereum?contract_addresses=0xbadc0de1f111e111222333444555666777888999&vs_currencies=usd"}
{"timestamp": "2026-08-11 01:25:47,069", "level": "WARNING", "module": "market_apis", "message": "[MarketAPI] Cache miss + error for cg_meta_ethereum_0xbadc0de1f111e111222333444555666777888999: 429 Client Error: Too Many Requests for url: https://api.coingecko.com/api/v3/coins/ethereum/contract/0xbadc0de1f111e111222333444555666777888999"}
{"timestamp": "2026-08-11 01:25:47,069", "level": "WARNING", "module": "market_apis", "message": "[MarketAPI] Cache miss + error for cg_meta_ethereum_0xc02aaa39b223fe8d0a0e5c4f27ead9083c756cc2: 429 Client Error: Too Many Requests for url: https://api.coingecko.com/api/v3/coins/ethereum/contract/0xc02aaa39b223fe8d0a0e5c4f27ead9083c756cc2"}
{"timestamp": "2026-08-11 01:25:47,950", "level": "WARNING", "module": "market_apis", "message": "[MarketAPI] Cache miss + error for cg_price_ethereum_0xbadc0de1f111e111222333444555666777888999: 429 Client Error: Too Many Requests for url: https://api.coingecko.com/api/v3/simple/token_price/ethereum?contract_addresses=0xbadc0de1f111e111222333444555666777888999&vs_currencies=usd"}
{"timestamp": "2026-08-11 01:25:47,968", "level": "WARNING", "module": "market_apis", "message": "[MarketAPI] Cache miss + error for cg_price_ethereum_0xc02aaa39b223fe8d0a0e5c4f27ead9083c756cc2: 429 Client Error: Too Many Requests for url: https://api.coingecko.com/api/v3/simple/token_price/ethereum?contract_addresses=0xc02aaa39b223fe8d0a0e5c4f27ead9083c756cc2&vs_currencies=usd"}
{"timestamp": "2026-08-11 01:25:48,960", "level": "WARNING", "module": "market_apis", "message": "[MarketAPI] Cache miss + error for cg_price_ethereum_0xdac17f958d2ee523a2206206994597c13d831ec7: 429 Client Error: Too Many Requests for url: https://api.coingecko.com/api/v3/simple/token_price/ethereum?contract_addresses=0xdac17f958d2ee523a2206206994597c13d831ec7&vs_currencies=usd"}
{"timestamp": "2026-08-11 01:25:48,961", "level": "WARNING", "module": "market_apis", "message": "[MarketAPI] Cache miss + error for cg_meta_ethereum_0xc02aaa39b223fe8d0a0e5c4f27ead9083c756cc2: 429 Client Error: Too Many Requests for url: https://api.coingecko.com/api/v3/coins/ethereum/contract/0xc02aaa39b223fe8d0a0e5c4f27ead9083c756cc2"}
{"timestamp": "2026-08-11 01:25:48,979", "level": "INFO", "module": "blockchain_api", "message": "[BlockchainAPIAdapter] Initialized for 'ethereum'"}
{"timestamp": "2026-08-11 01:25:50,341", "level": "WARNING", "module": "market_apis", "message": "[MarketAPI] Cache miss + error for cg_price_ethereum_0xc02aaa39b223fe8d0a0e5c4f27ead9083c756cc2: 429 Client Error: Too Many Requests for url: https://api.coingecko.com/api/v3/simple/token_price/ethereum?contract_addresses=0xc02aaa39b223fe8d0a0e5c4f27ead9083c756cc2&vs_currencies=usd"}
{"timestamp": "2026-08-11 01:25:51,364", "level": "WARNING", "module": "market_apis", "message": "[MarketAPI] Cache miss + error for cg_price_ethereum_0xdac17f958d2ee523a2206206994597c13d831ec7: 429 Client Error: Too Many Requests for url: https://api.coingecko.com/api/v3/simple/token_price/ethereum?contract_addresses=0xdac17f958d2ee523a2206206994597c13d831ec7&vs_currencies=usd"}
{"timestamp": "2026-08-11 01:25:52,696", "level": "WARNING", "module": "market_apis", "message": "[MarketAPI] Cache miss + error for cg_price_ethereum_0xdac17f958d2ee523a2206206994597c13d831ec7: 429 Client Error: Too Many Requests for url: https://api.coingecko.com/api/v3/simple/token_price/ethereum?contract_addresses=0xdac17f958d2ee523a2206206994597c13d831ec7&vs_currencies=usd"}
{"timestamp": "2026-08-11 01:25:54,348", "level": "WARNING", "module": "market_apis", "message": "[MarketAPI] Cache miss + error for cg_meta_ethereum_0xc02aaa39b223fe8d0a0e5c4f27ead9083c756cc2: 429 Client Error: Too Many Requests for url: https://api.coingecko.com/api/v3/coins/ethereum/contract/0xc02aaa39b223fe8d0a0e5c4f27ead9083c756cc2"}
{"timestamp": "2026-08-11 01:25:55,361", "level": "WARNING", "module": "market_apis", "message": "[MarketAPI] Cache miss + error for cg_price_ethereum_0xc02aaa39b223fe8d0a0e5c4f27ead9083c756cc2: 429 Client Error: Too Many Requests for url: https://api.coingecko.com/api/v3/simple/token_price/ethereum?contract_addresses=0xc02aaa39b223fe8d0a0e5c4f27ead9083c756cc2&vs_currencies=usd"}
{"timestamp": "2026-08-11 01:25:56,698", "level": "WARNING", "module": "market_apis", "message": "[MarketAPI] Cache miss + error for cg_meta_ethereum_0xc02aaa39b223fe8d0a0e5c4f27ead9083c756cc2: 429 Client Error: Too Many Requests for url: https://api.coingecko.com/api/v3/coins/ethereum/contract/0xc02aaa39b223fe8d0a0e5c4f27ead9083c756cc2"}
{"timestamp": "2026-08-11 01:25:57,864", "level": "WARNING", "module": "market_apis", "message": "[MarketAPI] Cache miss + error for cg_price_ethereum_0xc02aaa39b223fe8d0a0e5c4f27ead9083c756cc2: 429 Client Error: Too Many Requests for url: https://api.coingecko.com/api/v3/simple/token_price/ethereum?contract_addresses=0xc02aaa39b223fe8d0a0e5c4f27ead9083c756cc2&vs_currencies=usd"}
{"timestamp": "2026-08-11 01:25:59,044", "level": "WARNING", "module": "market_apis", "message": "[MarketAPI] Cache miss + error for cg_price_ethereum_0xdac17f958d2ee523a2206206994597c13d831ec7: 429 Client Error: Too Many Requests for url: https://api.coingecko.com/api/v3/simple/token_price/ethereum?contract_addresses=0xdac17f958d2ee523a2206206994597c13d831ec7&vs_currencies=usd"}
{"timestamp": "2026-08-11 01:25:59,979", "level": "WARNING", "module": "market_apis", "message": "[MarketAPI] Cache miss + error for cg_meta_ethereum_0xbadc0de1f111e111222333444555666777888999: 429 Client Error: Too Many Requests for url: https://api.coingecko.com/api/v3/coins/ethereum/contract/0xbadc0de1f111e111222333444555666777888999"}
{"timestamp": "2026-08-11 01:26:00,886", "level": "WARNING", "module": "market_apis", "message": "[MarketAPI] Cache miss + error for cg_price_ethereum_0xbadc0de1f111e111222333444555666777888999: 429 Client Error: Too Many Requests for url: https://api.coingecko.com/api/v3/simple/token_price/ethereum?contract_addresses=0xbadc0de1f111e111222333444555666777888999&vs_currencies=usd"}
{"timestamp": "2026-08-11 01:26:01,819", "level": "WARNING", "module": "market_apis", "message": "[MarketAPI] Cache miss + error for cg_price_ethereum_0xdac17f958d2ee523a2206206994597c13d831ec7: 429 Client Error: Too Many Requests for url: https://api.coingecko.com/api/v3/simple/token_price/ethereum?contract_addresses=0xdac17f958d2ee523a2206206994597c13d831ec7&vs_currencies=usd"}
{"timestamp": "2026-08-11 01:26:02,757", "level": "WARNING", "module": "market_apis", "message": "[MarketAPI] Cache miss + error for cg_meta_ethereum_0xbadc0de1f111e111222333444555666777888999: 429 Client Error: Too Many Requests for url: https://api.coingecko.com/api/v3/coins/ethereum/contract/0xbadc0de1f111e111222333444555666777888999"}
{"timestamp": "2026-08-11 01:26:04,026", "level": "WARNING", "module": "market_apis", "message": "[MarketAPI] Cache miss + error for cg_price_ethereum_0xbadc0de1f111e111222333444555666777888999: 429 Client Error: Too Many Requests for url: https://api.coingecko.com/api/v3/simple/token_price/ethereum?contract_addresses=0xbadc0de1f111e111222333444555666777888999&vs_currencies=usd"}
{"timestamp": "2026-08-11 01:26:05,026", "level": "WARNING", "module": "market_apis", "message": "[MarketAPI] Cache miss + error for cg_meta_ethereum_0xbadc0de1f111e111222333444555666777888999: 429 Client Error: Too Many Requests for url: https://api.coingecko.com/api/v3/coins/ethereum/contract/0xbadc0de1f111e111222333444555666777888999"}
{"timestamp": "2026-08-11 01:26:06,099", "level": "WARNING", "module": "market_apis", "message": "[MarketAPI] Cache miss + error for cg_price_ethereum_0xbadc0de1f111e111222333444555666777888999: 429 Client Error: Too Many Requests for url: https://api.coingecko.com/api/v3/simple/token_price/ethereum?contract_addresses=0xbadc0de1f111e111222333444555666777888999&vs_currencies=usd"}
{"timestamp": "2026-08-11 01:26:07,091", "level": "WARNING", "module": "market_apis", "message": "[MarketAPI] Cache miss + error for cg_price_ethereum_0xdac17f958d2ee523a2206206994597c13d831ec7: 429 Client Error: Too Many Requests for url: https://api.coingecko.com/api/v3/simple/token_price/ethereum?contract_addresses=0xdac17f958d2ee523a2206206994597c13d831ec7&vs_currencies=usd"}
{"timestamp": "2026-08-11 01:26:07,103", "level": "INFO", "module": "blockchain_api", "message": "[BlockchainAPIAdapter] Initialized for 'ethereum'"}
{"timestamp": "2026-08-11 01:29:28,207", "level": "INFO", "module": "feature_engineering", "message": "Generating features for TY00000000000000000000000000000bad on chain tron..."}
{"timestamp": "2026-08-11 01:29:28,208", "level": "INFO", "module": "blockchain_api", "message": "[BlockchainAPIAdapter] Initialized for 'tron'"}
{"timestamp": "2026-08-11 01:29:38,903", "level": "WARNING", "module": "market_apis", "message": "[MarketAPI] Cache miss + error for cg_price_ethereum_0xa0b86991c6218b36c1d19d4a2e9eb0ce3606eb48: 429 Client Error: Too Many Requests for url: https://api.coingecko.com/api/v3/simple/token_price/ethereum?contract_addresses=0xa0b86991c6218b36c1d19d4a2e9eb0ce3606eb48&vs_currencies=usd"}
{"timestamp": "2026-08-11 01:29:40,875", "level": "WARNING", "module": "market_apis", "message": "[MarketAPI] Cache miss + error for cg_meta_ethereum_0xbadc0de1f111e111222333444555666777888999: 429 Client Error: Too Many Requests for url: https://api.coingecko.com/api/v3/coins/ethereum/contract/0xbadc0de1f111e111222333444555666777888999"}
{"timestamp": "2026-08-11 01:29:42,440", "level": "WARNING", "module": "market_apis", "message": "[MarketAPI] Cache miss + error for cg_price_ethereum_0xbadc0de1f111e111222333444555666777888999: 429 Client Error: Too Many Requests for url: https://api.coingecko.com/api/v3/simple/token_price/ethereum?contract_addresses=0xbadc0de1f111e111222333444555666777888999&vs_currencies=usd"}
{"timestamp": "2026-08-11 01:29:43,512", "level": "WARNING", "module": "market_apis", "message": "[MarketAPI] Cache miss + error for cg_meta_ethereum_0xbadc0de1f111e111222333444555666777888999: 429 Client Error: Too Many Requests for url: https://api.coingecko.com/api/v3/coins/ethereum/contract/0xbadc0de1f111e111222333444555666777888999"}
{"timestamp": "2026-08-11 01:29:44,549", "level": "WARNING", "module": "market_apis", "message": "[MarketAPI] Cache miss + error for cg_price_ethereum_0xbadc0de1f111e111222333444555666777888999: 429 Client Error: Too Many Requests for url: https://api.coingecko.com/api/v3/simple/token_price/ethereum?contract_addresses=0xbadc0de1f111e111222333444555666777888999&vs_currencies=usd"}
{"timestamp": "2026-08-11 01:29:46,173", "level": "WARNING", "module": "market_apis", "message": "[MarketAPI] Cache miss + error for cg_price_ethereum_0xa0b86991c6218b36c1d19d4a2e9eb0ce3606eb48: 429 Client Error: Too Many Requests for url: https://api.coingecko.com/api/v3/simple/token_price/ethereum?contract_addresses=0xa0b86991c6218b36c1d19d4a2e9eb0ce3606eb48&vs_currencies=usd"}
{"timestamp": "2026-08-11 01:29:46,219", "level": "INFO", "module": "blockchain_api", "message": "[BlockchainAPIAdapter] Initialized for 'tron'"}
{"timestamp": "2026-08-11 01:29:46,234", "level": "INFO", "module": "online_store", "message": "Cached features in local file for tron:ty00000000000000000000000000000bad"}
{"timestamp": "2026-08-11 01:29:46,283", "level": "INFO", "module": "offline_store", "message": "Saved feature snapshot to offline store for TY00000000000000000000000000000bad"}
{"timestamp": "2026-08-11 01:29:46,296", "level": "INFO", "module": "blockchain_api_tron", "message": "[TronDataFetcher] Initialized for contract 'TR7NHqjeKQxGTCi8q8ZY4pL8otSzgjLj6t'"}
{"timestamp": "2026-08-11 01:29:49,878", "level": "ERROR", "module": "blockchain_api_tron", "message": "[TronDataFetcher] Request failed with HTTP 400: {"success":false,"error":"A valid account address is required.","statusCode":400}"}
{"timestamp": "2026-08-11 01:30:35,054", "level": "INFO", "module": "feature_engineering", "message": "Generating features for TR7NHqjeKQxGTCi8q8ZY4pL8otSzgjLj6t on chain tron..."}
{"timestamp": "2026-08-11 01:30:35,054", "level": "INFO", "module": "blockchain_api", "message": "[BlockchainAPIAdapter] Initialized for 'tron'"}
{"timestamp": "2026-08-11 01:30:35,905", "level": "WARNING", "module": "market_apis", "message": "[MarketAPI] Cache miss + error for cg_meta_ethereum_0xbadc0de1f111e111222333444555666777888999: 429 Client Error: Too Many Requests for url: https://api.coingecko.com/api/v3/coins/ethereum/contract/0xbadc0de1f111e111222333444555666777888999"}
{"timestamp": "2026-08-11 01:30:36,686", "level": "WARNING", "module": "market_apis", "message": "[MarketAPI] Cache miss + error for cg_price_ethereum_0xbadc0de1f111e111222333444555666777888999: 429 Client Error: Too Many Requests for url: https://api.coingecko.com/api/v3/simple/token_price/ethereum?contract_addresses=0xbadc0de1f111e111222333444555666777888999&vs_currencies=usd"}
{"timestamp": "2026-08-11 01:30:37,484", "level": "WARNING", "module": "market_apis", "message": "[MarketAPI] Cache miss + error for cg_meta_ethereum_0xbadc0de1f111e111222333444555666777888999: 429 Client Error: Too Many Requests for url: https://api.coingecko.com/api/v3/coins/ethereum/contract/0xbadc0de1f111e111222333444555666777888999"}
{"timestamp": "2026-08-11 01:30:42,761", "level": "WARNING", "module": "market_apis", "message": "[MarketAPI] Cache miss + error for cg_price_ethereum_0xa0b86991c6218b36c1d19d4a2e9eb0ce3606eb48: 429 Client Error: Too Many Requests for url: https://api.coingecko.com/api/v3/simple/token_price/ethereum?contract_addresses=0xa0b86991c6218b36c1d19d4a2e9eb0ce3606eb48&vs_currencies=usd"}
{"timestamp": "2026-08-11 01:30:43,566", "level": "WARNING", "module": "market_apis", "message": "[MarketAPI] Cache miss + error for cg_price_ethereum_0xa0b86991c6218b36c1d19d4a2e9eb0ce3606eb48: 429 Client Error: Too Many Requests for url: https://api.coingecko.com/api/v3/simple/token_price/ethereum?contract_addresses=0xa0b86991c6218b36c1d19d4a2e9eb0ce3606eb48&vs_currencies=usd"}
{"timestamp": "2026-08-11 01:30:43,572", "level": "INFO", "module": "blockchain_api", "message": "[BlockchainAPIAdapter] Initialized for 'tron'"}
{"timestamp": "2026-08-11 01:30:43,585", "level": "INFO", "module": "online_store", "message": "Cached features in local file for tron:tr7nhqjekqxgtci8q8zy4pl8otszgjlj6t"}
{"timestamp": "2026-08-11 01:30:43,596", "level": "INFO", "module": "offline_store", "message": "Saved feature snapshot to offline store for TR7NHqjeKQxGTCi8q8ZY4pL8otSzgjLj6t"}
{"timestamp": "2026-08-11 01:30:43,597", "level": "INFO", "module": "blockchain_api_tron", "message": "[TronDataFetcher] Initialized for contract 'TR7NHqjeKQxGTCi8q8ZY4pL8otSzgjLj6t'"}
{"timestamp": "2026-08-11 01:30:50,471", "level": "INFO", "module": "feature_engineering", "message": "Generating features for TNPeeaaTK7v3QGiBBWnWNFUzhMHucEjm84 on chain tron..."}
{"timestamp": "2026-08-11 01:30:50,471", "level": "INFO", "module": "blockchain_api", "message": "[BlockchainAPIAdapter] Initialized for 'tron'"}
{"timestamp": "2026-08-11 01:30:50,480", "level": "INFO", "module": "blockchain_api", "message": "[BlockchainAPIAdapter] Initialized for 'tron'"}
{"timestamp": "2026-08-11 01:30:50,497", "level": "INFO", "module": "online_store", "message": "Cached features in local file for tron:tnpeeaatk7v3qgibbwnwnfuzhmhucejm84"}
{"timestamp": "2026-08-11 01:30:50,508", "level": "INFO", "module": "offline_store", "message": "Saved feature snapshot to offline store for TNPeeaaTK7v3QGiBBWnWNFUzhMHucEjm84"}
{"timestamp": "2026-08-11 01:30:50,509", "level": "INFO", "module": "blockchain_api_tron", "message": "[TronDataFetcher] Initialized for contract 'TR7NHqjeKQxGTCi8q8ZY4pL8otSzgjLj6t'"}
{"timestamp": "2026-08-11 01:30:51,788", "level": "ERROR", "module": "blockchain_api_tron", "message": "[TronDataFetcher] Request failed with HTTP 400: {"success":false,"error":"A valid account address is required.","statusCode":400}"}
{"timestamp": "2026-08-11 01:32:32,854", "level": "INFO", "module": "blockchain_api_tron", "message": "[TronDataFetcher] Initialized for contract 'TR7NHqjeKQxGTCi8q8ZY4pL8otSzgjLj6t'"}
{"timestamp": "2026-08-11 01:32:35,178", "level": "ERROR", "module": "blockchain_api_tron", "message": "[TronDataFetcher] Request failed with HTTP 401: <html>
<head><title>401 Authorization Required</title></head>
<body>
<center><h1>401 Authorization Required</h1></center>
<hr><center>openresty</center>
</body>
</html>
"}
{"timestamp": "2026-08-11 01:32:39,358", "level": "INFO", "module": "blockchain_api_tron", "message": "[TronGrid] TR7NHqjeKQ... USDT Balance: 7783520.903466"}
{"timestamp": "2026-08-11 01:36:09,680", "level": "INFO", "module": "blockchain_api_tron", "message": "[TronDataFetcher] Initialized for contract 'TR7NHqjeKQxGTCi8q8ZY4pL8otSzgjLj6t'"}
{"timestamp": "2026-08-11 01:41:16,471", "level": "INFO", "module": "online_store", "message": "Cache hit (local file) for tron:tnpeeaatk7v3qgibbwnwnfuzhmhucejm84"}
{"timestamp": "2026-08-11 01:41:16,482", "level": "INFO", "module": "blockchain_api_tron", "message": "[TronDataFetcher] Initialized for contract 'TR7NHqjeKQxGTCi8q8ZY4pL8otSzgjLj6t'"}
{"timestamp": "2026-08-11 01:41:17,797", "level": "ERROR", "module": "blockchain_api_tron", "message": "[TronDataFetcher] Request failed with HTTP 400: {"success":false,"error":"A valid account address is required.","statusCode":400}"}
{"timestamp": "2026-08-12 20:03:18,503", "level": "INFO", "module": "feature_engineering", "message": "Generating features for TNPeeaaTK7v3QGiBBWnWNFUzhMHucEjm84 on chain tron..."}
{"timestamp": "2026-08-12 20:03:18,505", "level": "INFO", "module": "blockchain_api", "message": "[BlockchainAPIAdapter] Initialized for 'tron'"}
{"timestamp": "2026-08-12 20:03:27,276", "level": "WARNING", "module": "market_apis", "message": "[MarketAPI] Cache miss + error for cg_price_ethereum_0xdac17f958d2ee523a2206206994597c13d831ec7: 429 Client Error: Too Many Requests for url: https://api.coingecko.com/api/v3/simple/token_price/ethereum?contract_addresses=0xdac17f958d2ee523a2206206994597c13d831ec7&vs_currencies=usd"}
{"timestamp": "2026-08-12 20:03:28,331", "level": "WARNING", "module": "market_apis", "message": "[MarketAPI] Cache miss + error for cg_meta_ethereum_0xbadc0de1f111e111222333444555666777888999: 429 Client Error: Too Many Requests for url: https://api.coingecko.com/api/v3/coins/ethereum/contract/0xbadc0de1f111e111222333444555666777888999"}
{"timestamp": "2026-08-12 20:03:29,401", "level": "WARNING", "module": "market_apis", "message": "[MarketAPI] Cache miss + error for cg_price_ethereum_0xbadc0de1f111e111222333444555666777888999: 429 Client Error: Too Many Requests for url: https://api.coingecko.com/api/v3/simple/token_price/ethereum?contract_addresses=0xbadc0de1f111e111222333444555666777888999&vs_currencies=usd"}
{"timestamp": "2026-08-12 20:03:30,575", "level": "WARNING", "module": "market_apis", "message": "[MarketAPI] Cache miss + error for cg_price_ethereum_0xdac17f958d2ee523a2206206994597c13d831ec7: 429 Client Error: Too Many Requests for url: https://api.coingecko.com/api/v3/simple/token_price/ethereum?contract_addresses=0xdac17f958d2ee523a2206206994597c13d831ec7&vs_currencies=usd"}
{"timestamp": "2026-08-12 20:03:31,750", "level": "WARNING", "module": "market_apis", "message": "[MarketAPI] Cache miss + error for cg_price_ethereum_0xdac17f958d2ee523a2206206994597c13d831ec7: 429 Client Error: Too Many Requests for url: https://api.coingecko.com/api/v3/simple/token_price/ethereum?contract_addresses=0xdac17f958d2ee523a2206206994597c13d831ec7&vs_currencies=usd"}
{"timestamp": "2026-08-12 20:03:31,917", "level": "INFO", "module": "blockchain_api", "message": "[BlockchainAPIAdapter] Initialized for 'tron'"}
{"timestamp": "2026-08-12 20:03:31,950", "level": "INFO", "module": "online_store", "message": "Cached features in local file for tron:tnpeeaatk7v3qgibbwnwnfuzhmhucejm84"}
{"timestamp": "2026-08-12 20:03:31,960", "level": "INFO", "module": "offline_store", "message": "Saved feature snapshot to offline store for TNPeeaaTK7v3QGiBBWnWNFUzhMHucEjm84"}
{"timestamp": "2026-08-12 20:03:31,977", "level": "INFO", "module": "blockchain_api_tron", "message": "[TronDataFetcher] Initialized for contract 'TR7NHqjeKQxGTCi8q8ZY4pL8otSzgjLj6t'"}
{"timestamp": "2026-08-12 20:03:33,484", "level": "ERROR", "module": "blockchain_api_tron", "message": "[TronDataFetcher] Request failed with HTTP 400: {"success":false,"error":"A valid account address is required.","statusCode":400}"}
{"timestamp": "2026-08-12 20:05:03,378", "level": "INFO", "module": "online_store", "message": "Cache hit (local file) for tron:tnpeeaatk7v3qgibbwnwnfuzhmhucejm84"}
{"timestamp": "2026-08-12 20:05:03,378", "level": "INFO", "module": "blockchain_api_tron", "message": "[TronDataFetcher] Initialized for contract 'TR7NHqjeKQxGTCi8q8ZY4pL8otSzgjLj6t'"}
{"timestamp": "2026-08-12 20:05:05,147", "level": "ERROR", "module": "blockchain_api_tron", "message": "[TronDataFetcher] Request failed with HTTP 400: {"success":false,"error":"A valid account address is required.","statusCode":400}"}
{"timestamp": "2026-08-12 20:11:27,987", "level": "INFO", "module": "feature_engineering", "message": "Generating features for TCu8d3V6nVCf6W9oA72UN83WpgSr8k5buU on chain tron..."}
{"timestamp": "2026-08-12 20:11:27,988", "level": "INFO", "module": "blockchain_api", "message": "[BlockchainAPIAdapter] Initialized for 'tron'"}
{"timestamp": "2026-08-12 20:11:37,137", "level": "WARNING", "module": "market_apis", "message": "[MarketAPI] Cache miss + error for cg_price_ethereum_0xa0b86991c6218b36c1d19d4a2e9eb0ce3606eb48: 429 Client Error: Too Many Requests for url: https://api.coingecko.com/api/v3/simple/token_price/ethereum?contract_addresses=0xa0b86991c6218b36c1d19d4a2e9eb0ce3606eb48&vs_currencies=usd"}
{"timestamp": "2026-08-12 20:11:37,170", "level": "INFO", "module": "blockchain_api", "message": "[BlockchainAPIAdapter] Initialized for 'tron'"}
{"timestamp": "2026-08-12 20:11:37,205", "level": "INFO", "module": "online_store", "message": "Cached features in local file for tron:tcu8d3v6nvcf6w9oa72un83wpgsr8k5buu"}
{"timestamp": "2026-08-12 20:11:37,225", "level": "INFO", "module": "offline_store", "message": "Saved feature snapshot to offline store for TCu8d3V6nVCf6W9oA72UN83WpgSr8k5buU"}
{"timestamp": "2026-08-12 20:11:37,226", "level": "INFO", "module": "blockchain_api_tron", "message": "[TronDataFetcher] Initialized for contract 'TR7NHqjeKQxGTCi8q8ZY4pL8otSzgjLj6t'"}
{"timestamp": "2026-08-12 20:18:19,926", "level": "INFO", "module": "blockchain_api_tron", "message": "[TronDataFetcher] Initialized for contract 'TR7NHqjeKQxGTCi8q8ZY4pL8otSzgjLj6t'"}
{"timestamp": "2026-08-12 20:20:01,574", "level": "INFO", "module": "blockchain_api_tron", "message": "[TronDataFetcher] Initialized for contract 'TR7NHqjeKQxGTCi8q8ZY4pL8otSzgjLj6t'"}
{"timestamp": "2026-08-12 20:20:03,167", "level": "ERROR", "module": "blockchain_api_tron", "message": "[TronDataFetcher] Request failed with HTTP 400: {"success":false,"error":"A valid account address is required.","statusCode":400}"}
{"timestamp": "2026-08-12 20:20:04,686", "level": "ERROR", "module": "blockchain_api_tron", "message": "[TronDataFetcher] Request failed with HTTP 400: {"success":false,"error":"A valid account address is required.","statusCode":400}"}
{"timestamp": "2026-08-12 20:21:26,052", "level": "INFO", "module": "blockchain_api_tron", "message": "[TronDataFetcher] Initialized for contract 'TR7NHqjeKQxGTCi8q8ZY4pL8otSzgjLj6t'"}
{"timestamp": "2026-08-12 20:21:28,351", "level": "ERROR", "module": "blockchain_api_tron", "message": "[TronDataFetcher] Request failed with HTTP 400: {"success":false,"error":"A valid account address is required.","statusCode":400}"}
{"timestamp": "2026-08-12 20:21:30,294", "level": "ERROR", "module": "blockchain_api_tron", "message": "[TronDataFetcher] Request failed with HTTP 400: {"message":"relatedAddress is not a valid address"}
"}
{"timestamp": "2026-08-12 20:21:31,865", "level": "ERROR", "module": "blockchain_api_tron", "message": "[TronDataFetcher] Request failed with HTTP 400: {"success":false,"error":"A valid account address is required.","statusCode":400}"}
{"timestamp": "2026-08-12 20:21:33,722", "level": "ERROR", "module": "blockchain_api_tron", "message": "[TronDataFetcher] Request failed with HTTP 400: {"message":"relatedAddress is not a valid address"}
"}
{"timestamp": "2026-08-12 20:22:50,911", "level": "INFO", "module": "_client", "message": "HTTP Request: POST http://testserver/api/token "HTTP/1.1 200 OK""}
{"timestamp": "2026-08-12 20:24:16,969", "level": "INFO", "module": "feature_engineering", "message": "Generating features for TNPeeaaTK7v3QGiBBWnWNFUzhMHucEjm84 on chain tron..."}
{"timestamp": "2026-08-12 20:24:16,969", "level": "INFO", "module": "blockchain_api", "message": "[BlockchainAPIAdapter] Initialized for 'tron'"}
{"timestamp": "2026-08-12 20:24:31,139", "level": "WARNING", "module": "market_apis", "message": "[MarketAPI] Cache miss + error for cg_price_ethereum_0xdac17f958d2ee523a2206206994597c13d831ec7: 429 Client Error: Too Many Requests for url: https://api.coingecko.com/api/v3/simple/token_price/ethereum?contract_addresses=0xdac17f958d2ee523a2206206994597c13d831ec7&vs_currencies=usd"}
{"timestamp": "2026-08-12 20:24:32,190", "level": "WARNING", "module": "market_apis", "message": "[MarketAPI] Cache miss + error for cg_meta_ethereum_0xbadc0de1f111e111222333444555666777888999: 429 Client Error: Too Many Requests for url: https://api.coingecko.com/api/v3/coins/ethereum/contract/0xbadc0de1f111e111222333444555666777888999"}
{"timestamp": "2026-08-12 20:24:33,163", "level": "WARNING", "module": "market_apis", "message": "[MarketAPI] Cache miss + error for cg_price_ethereum_0xbadc0de1f111e111222333444555666777888999: 429 Client Error: Too Many Requests for url: https://api.coingecko.com/api/v3/simple/token_price/ethereum?contract_addresses=0xbadc0de1f111e111222333444555666777888999&vs_currencies=usd"}
{"timestamp": "2026-08-12 20:24:34,216", "level": "WARNING", "module": "market_apis", "message": "[MarketAPI] Cache miss + error for cg_price_ethereum_0xdac17f958d2ee523a2206206994597c13d831ec7: 429 Client Error: Too Many Requests for url: https://api.coingecko.com/api/v3/simple/token_price/ethereum?contract_addresses=0xdac17f958d2ee523a2206206994597c13d831ec7&vs_currencies=usd"}
{"timestamp": "2026-08-12 20:24:35,132", "level": "WARNING", "module": "market_apis", "message": "[MarketAPI] Cache miss + error for cg_price_ethereum_0xdac17f958d2ee523a2206206994597c13d831ec7: 429 Client Error: Too Many Requests for url: https://api.coingecko.com/api/v3/simple/token_price/ethereum?contract_addresses=0xdac17f958d2ee523a2206206994597c13d831ec7&vs_currencies=usd"}
{"timestamp": "2026-08-12 20:24:35,265", "level": "INFO", "module": "blockchain_api", "message": "[BlockchainAPIAdapter] Initialized for 'tron'"}
{"timestamp": "2026-08-12 20:24:35,285", "level": "INFO", "module": "online_store", "message": "Cached features in local file for tron:tnpeeaatk7v3qgibbwnwnfuzhmhucejm84"}
{"timestamp": "2026-08-12 20:24:35,298", "level": "INFO", "module": "offline_store", "message": "Saved feature snapshot to offline store for TNPeeaaTK7v3QGiBBWnWNFUzhMHucEjm84"}
{"timestamp": "2026-08-12 20:24:35,331", "level": "INFO", "module": "blockchain_api_tron", "message": "[TronDataFetcher] Initialized for contract 'TR7NHqjeKQxGTCi8q8ZY4pL8otSzgjLj6t'"}
{"timestamp": "2026-08-12 20:24:37,367", "level": "ERROR", "module": "blockchain_api_tron", "message": "[TronDataFetcher] Request failed with HTTP 400: {"success":false,"error":"A valid account address is required.","statusCode":400}"}
{"timestamp": "2026-08-12 20:24:39,088", "level": "ERROR", "module": "blockchain_api_tron", "message": "[TronDataFetcher] Request failed with HTTP 400: {"message":"relatedAddress is not a valid address"}
"}
{"timestamp": "2026-08-12 20:24:51,381", "level": "INFO", "module": "blockchain_api_tron", "message": "[TronDataFetcher] Initialized for contract 'TR7NHqjeKQxGTCi8q8ZY4pL8otSzgjLj6t'"}
{"timestamp": "2026-08-12 20:24:53,505", "level": "ERROR", "module": "blockchain_api_tron", "message": "[TronDataFetcher] Request failed with HTTP 401: <html>
<head><title>401 Authorization Required</title></head>
<body>
<center><h1>401 Authorization Required</h1></center>
<hr><center>openresty</center>
</body>
</html>
<!-- a padding to disabl"}
{"timestamp": "2026-08-12 20:25:13,700", "level": "INFO", "module": "blockchain_api_tron", "message": "[TronDataFetcher] Initialized for contract 'TR7NHqjeKQxGTCi8q8ZY4pL8otSzgjLj6t'"}
{"timestamp": "2026-08-12 20:25:57,265", "level": "INFO", "module": "feature_engineering", "message": "Generating features for TCu8d3V6nVCf6W9oA72UN83WpgSr8k5buU on chain tron..."}
{"timestamp": "2026-08-12 20:25:57,266", "level": "INFO", "module": "blockchain_api", "message": "[BlockchainAPIAdapter] Initialized for 'tron'"}
{"timestamp": "2026-08-12 20:26:05,754", "level": "INFO", "module": "blockchain_api", "message": "[BlockchainAPIAdapter] Initialized for 'tron'"}
{"timestamp": "2026-08-12 20:26:05,773", "level": "INFO", "module": "online_store", "message": "Cached features in local file for tron:tcu8d3v6nvcf6w9oa72un83wpgsr8k5buu"}
{"timestamp": "2026-08-12 20:26:05,867", "level": "INFO", "module": "offline_store", "message": "Saved feature snapshot to offline store for TCu8d3V6nVCf6W9oA72UN83WpgSr8k5buU"}
{"timestamp": "2026-08-12 20:26:05,878", "level": "INFO", "module": "blockchain_api_tron", "message": "[TronDataFetcher] Initialized for contract 'TR7NHqjeKQxGTCi8q8ZY4pL8otSzgjLj6t'"}
{"timestamp": "2026-08-12 20:28:11,088", "level": "INFO", "module": "online_store", "message": "Cache hit (local file) for tron:tnpeeaatk7v3qgibbwnwnfuzhmhucejm84"}
{"timestamp": "2026-08-12 20:28:11,105", "level": "INFO", "module": "blockchain_api_tron", "message": "[TronDataFetcher] Initialized for contract 'TR7NHqjeKQxGTCi8q8ZY4pL8otSzgjLj6t'"}
{"timestamp": "2026-08-12 20:28:13,558", "level": "ERROR", "module": "blockchain_api_tron", "message": "[TronDataFetcher] Request failed with HTTP 400: {"success":false,"error":"A valid account address is required.","statusCode":400}"}
{"timestamp": "2026-08-12 20:28:16,237", "level": "ERROR", "module": "blockchain_api_tron", "message": "[TronDataFetcher] Request failed with HTTP 400: {"message":"relatedAddress is not a valid address"}
"}
{"timestamp": "2026-08-12 20:28:54,020", "level": "INFO", "module": "feature_engineering", "message": "Generating features for TCu8d3V6nVCf6W9oA72UN83WpgSr8k5buU on chain tron..."}
{"timestamp": "2026-08-12 20:28:54,021", "level": "INFO", "module": "blockchain_api", "message": "[BlockchainAPIAdapter] Initialized for 'tron'"}
{"timestamp": "2026-08-12 20:29:05,533", "level": "INFO", "module": "blockchain_api", "message": "[BlockchainAPIAdapter] Initialized for 'tron'"}
{"timestamp": "2026-08-12 20:29:05,616", "level": "INFO", "module": "online_store", "message": "Cached features in local file for tron:tcu8d3v6nvcf6w9oa72un83wpgsr8k5buu"}
{"timestamp": "2026-08-12 20:29:05,681", "level": "INFO", "module": "offline_store", "message": "Saved feature snapshot to offline store for TCu8d3V6nVCf6W9oA72UN83WpgSr8k5buU"}
{"timestamp": "2026-08-12 20:29:05,684", "level": "INFO", "module": "blockchain_api_tron", "message": "[TronDataFetcher] Initialized for contract 'TR7NHqjeKQxGTCi8q8ZY4pL8otSzgjLj6t'"}
{"timestamp": "2026-08-12 20:32:50,707", "level": "INFO", "module": "feature_engineering", "message": "Generating features for TPYmHEhy5n8TCEfYGqW2rPxsghSfzghPDn on chain tron..."}
{"timestamp": "2026-08-12 20:32:50,707", "level": "INFO", "module": "blockchain_api", "message": "[BlockchainAPIAdapter] Initialized for 'tron'"}
{"timestamp": "2026-08-12 20:32:54,656", "level": "INFO", "module": "blockchain_api", "message": "[BlockchainAPIAdapter] Initialized for 'tron'"}
{"timestamp": "2026-08-12 20:32:54,711", "level": "INFO", "module": "online_store", "message": "Cached features in local file for tron:tpymhehy5n8tcefygqw2rpxsghsfzghpdn"}
{"timestamp": "2026-08-12 20:32:54,723", "level": "INFO", "module": "offline_store", "message": "Saved feature snapshot to offline store for TPYmHEhy5n8TCEfYGqW2rPxsghSfzghPDn"}
{"timestamp": "2026-08-12 20:32:54,724", "level": "INFO", "module": "blockchain_api_tron", "message": "[TronDataFetcher] Initialized for contract 'TR7NHqjeKQxGTCi8q8ZY4pL8otSzgjLj6t'"}
{"timestamp": "2026-08-12 20:37:41,452", "level": "INFO", "module": "feature_engineering", "message": "Generating features for TR7NHqjeKQxGTCi8q8ZY4pL8otSzgjLj6t on chain tron..."}
{"timestamp": "2026-08-12 20:37:41,452", "level": "INFO", "module": "blockchain_api", "message": "[BlockchainAPIAdapter] Initialized for 'tron'"}
{"timestamp": "2026-08-12 20:37:50,895", "level": "WARNING", "module": "market_apis", "message": "[MarketAPI] Cache miss + error for cg_price_ethereum_0xbadc0de1f111e111222333444555666777888999: 429 Client Error: Too Many Requests for url: https://api.coingecko.com/api/v3/simple/token_price/ethereum?contract_addresses=0xbadc0de1f111e111222333444555666777888999&vs_currencies=usd"}
{"timestamp": "2026-08-12 20:37:52,062", "level": "WARNING", "module": "market_apis", "message": "[MarketAPI] Cache miss + error for cg_price_ethereum_0xbadc0de1f111e111222333444555666777888999: 429 Client Error: Too Many Requests for url: https://api.coingecko.com/api/v3/simple/token_price/ethereum?contract_addresses=0xbadc0de1f111e111222333444555666777888999&vs_currencies=usd"}
{"timestamp": "2026-08-12 20:37:53,125", "level": "WARNING", "module": "market_apis", "message": "[MarketAPI] Cache miss + error for cg_price_ethereum_0xbadc0de1f111e111222333444555666777888999: 429 Client Error: Too Many Requests for url: https://api.coingecko.com/api/v3/simple/token_price/ethereum?contract_addresses=0xbadc0de1f111e111222333444555666777888999&vs_currencies=usd"}
{"timestamp": "2026-08-12 20:37:54,298", "level": "WARNING", "module": "market_apis", "message": "[MarketAPI] Cache miss + error for cg_meta_ethereum_0xc02aaa39b223fe8d0a0e5c4f27ead9083c756cc2: 429 Client Error: Too Many Requests for url: https://api.coingecko.com/api/v3/coins/ethereum/contract/0xc02aaa39b223fe8d0a0e5c4f27ead9083c756cc2"}
{"timestamp": "2026-08-12 20:37:55,452", "level": "WARNING", "module": "market_apis", "message": "[MarketAPI] Cache miss + error for cg_price_ethereum_0xc02aaa39b223fe8d0a0e5c4f27ead9083c756cc2: 429 Client Error: Too Many Requests for url: https://api.coingecko.com/api/v3/simple/token_price/ethereum?contract_addresses=0xc02aaa39b223fe8d0a0e5c4f27ead9083c756cc2&vs_currencies=usd"}
{"timestamp": "2026-08-12 20:37:56,556", "level": "WARNING", "module": "market_apis", "message": "[MarketAPI] Cache miss + error for cg_meta_ethereum_0xc02aaa39b223fe8d0a0e5c4f27ead9083c756cc2: 429 Client Error: Too Many Requests for url: https://api.coingecko.com/api/v3/coins/ethereum/contract/0xc02aaa39b223fe8d0a0e5c4f27ead9083c756cc2"}
{"timestamp": "2026-08-12 20:37:57,669", "level": "WARNING", "module": "market_apis", "message": "[MarketAPI] Cache miss + error for cg_price_ethereum_0xc02aaa39b223fe8d0a0e5c4f27ead9083c756cc2: 429 Client Error: Too Many Requests for url: https://api.coingecko.com/api/v3/simple/token_price/ethereum?contract_addresses=0xc02aaa39b223fe8d0a0e5c4f27ead9083c756cc2&vs_currencies=usd"}
{"timestamp": "2026-08-12 20:37:58,863", "level": "WARNING", "module": "market_apis", "message": "[MarketAPI] Cache miss + error for cg_meta_ethereum_0xa0b86991c6218b36c1d19d4a2e9eb0ce3606eb48: 429 Client Error: Too Many Requests for url: https://api.coingecko.com/api/v3/coins/ethereum/contract/0xa0b86991c6218b36c1d19d4a2e9eb0ce3606eb48"}
{"timestamp": "2026-08-12 20:38:00,218", "level": "WARNING", "module": "market_apis", "message": "[MarketAPI] Cache miss + error for cg_price_ethereum_0xa0b86991c6218b36c1d19d4a2e9eb0ce3606eb48: 429 Client Error: Too Many Requests for url: https://api.coingecko.com/api/v3/simple/token_price/ethereum?contract_addresses=0xa0b86991c6218b36c1d19d4a2e9eb0ce3606eb48&vs_currencies=usd"}
{"timestamp": "2026-08-12 20:38:01,472", "level": "WARNING", "module": "market_apis", "message": "[MarketAPI] Cache miss + error for cg_meta_ethereum_0xa0b86991c6218b36c1d19d4a2e9eb0ce3606eb48: 429 Client Error: Too Many Requests for url: https://api.coingecko.com/api/v3/coins/ethereum/contract/0xa0b86991c6218b36c1d19d4a2e9eb0ce3606eb48"}
{"timestamp": "2026-08-12 20:38:02,707", "level": "WARNING", "module": "market_apis", "message": "[MarketAPI] Cache miss + error for cg_price_ethereum_0xa0b86991c6218b36c1d19d4a2e9eb0ce3606eb48: 429 Client Error: Too Many Requests for url: https://api.coingecko.com/api/v3/simple/token_price/ethereum?contract_addresses=0xa0b86991c6218b36c1d19d4a2e9eb0ce3606eb48&vs_currencies=usd"}
{"timestamp": "2026-08-12 20:38:03,861", "level": "WARNING", "module": "market_apis", "message": "[MarketAPI] Cache miss + error for cg_price_ethereum_0xbadc0de1f111e111222333444555666777888999: 429 Client Error: Too Many Requests for url: https://api.coingecko.com/api/v3/simple/token_price/ethereum?contract_addresses=0xbadc0de1f111e111222333444555666777888999&vs_currencies=usd"}
{"timestamp": "2026-08-12 20:38:05,051", "level": "WARNING", "module": "market_apis", "message": "[MarketAPI] Cache miss + error for cg_price_ethereum_0xbadc0de1f111e111222333444555666777888999: 429 Client Error: Too Many Requests for url: https://api.coingecko.com/api/v3/simple/token_price/ethereum?contract_addresses=0xbadc0de1f111e111222333444555666777888999&vs_currencies=usd"}
{"timestamp": "2026-08-12 20:38:06,157", "level": "WARNING", "module": "market_apis", "message": "[MarketAPI] Cache miss + error for cg_meta_ethereum_0xc02aaa39b223fe8d0a0e5c4f27ead9083c756cc2: 429 Client Error: Too Many Requests for url: https://api.coingecko.com/api/v3/coins/ethereum/contract/0xc02aaa39b223fe8d0a0e5c4f27ead9083c756cc2"}
{"timestamp": "2026-08-12 20:38:07,448", "level": "WARNING", "module": "market_apis", "message": "[MarketAPI] Cache miss + error for cg_price_ethereum_0xc02aaa39b223fe8d0a0e5c4f27ead9083c756cc2: 429 Client Error: Too Many Requests for url: https://api.coingecko.com/api/v3/simple/token_price/ethereum?contract_addresses=0xc02aaa39b223fe8d0a0e5c4f27ead9083c756cc2&vs_currencies=usd"}
{"timestamp": "2026-08-12 20:38:08,659", "level": "WARNING", "module": "market_apis", "message": "[MarketAPI] Cache miss + error for cg_price_ethereum_0xbadc0de1f111e111222333444555666777888999: 429 Client Error: Too Many Requests for url: https://api.coingecko.com/api/v3/simple/token_price/ethereum?contract_addresses=0xbadc0de1f111e111222333444555666777888999&vs_currencies=usd"}
{"timestamp": "2026-08-12 20:38:08,666", "level": "INFO", "module": "blockchain_api", "message": "[BlockchainAPIAdapter] Initialized for 'tron'"}
{"timestamp": "2026-08-12 20:38:08,688", "level": "INFO", "module": "online_store", "message": "Cached features in local file for tron:tr7nhqjekqxgtci8q8zy4pl8otszgjlj6t"}
{"timestamp": "2026-08-12 20:38:08,707", "level": "INFO", "module": "offline_store", "message": "Saved feature snapshot to offline store for TR7NHqjeKQxGTCi8q8ZY4pL8otSzgjLj6t"}
{"timestamp": "2026-08-12 20:38:08,708", "level": "INFO", "module": "blockchain_api_tron", "message": "[TronDataFetcher] Initialized for contract 'TR7NHqjeKQxGTCi8q8ZY4pL8otSzgjLj6t'"}
{"timestamp": "2026-08-12 21:04:14,169", "level": "INFO", "module": "feature_engineering", "message": "Generating features for TR7NHqjeKQxGTCi8q8ZY4pL8otSzgjLj6t on chain tron..."}
{"timestamp": "2026-08-12 21:04:14,169", "level": "INFO", "module": "blockchain_api", "message": "[BlockchainAPIAdapter] Initialized for 'tron'"}
{"timestamp": "2026-08-12 21:04:27,354", "level": "WARNING", "module": "market_apis", "message": "[MarketAPI] Cache miss + error for cg_price_ethereum_0xbadc0de1f111e111222333444555666777888999: 429 Client Error: Too Many Requests for url: https://api.coingecko.com/api/v3/simple/token_price/ethereum?contract_addresses=0xbadc0de1f111e111222333444555666777888999&vs_currencies=usd"}
{"timestamp": "2026-08-12 21:04:28,627", "level": "WARNING", "module": "market_apis", "message": "[MarketAPI] Cache miss + error for cg_price_ethereum_0xbadc0de1f111e111222333444555666777888999: 429 Client Error: Too Many Requests for url: https://api.coingecko.com/api/v3/simple/token_price/ethereum?contract_addresses=0xbadc0de1f111e111222333444555666777888999&vs_currencies=usd"}
{"timestamp": "2026-08-12 21:04:31,857", "level": "WARNING", "module": "market_apis", "message": "[MarketAPI] Cache miss + error for cg_price_ethereum_0xbadc0de1f111e111222333444555666777888999: 429 Client Error: Too Many Requests for url: https://api.coingecko.com/api/v3/simple/token_price/ethereum?contract_addresses=0xbadc0de1f111e111222333444555666777888999&vs_currencies=usd"}
{"timestamp": "2026-08-12 21:04:33,501", "level": "WARNING", "module": "market_apis", "message": "[MarketAPI] Cache miss + error for cg_meta_ethereum_0xc02aaa39b223fe8d0a0e5c4f27ead9083c756cc2: 429 Client Error: Too Many Requests for url: https://api.coingecko.com/api/v3/coins/ethereum/contract/0xc02aaa39b223fe8d0a0e5c4f27ead9083c756cc2"}
{"timestamp": "2026-08-12 21:04:34,553", "level": "WARNING", "module": "market_apis", "message": "[MarketAPI] Cache miss + error for cg_price_ethereum_0xc02aaa39b223fe8d0a0e5c4f27ead9083c756cc2: 429 Client Error: Too Many Requests for url: https://api.coingecko.com/api/v3/simple/token_price/ethereum?contract_addresses=0xc02aaa39b223fe8d0a0e5c4f27ead9083c756cc2&vs_currencies=usd"}
{"timestamp": "2026-08-12 21:04:35,662", "level": "WARNING", "module": "market_apis", "message": "[MarketAPI] Cache miss + error for cg_meta_ethereum_0xc02aaa39b223fe8d0a0e5c4f27ead9083c756cc2: 429 Client Error: Too Many Requests for url: https://api.coingecko.com/api/v3/coins/ethereum/contract/0xc02aaa39b223fe8d0a0e5c4f27ead9083c756cc2"}
{"timestamp": "2026-08-12 21:04:36,813", "level": "WARNING", "module": "market_apis", "message": "[MarketAPI] Cache miss + error for cg_price_ethereum_0xc02aaa39b223fe8d0a0e5c4f27ead9083c756cc2: 429 Client Error: Too Many Requests for url: https://api.coingecko.com/api/v3/simple/token_price/ethereum?contract_addresses=0xc02aaa39b223fe8d0a0e5c4f27ead9083c756cc2&vs_currencies=usd"}
{"timestamp": "2026-08-12 21:04:37,897", "level": "WARNING", "module": "market_apis", "message": "[MarketAPI] Cache miss + error for cg_meta_ethereum_0xa0b86991c6218b36c1d19d4a2e9eb0ce3606eb48: 429 Client Error: Too Many Requests for url: https://api.coingecko.com/api/v3/coins/ethereum/contract/0xa0b86991c6218b36c1d19d4a2e9eb0ce3606eb48"}
{"timestamp": "2026-08-12 21:04:39,153", "level": "WARNING", "module": "market_apis", "message": "[MarketAPI] Cache miss + error for cg_price_ethereum_0xa0b86991c6218b36c1d19d4a2e9eb0ce3606eb48: 429 Client Error: Too Many Requests for url: https://api.coingecko.com/api/v3/simple/token_price/ethereum?contract_addresses=0xa0b86991c6218b36c1d19d4a2e9eb0ce3606eb48&vs_currencies=usd"}
{"timestamp": "2026-08-12 21:04:40,429", "level": "WARNING", "module": "market_apis", "message": "[MarketAPI] Cache miss + error for cg_meta_ethereum_0xa0b86991c6218b36c1d19d4a2e9eb0ce3606eb48: 429 Client Error: Too Many Requests for url: https://api.coingecko.com/api/v3/coins/ethereum/contract/0xa0b86991c6218b36c1d19d4a2e9eb0ce3606eb48"}
{"timestamp": "2026-08-12 21:04:41,614", "level": "WARNING", "module": "market_apis", "message": "[MarketAPI] Cache miss + error for cg_price_ethereum_0xa0b86991c6218b36c1d19d4a2e9eb0ce3606eb48: 429 Client Error: Too Many Requests for url: https://api.coingecko.com/api/v3/simple/token_price/ethereum?contract_addresses=0xa0b86991c6218b36c1d19d4a2e9eb0ce3606eb48&vs_currencies=usd"}
{"timestamp": "2026-08-12 21:04:42,590", "level": "WARNING", "module": "market_apis", "message": "[MarketAPI] Cache miss + error for cg_price_ethereum_0xbadc0de1f111e111222333444555666777888999: 429 Client Error: Too Many Requests for url: https://api.coingecko.com/api/v3/simple/token_price/ethereum?contract_addresses=0xbadc0de1f111e111222333444555666777888999&vs_currencies=usd"}
{"timestamp": "2026-08-12 21:04:43,653", "level": "WARNING", "module": "market_apis", "message": "[MarketAPI] Cache miss + error for cg_price_ethereum_0xbadc0de1f111e111222333444555666777888999: 429 Client Error: Too Many Requests for url: https://api.coingecko.com/api/v3/simple/token_price/ethereum?contract_addresses=0xbadc0de1f111e111222333444555666777888999&vs_currencies=usd"}
{"timestamp": "2026-08-12 21:04:44,570", "level": "WARNING", "module": "market_apis", "message": "[MarketAPI] Cache miss + error for cg_meta_ethereum_0xc02aaa39b223fe8d0a0e5c4f27ead9083c756cc2: 429 Client Error: Too Many Requests for url: https://api.coingecko.com/api/v3/coins/ethereum/contract/0xc02aaa39b223fe8d0a0e5c4f27ead9083c756cc2"}
{"timestamp": "2026-08-12 21:04:45,653", "level": "WARNING", "module": "market_apis", "message": "[MarketAPI] Cache miss + error for cg_price_ethereum_0xc02aaa39b223fe8d0a0e5c4f27ead9083c756cc2: 429 Client Error: Too Many Requests for url: https://api.coingecko.com/api/v3/simple/token_price/ethereum?contract_addresses=0xc02aaa39b223fe8d0a0e5c4f27ead9083c756cc2&vs_currencies=usd"}
{"timestamp": "2026-08-12 21:04:46,710", "level": "WARNING", "module": "market_apis", "message": "[MarketAPI] Cache miss + error for cg_price_ethereum_0xbadc0de1f111e111222333444555666777888999: 429 Client Error: Too Many Requests for url: https://api.coingecko.com/api/v3/simple/token_price/ethereum?contract_addresses=0xbadc0de1f111e111222333444555666777888999&vs_currencies=usd"}
{"timestamp": "2026-08-12 21:04:46,762", "level": "INFO", "module": "blockchain_api", "message": "[BlockchainAPIAdapter] Initialized for 'tron'"}
{"timestamp": "2026-08-12 21:04:46,780", "level": "INFO", "module": "online_store", "message": "Cached features in local file for tron:tr7nhqjekqxgtci8q8zy4pl8otszgjlj6t"}
{"timestamp": "2026-08-12 21:04:46,792", "level": "INFO", "module": "offline_store", "message": "Saved feature snapshot to offline store for TR7NHqjeKQxGTCi8q8ZY4pL8otSzgjLj6t"}
{"timestamp": "2026-08-12 21:04:46,818", "level": "INFO", "module": "blockchain_api_tron", "message": "[TronDataFetcher] Initialized for contract 'TR7NHqjeKQxGTCi8q8ZY4pL8otSzgjLj6t'"}
{"timestamp": "2026-08-12 21:53:44,943", "level": "INFO", "module": "feature_engineering", "message": "Generating features for TNPeeaaTK7v3QGiBBWnWNFUzhMHucEjm84 on chain tron..."}
{"timestamp": "2026-08-12 21:53:44,943", "level": "INFO", "module": "blockchain_api", "message": "[BlockchainAPIAdapter] Initialized for 'tron'"}
{"timestamp": "2026-08-12 21:53:52,134", "level": "WARNING", "module": "market_apis", "message": "[MarketAPI] Cache miss + error for cg_price_ethereum_0xdac17f958d2ee523a2206206994597c13d831ec7: 429 Client Error: Too Many Requests for url: https://api.coingecko.com/api/v3/simple/token_price/ethereum?contract_addresses=0xdac17f958d2ee523a2206206994597c13d831ec7&vs_currencies=usd"}
{"timestamp": "2026-08-12 21:53:53,072", "level": "WARNING", "module": "market_apis", "message": "[MarketAPI] Cache miss + error for cg_meta_ethereum_0xbadc0de1f111e111222333444555666777888999: 429 Client Error: Too Many Requests for url: https://api.coingecko.com/api/v3/coins/ethereum/contract/0xbadc0de1f111e111222333444555666777888999"}
{"timestamp": "2026-08-12 21:53:53,916", "level": "WARNING", "module": "market_apis", "message": "[MarketAPI] Cache miss + error for cg_price_ethereum_0xbadc0de1f111e111222333444555666777888999: 429 Client Error: Too Many Requests for url: https://api.coingecko.com/api/v3/simple/token_price/ethereum?contract_addresses=0xbadc0de1f111e111222333444555666777888999&vs_currencies=usd"}
{"timestamp": "2026-08-12 21:53:55,093", "level": "WARNING", "module": "market_apis", "message": "[MarketAPI] Cache miss + error for cg_price_ethereum_0xdac17f958d2ee523a2206206994597c13d831ec7: 429 Client Error: Too Many Requests for url: https://api.coingecko.com/api/v3/simple/token_price/ethereum?contract_addresses=0xdac17f958d2ee523a2206206994597c13d831ec7&vs_currencies=usd"}
{"timestamp": "2026-08-12 21:53:56,046", "level": "WARNING", "module": "market_apis", "message": "[MarketAPI] Cache miss + error for cg_price_ethereum_0xdac17f958d2ee523a2206206994597c13d831ec7: 429 Client Error: Too Many Requests for url: https://api.coingecko.com/api/v3/simple/token_price/ethereum?contract_addresses=0xdac17f958d2ee523a2206206994597c13d831ec7&vs_currencies=usd"}
{"timestamp": "2026-08-12 21:53:56,234", "level": "INFO", "module": "blockchain_api", "message": "[BlockchainAPIAdapter] Initialized for 'tron'"}
{"timestamp": "2026-08-12 21:53:56,262", "level": "INFO", "module": "online_store", "message": "Cached features in local file for tron:tnpeeaatk7v3qgibbwnwnfuzhmhucejm84"}
{"timestamp": "2026-08-12 21:53:56,272", "level": "INFO", "module": "offline_store", "message": "Saved feature snapshot to offline store for TNPeeaaTK7v3QGiBBWnWNFUzhMHucEjm84"}
{"timestamp": "2026-08-12 21:53:56,285", "level": "INFO", "module": "blockchain_api_tron", "message": "[TronDataFetcher] Initialized for contract 'TR7NHqjeKQxGTCi8q8ZY4pL8otSzgjLj6t'"}
{"timestamp": "2026-08-12 21:53:57,681", "level": "ERROR", "module": "blockchain_api_tron", "message": "[TronDataFetcher] Request failed with HTTP 400: {"success":false,"error":"A valid account address is required.","statusCode":400}"}
{"timestamp": "2026-08-12 21:53:59,348", "level": "ERROR", "module": "blockchain_api_tron", "message": "[TronDataFetcher] Request failed with HTTP 400: {"message":"relatedAddress is not a valid address"}
"}
{"timestamp": "2026-08-12 21:54:47,666", "level": "INFO", "module": "feature_engineering", "message": "Generating features for TR7NHqjeKQxGTCi8q8ZY4pL8otSzgjLj6t on chain tron..."}
{"timestamp": "2026-08-12 21:54:47,667", "level": "INFO", "module": "blockchain_api", "message": "[BlockchainAPIAdapter] Initialized for 'tron'"}
{"timestamp": "2026-08-12 21:54:48,687", "level": "WARNING", "module": "market_apis", "message": "[MarketAPI] Cache miss + error for cg_price_ethereum_0xdac17f958d2ee523a2206206994597c13d831ec7: 429 Client Error: Too Many Requests for url: https://api.coingecko.com/api/v3/simple/token_price/ethereum?contract_addresses=0xdac17f958d2ee523a2206206994597c13d831ec7&vs_currencies=usd"}
{"timestamp": "2026-08-12 21:54:49,622", "level": "WARNING", "module": "market_apis", "message": "[MarketAPI] Cache miss + error for cg_price_ethereum_0xdac17f958d2ee523a2206206994597c13d831ec7: 429 Client Error: Too Many Requests for url: https://api.coingecko.com/api/v3/simple/token_price/ethereum?contract_addresses=0xdac17f958d2ee523a2206206994597c13d831ec7&vs_currencies=usd"}
{"timestamp": "2026-08-12 21:54:50,553", "level": "WARNING", "module": "market_apis", "message": "[MarketAPI] Cache miss + error for cg_meta_ethereum_0xbadc0de1f111e111222333444555666777888999: 429 Client Error: Too Many Requests for url: https://api.coingecko.com/api/v3/coins/ethereum/contract/0xbadc0de1f111e111222333444555666777888999"}
{"timestamp": "2026-08-12 21:54:51,408", "level": "WARNING", "module": "market_apis", "message": "[MarketAPI] Cache miss + error for cg_price_ethereum_0xbadc0de1f111e111222333444555666777888999: 429 Client Error: Too Many Requests for url: https://api.coingecko.com/api/v3/simple/token_price/ethereum?contract_addresses=0xbadc0de1f111e111222333444555666777888999&vs_currencies=usd"}
{"timestamp": "2026-08-12 21:54:57,812", "level": "INFO", "module": "blockchain_api", "message": "[BlockchainAPIAdapter] Initialized for 'tron'"}
{"timestamp": "2026-08-12 21:54:57,827", "level": "INFO", "module": "online_store", "message": "Cached features in local file for tron:tr7nhqjekqxgtci8q8zy4pl8otszgjlj6t"}
{"timestamp": "2026-08-12 21:54:57,840", "level": "INFO", "module": "offline_store", "message": "Saved feature snapshot to offline store for TR7NHqjeKQxGTCi8q8ZY4pL8otSzgjLj6t"}
{"timestamp": "2026-08-12 21:54:57,840", "level": "INFO", "module": "blockchain_api_tron", "message": "[TronDataFetcher] Initialized for contract 'TR7NHqjeKQxGTCi8q8ZY4pL8otSzgjLj6t'"}
{"timestamp": "2026-08-12 21:55:32,358", "level": "INFO", "module": "feature_engineering", "message": "Generating features for TY00000000000000000000000000000bad on chain tron..."}
{"timestamp": "2026-08-12 21:55:32,358", "level": "INFO", "module": "blockchain_api", "message": "[BlockchainAPIAdapter] Initialized for 'tron'"}
{"timestamp": "2026-08-12 21:55:32,364", "level": "INFO", "module": "blockchain_api", "message": "[BlockchainAPIAdapter] Initialized for 'tron'"}
{"timestamp": "2026-08-12 21:55:32,380", "level": "INFO", "module": "online_store", "message": "Cached features in local file for tron:ty00000000000000000000000000000bad"}
{"timestamp": "2026-08-12 21:55:32,392", "level": "INFO", "module": "offline_store", "message": "Saved feature snapshot to offline store for TY00000000000000000000000000000bad"}
{"timestamp": "2026-08-12 21:55:32,393", "level": "INFO", "module": "blockchain_api_tron", "message": "[TronDataFetcher] Initialized for contract 'TR7NHqjeKQxGTCi8q8ZY4pL8otSzgjLj6t'"}
{"timestamp": "2026-08-12 21:55:33,684", "level": "ERROR", "module": "blockchain_api_tron", "message": "[TronDataFetcher] Request failed with HTTP 400: {"success":false,"error":"A valid account address is required.","statusCode":400}"}
{"timestamp": "2026-08-12 21:55:35,328", "level": "ERROR", "module": "blockchain_api_tron", "message": "[TronDataFetcher] Request failed with HTTP 400: {"message":"relatedAddress is not a valid address"}
"}
{"timestamp": "2026-08-12 22:54:18,677", "level": "INFO", "module": "feature_engineering", "message": "Generating features for 0x0000000000000000000000000000000000000bad on chain tron..."}
{"timestamp": "2026-08-12 22:54:18,768", "level": "INFO", "module": "online_store", "message": "Cached features in local file for tron:0x0000000000000000000000000000000000000bad"}
{"timestamp": "2026-08-12 22:54:18,777", "level": "INFO", "module": "offline_store", "message": "Saved feature snapshot to offline store for 0x0000000000000000000000000000000000000bad"}
{"timestamp": "2026-08-12 22:54:19,188", "level": "INFO", "module": "blockchain_api_tron", "message": "[TronDataFetcher] Initialized for contract 'TR7NHqjeKQxGTCi8q8ZY4pL8otSzgjLj6t'"}
{"timestamp": "2026-08-12 22:54:22,638", "level": "ERROR", "module": "blockchain_api_tron", "message": "[TronDataFetcher] Request failed with HTTP 400: {"message":"relatedAddress is not a valid address"}
"}
{"timestamp": "2026-08-12 22:54:22,645", "level": "INFO", "module": "feature_engineering", "message": "Generating features for 0xdeadbeefdeadbeefdeadbeefdeadbeefdead0000 on chain tron..."}
{"timestamp": "2026-08-12 22:54:22,665", "level": "INFO", "module": "online_store", "message": "Cached features in local file for tron:0xdeadbeefdeadbeefdeadbeefdeadbeefdead0000"}
{"timestamp": "2026-08-12 22:54:22,676", "level": "INFO", "module": "offline_store", "message": "Saved feature snapshot to offline store for 0xdeadbeefdeadbeefdeadbeefdeadbeefdead0000"}
{"timestamp": "2026-08-12 22:54:22,677", "level": "INFO", "module": "blockchain_api_tron", "message": "[TronDataFetcher] Initialized for contract 'TR7NHqjeKQxGTCi8q8ZY4pL8otSzgjLj6t'"}
{"timestamp": "2026-08-12 22:54:25,697", "level": "ERROR", "module": "blockchain_api_tron", "message": "[TronDataFetcher] Request failed with HTTP 400: {"message":"relatedAddress is not a valid address"}
"}
{"timestamp": "2026-08-12 22:54:47,669", "level": "INFO", "module": "feature_engineering", "message": "Generating features for TPYmHEhy5n8TCEfYGqW2rPxsghSfzghPDn on chain tron..."}
{"timestamp": "2026-08-12 22:54:47,687", "level": "INFO", "module": "online_store", "message": "Cached features in local file for tron:tpymhehy5n8tcefygqw2rpxsghsfzghpdn"}
{"timestamp": "2026-08-12 22:54:47,699", "level": "INFO", "module": "offline_store", "message": "Saved feature snapshot to offline store for TPYmHEhy5n8TCEfYGqW2rPxsghSfzghPDn"}
{"timestamp": "2026-08-12 22:54:47,699", "level": "INFO", "module": "blockchain_api_tron", "message": "[TronDataFetcher] Initialized for contract 'TR7NHqjeKQxGTCi8q8ZY4pL8otSzgjLj6t'"}
{"timestamp": "2026-08-12 22:55:30,353", "level": "INFO", "module": "feature_engineering", "message": "Generating features for 0x742d35Cc6634C0532925a3b844Bc454e4438f44e on chain ethereum..."}
{"timestamp": "2026-08-12 22:55:30,374", "level": "INFO", "module": "online_store", "message": "Cached features in local file for ethereum:0x742d35cc6634c0532925a3b844bc454e4438f44e"}
{"timestamp": "2026-08-12 22:55:30,387", "level": "INFO", "module": "offline_store", "message": "Saved feature snapshot to offline store for 0x742d35Cc6634C0532925a3b844Bc454e4438f44e"}
{"timestamp": "2026-08-12 22:55:31,439", "level": "INFO", "module": "online_store", "message": "Cache hit (local file) for ethereum:0x742d35cc6634c0532925a3b844bc454e4438f44e"}
{"timestamp": "2026-08-12 22:55:33,876", "level": "INFO", "module": "online_store", "message": "Cache hit (local file) for ethereum:0x742d35cc6634c0532925a3b844bc454e4438f44e"}
{"timestamp": "2026-08-12 22:55:37,486", "level": "INFO", "module": "feature_engineering", "message": "Generating features for 0xdeadbeefdeadbeefdeadbeefdeadbeefdead0000 on chain ethereum..."}
{"timestamp": "2026-08-12 22:55:37,506", "level": "INFO", "module": "online_store", "message": "Cached features in local file for ethereum:0xdeadbeefdeadbeefdeadbeefdeadbeefdead0000"}
{"timestamp": "2026-08-12 22:55:37,521", "level": "INFO", "module": "offline_store", "message": "Saved feature snapshot to offline store for 0xdeadbeefdeadbeefdeadbeefdeadbeefdead0000"}
{"timestamp": "2026-08-12 22:55:39,093", "level": "INFO", "module": "feature_engineering", "message": "Generating features for 0x0000000000000000000000000000000000000bad on chain ethereum..."}
{"timestamp": "2026-08-12 22:55:39,116", "level": "INFO", "module": "online_store", "message": "Cached features in local file for ethereum:0x0000000000000000000000000000000000000bad"}
{"timestamp": "2026-08-12 22:55:39,130", "level": "INFO", "module": "offline_store", "message": "Saved feature snapshot to offline store for 0x0000000000000000000000000000000000000bad"}
{"timestamp": "2026-08-12 22:55:44,737", "level": "INFO", "module": "feature_engineering", "message": "Generating features for 0x7A5D8F3A22904838493028304920492039203920 on chain ethereum..."}
{"timestamp": "2026-08-12 22:55:44,760", "level": "INFO", "module": "online_store", "message": "Cached features in local file for ethereum:0x7a5d8f3a22904838493028304920492039203920"}
{"timestamp": "2026-08-12 22:55:44,771", "level": "INFO", "module": "offline_store", "message": "Saved feature snapshot to offline store for 0x7A5D8F3A22904838493028304920492039203920"}
{"timestamp": "2026-08-12 22:55:46,146", "level": "INFO", "module": "feature_engineering", "message": "Generating features for TPYmHEhy5n8TCEfYGqW2rPxsghSfzghPDn on chain ethereum..."}
{"timestamp": "2026-08-12 22:55:46,166", "level": "INFO", "module": "online_store", "message": "Cached features in local file for ethereum:tpymhehy5n8tcefygqw2rpxsghsfzghpdn"}
{"timestamp": "2026-08-12 22:55:46,178", "level": "INFO", "module": "offline_store", "message": "Saved feature snapshot to offline store for TPYmHEhy5n8TCEfYGqW2rPxsghSfzghPDn"}
{"timestamp": "2026-08-13 00:02:05,468", "level": "INFO", "module": "train_tabular", "message": "No raw CSV files found. Generating dataset from scratch."}
{"timestamp": "2026-08-13 00:02:05,469", "level": "INFO", "module": "train_tabular", "message": "Augmenting dataset: adding 9800 synthetic rows to reach 9800..."}
{"timestamp": "2026-08-13 00:02:06,064", "level": "INFO", "module": "train_tabular", "message": "Final training dataset size: 9800 rows. Class distribution: {0: 8330, 1: 1470}"}
{"timestamp": "2026-08-13 00:02:06,217", "level": "INFO", "module": "train_tabular", "message": "Saved scaler to models/scaler.pkl"}
{"timestamp": "2026-08-13 00:02:06,218", "level": "INFO", "module": "train_tabular", "message": "Training model: RandomForest..."}
{"timestamp": "2026-08-13 00:02:06,860", "level": "INFO", "module": "train_tabular", "message": "RandomForest Results: F1=1.0000, AUC=1.0000"}
{"timestamp": "2026-08-13 00:02:06,861", "level": "INFO", "module": "train_tabular", "message": "Training model: GradientBoosting..."}
{"timestamp": "2026-08-13 00:02:08,140", "level": "INFO", "module": "train_tabular", "message": "GradientBoosting Results: F1=1.0000, AUC=1.0000"}
{"timestamp": "2026-08-13 00:02:08,140", "level": "INFO", "module": "train_tabular", "message": "Training model: XGBoost..."}
{"timestamp": "2026-08-13 00:02:08,393", "level": "INFO", "module": "train_tabular", "message": "XGBoost Results: F1=1.0000, AUC=1.0000"}
{"timestamp": "2026-08-13 00:02:08,403", "level": "INFO", "module": "train_tabular", "message": "Best model 'RandomForest' saved to models/tabular/best_model.pkl"}
{"timestamp": "2026-08-13 00:02:08,404", "level": "INFO", "module": "train_tabular", "message": "Best model metrics saved to models/tabular/metrics.json"}
{"timestamp": "2026-08-13 00:02:16,671", "level": "INFO", "module": "train_gnn", "message": "Graph JSON missing or small. Generating a robust 250-node synthetic graph..."}
{"timestamp": "2026-08-13 00:02:20,210", "level": "INFO", "module": "train_gnn", "message": "Training GraphSAGE GNN model..."}
{"timestamp": "2026-08-13 00:02:51,684", "level": "INFO", "module": "train_gnn", "message": "Graph JSON missing or small. Generating a robust 250-node synthetic graph..."}
{"timestamp": "2026-08-13 00:02:54,683", "level": "INFO", "module": "train_gnn", "message": "Training GraphSAGE GNN model..."}
{"timestamp": "2026-08-13 00:02:54,800", "level": "INFO", "module": "train_gnn", "message": "Epoch 010 | Train Loss: 0.0863 | Val Loss: 0.0883 | Train Acc: 0.9200 | Val Acc: 0.9000"}
{"timestamp": "2026-08-13 00:02:54,830", "level": "INFO", "module": "train_gnn", "message": "Epoch 020 | Train Loss: 0.0021 | Val Loss: 0.0145 | Train Acc: 1.0000 | Val Acc: 1.0000"}
{"timestamp": "2026-08-13 00:02:54,865", "level": "INFO", "module": "train_gnn", "message": "Epoch 030 | Train Loss: 0.0000 | Val Loss: 0.0000 | Train Acc: 1.0000 | Val Acc: 1.0000"}
{"timestamp": "2026-08-13 00:02:54,899", "level": "INFO", "module": "train_gnn", "message": "Epoch 040 | Train Loss: 0.0000 | Val Loss: 0.0000 | Train Acc: 1.0000 | Val Acc: 1.0000"}
{"timestamp": "2026-08-13 00:02:54,937", "level": "INFO", "module": "train_gnn", "message": "Epoch 050 | Train Loss: 0.0000 | Val Loss: 0.0000 | Train Acc: 1.0000 | Val Acc: 1.0000"}
{"timestamp": "2026-08-13 00:02:54,972", "level": "INFO", "module": "train_gnn", "message": "Epoch 060 | Train Loss: 0.0000 | Val Loss: 0.0000 | Train Acc: 1.0000 | Val Acc: 1.0000"}
{"timestamp": "2026-08-13 00:02:55,005", "level": "INFO", "module": "train_gnn", "message": "Epoch 070 | Train Loss: 0.0000 | Val Loss: 0.0000 | Train Acc: 1.0000 | Val Acc: 1.0000"}
{"timestamp": "2026-08-13 00:02:55,045", "level": "INFO", "module": "train_gnn", "message": "Epoch 080 | Train Loss: 0.0000 | Val Loss: 0.0000 | Train Acc: 1.0000 | Val Acc: 1.0000"}
{"timestamp": "2026-08-13 00:02:55,087", "level": "INFO", "module": "train_gnn", "message": "Epoch 090 | Train Loss: 0.0000 | Val Loss: 0.0000 | Train Acc: 1.0000 | Val Acc: 1.0000"}
{"timestamp": "2026-08-13 00:02:55,119", "level": "INFO", "module": "train_gnn", "message": "Epoch 100 | Train Loss: 0.0000 | Val Loss: 0.0000 | Train Acc: 1.0000 | Val Acc: 1.0000"}
{"timestamp": "2026-08-13 00:02:55,135", "level": "INFO", "module": "train_gnn", "message": "Saved GNN model to models/graph/gnn_model.pt"}
{"timestamp": "2026-08-13 00:02:55,136", "level": "INFO", "module": "train_gnn", "message": "Saved GNN metrics to models/graph/metrics.json"}
{"timestamp": "2026-08-13 00:03:11,580", "level": "INFO", "module": "train_autoencoder", "message": "No normal wallets found in raw CSV files. Generating clean normal wallets from scratch."}
{"timestamp": "2026-08-13 00:03:11,581", "level": "INFO", "module": "train_autoencoder", "message": "Augmenting clean dataset: adding 1000 synthetic normal wallets..."}
{"timestamp": "2026-08-13 00:03:15,205", "level": "INFO", "module": "train_autoencoder", "message": "Training Autoencoder anomaly detector (50 epochs)..."}
{"timestamp": "2026-08-13 00:03:16,200", "level": "INFO", "module": "train_autoencoder", "message": "Epoch 10 | Loss (MSE): 0.180823"}
{"timestamp": "2026-08-13 00:03:17,011", "level": "INFO", "module": "train_autoencoder", "message": "Epoch 20 | Loss (MSE): 0.180674"}
{"timestamp": "2026-08-13 00:03:17,803", "level": "INFO", "module": "train_autoencoder", "message": "Epoch 30 | Loss (MSE): 0.180659"}
{"timestamp": "2026-08-13 00:03:18,599", "level": "INFO", "module": "train_autoencoder", "message": "Epoch 40 | Loss (MSE): 0.180648"}
{"timestamp": "2026-08-13 00:03:19,376", "level": "INFO", "module": "train_autoencoder", "message": "Epoch 50 | Loss (MSE): 0.180666"}
{"timestamp": "2026-08-13 00:03:19,380", "level": "INFO", "module": "train_autoencoder", "message": "Autoencoder Reconstruction Error Normalization parameters:"}
{"timestamp": "2026-08-13 00:03:19,380", "level": "INFO", "module": "train_autoencoder", "message": "Mean Error: 0.180636 | Std Error: 0.158331"}
{"timestamp": "2026-08-13 00:03:19,391", "level": "INFO", "module": "train_autoencoder", "message": "Saved reconstruction normalization parameters to models/anomaly/normalization.json"}
{"timestamp": "2026-08-13 00:03:19,399", "level": "INFO", "module": "train_autoencoder", "message": "Saved Autoencoder model to models/anomaly/autoencoder.pt"}
{"timestamp": "2026-08-13 00:05:11,669", "level": "INFO", "module": "feature_engineering", "message": "Generating features for TNPeeaaTK7v3QGiBBWnWNFUzhMHucEjm84 on chain tron..."}
{"timestamp": "2026-08-13 00:05:11,748", "level": "INFO", "module": "online_store", "message": "Cached features in local file for tron:tnpeeaatk7v3qgibbwnwnfuzhmhucejm84"}
{"timestamp": "2026-08-13 00:05:11,762", "level": "INFO", "module": "offline_store", "message": "Saved feature snapshot to offline store for TNPeeaaTK7v3QGiBBWnWNFUzhMHucEjm84"}
{"timestamp": "2026-08-13 00:05:11,763", "level": "INFO", "module": "blockchain_api_tron", "message": "[TronDataFetcher] Initialized for contract 'TR7NHqjeKQxGTCi8q8ZY4pL8otSzgjLj6t'"}
{"timestamp": "2026-08-13 00:05:13,769", "level": "ERROR", "module": "blockchain_api_tron", "message": "[TronDataFetcher] Request failed with HTTP 400: {"success":false,"error":"A valid account address is required.","statusCode":400}"}
{"timestamp": "2026-08-13 00:05:15,977", "level": "ERROR", "module": "blockchain_api_tron", "message": "[TronDataFetcher] Request failed with HTTP 400: {"message":"relatedAddress is not a valid address"}
"}
{"timestamp": "2026-08-13 00:05:25,855", "level": "INFO", "module": "online_store", "message": "Cache hit (local file) for tron:tnpeeaatk7v3qgibbwnwnfuzhmhucejm84"}
{"timestamp": "2026-08-13 00:05:25,856", "level": "INFO", "module": "blockchain_api_tron", "message": "[TronDataFetcher] Initialized for contract 'TR7NHqjeKQxGTCi8q8ZY4pL8otSzgjLj6t'"}
{"timestamp": "2026-08-13 00:05:27,942", "level": "ERROR", "module": "blockchain_api_tron", "message": "[TronDataFetcher] Request failed with HTTP 400: {"success":false,"error":"A valid account address is required.","statusCode":400}"}
{"timestamp": "2026-08-13 00:05:30,012", "level": "ERROR", "module": "blockchain_api_tron", "message": "[TronDataFetcher] Request failed with HTTP 400: {"message":"relatedAddress is not a valid address"}
"}
{"timestamp": "2026-08-13 00:06:03,089", "level": "INFO", "module": "feature_engineering", "message": "Generating features for TPYmHEhy5n8TCEfYGqW2rPxsghSfzghPDn on chain tron..."}
{"timestamp": "2026-08-13 00:06:03,119", "level": "INFO", "module": "online_store", "message": "Cached features in local file for tron:tpymhehy5n8tcefygqw2rpxsghsfzghpdn"}
{"timestamp": "2026-08-13 00:06:03,134", "level": "INFO", "module": "offline_store", "message": "Saved feature snapshot to offline store for TPYmHEhy5n8TCEfYGqW2rPxsghSfzghPDn"}
{"timestamp": "2026-08-13 00:06:03,135", "level": "INFO", "module": "blockchain_api_tron", "message": "[TronDataFetcher] Initialized for contract 'TR7NHqjeKQxGTCi8q8ZY4pL8otSzgjLj6t'"}
{"timestamp": "2026-08-13 00:07:07,588", "level": "INFO", "module": "feature_engineering", "message": "Generating features for 0x7A5D8F3A22904838493028304920492039203920 on chain tron..."}
{"timestamp": "2026-08-13 00:07:07,611", "level": "INFO", "module": "online_store", "message": "Cached features in local file for tron:0x7a5d8f3a22904838493028304920492039203920"}
{"timestamp": "2026-08-13 00:07:07,627", "level": "INFO", "module": "offline_store", "message": "Saved feature snapshot to offline store for 0x7A5D8F3A22904838493028304920492039203920"}
{"timestamp": "2026-08-13 00:07:07,627", "level": "INFO", "module": "blockchain_api_tron", "message": "[TronDataFetcher] Initialized for contract 'TR7NHqjeKQxGTCi8q8ZY4pL8otSzgjLj6t'"}
{"timestamp": "2026-08-13 00:07:17,212", "level": "ERROR", "module": "blockchain_api_tron", "message": "[TronDataFetcher] Request failed with HTTP 400: {"message":"relatedAddress is not a valid address"}
"}
{"timestamp": "2026-08-13 00:08:15,120", "level": "INFO", "module": "online_store", "message": "Cache hit (local file) for tron:tnpeeaatk7v3qgibbwnwnfuzhmhucejm84"}
{"timestamp": "2026-08-13 00:08:15,120", "level": "INFO", "module": "blockchain_api_tron", "message": "[TronDataFetcher] Initialized for contract 'TR7NHqjeKQxGTCi8q8ZY4pL8otSzgjLj6t'"}
{"timestamp": "2026-08-13 00:08:17,203", "level": "ERROR", "module": "blockchain_api_tron", "message": "[TronDataFetcher] Request failed with HTTP 400: {"success":false,"error":"A valid account address is required.","statusCode":400}"}
{"timestamp": "2026-08-13 00:08:19,732", "level": "ERROR", "module": "blockchain_api_tron", "message": "[TronDataFetcher] Request failed with HTTP 400: {"message":"relatedAddress is not a valid address"}
"}
{"timestamp": "2026-08-13 00:08:45,027", "level": "INFO", "module": "online_store", "message": "Cache hit (local file) for tron:0x7a5d8f3a22904838493028304920492039203920"}
{"timestamp": "2026-08-13 00:08:45,027", "level": "INFO", "module": "blockchain_api_tron", "message": "[TronDataFetcher] Initialized for contract 'TR7NHqjeKQxGTCi8q8ZY4pL8otSzgjLj6t'"}
{"timestamp": "2026-08-13 00:08:48,914", "level": "ERROR", "module": "blockchain_api_tron", "message": "[TronDataFetcher] Request failed with HTTP 400: {"message":"relatedAddress is not a valid address"}
"}
{"timestamp": "2026-08-13 00:08:57,314", "level": "INFO", "module": "online_store", "message": "Cache hit (local file) for tron:tnpeeaatk7v3qgibbwnwnfuzhmhucejm84"}
{"timestamp": "2026-08-13 00:08:57,314", "level": "INFO", "module": "blockchain_api_tron", "message": "[TronDataFetcher] Initialized for contract 'TR7NHqjeKQxGTCi8q8ZY4pL8otSzgjLj6t'"}
{"timestamp": "2026-08-13 00:08:59,240", "level": "ERROR", "module": "blockchain_api_tron", "message": "[TronDataFetcher] Request failed with HTTP 400: {"success":false,"error":"A valid account address is required.","statusCode":400}"}
{"timestamp": "2026-08-13 00:09:01,407", "level": "ERROR", "module": "blockchain_api_tron", "message": "[TronDataFetcher] Request failed with HTTP 400: {"message":"relatedAddress is not a valid address"}
"}
{"timestamp": "2026-08-13 00:09:38,904", "level": "INFO", "module": "online_store", "message": "Cache hit (local file) for tron:0x7a5d8f3a22904838493028304920492039203920"}
{"timestamp": "2026-08-13 00:09:38,904", "level": "INFO", "module": "blockchain_api_tron", "message": "[TronDataFetcher] Initialized for contract 'TR7NHqjeKQxGTCi8q8ZY4pL8otSzgjLj6t'"}
{"timestamp": "2026-08-13 00:09:42,353", "level": "ERROR", "module": "blockchain_api_tron", "message": "[TronDataFetcher] Request failed with HTTP 400: {"message":"relatedAddress is not a valid address"}
"}
{"timestamp": "2026-08-13 00:10:05,282", "level": "INFO", "module": "online_store", "message": "Cache hit (local file) for tron:tnpeeaatk7v3qgibbwnwnfuzhmhucejm84"}
{"timestamp": "2026-08-13 00:10:05,282", "level": "INFO", "module": "blockchain_api_tron", "message": "[TronDataFetcher] Initialized for contract 'TR7NHqjeKQxGTCi8q8ZY4pL8otSzgjLj6t'"}
{"timestamp": "2026-08-13 00:10:07,161", "level": "ERROR", "module": "blockchain_api_tron", "message": "[TronDataFetcher] Request failed with HTTP 400: {"success":false,"error":"A valid account address is required.","statusCode":400}"}
{"timestamp": "2026-08-13 00:10:09,395", "level": "ERROR", "module": "blockchain_api_tron", "message": "[TronDataFetcher] Request failed with HTTP 400: {"message":"relatedAddress is not a valid address"}
"}
{"timestamp": "2026-08-13 00:10:24,924", "level": "INFO", "module": "feature_engineering", "message": "Generating features for TNPeeaaTK7v3QGiBBWnWNFUzhMHucEjm84 on chain tron..."}
{"timestamp": "2026-08-13 00:10:24,953", "level": "INFO", "module": "online_store", "message": "Cached features in local file for tron:tnpeeaatk7v3qgibbwnwnfuzhmhucejm84"}
{"timestamp": "2026-08-13 00:10:24,999", "level": "INFO", "module": "offline_store", "message": "Saved feature snapshot to offline store for TNPeeaaTK7v3QGiBBWnWNFUzhMHucEjm84"}
{"timestamp": "2026-08-13 00:10:25,000", "level": "INFO", "module": "blockchain_api_tron", "message": "[TronDataFetcher] Initialized for contract 'TR7NHqjeKQxGTCi8q8ZY4pL8otSzgjLj6t'"}
{"timestamp": "2026-08-13 00:10:26,930", "level": "ERROR", "module": "blockchain_api_tron", "message": "[TronDataFetcher] Request failed with HTTP 400: {"success":false,"error":"A valid account address is required.","statusCode":400}"}
{"timestamp": "2026-08-13 00:10:28,913", "level": "ERROR", "module": "blockchain_api_tron", "message": "[TronDataFetcher] Request failed with HTTP 400: {"message":"relatedAddress is not a valid address"}
"}
{"timestamp": "2026-08-13 00:10:51,746", "level": "INFO", "module": "online_store", "message": "Cache hit (local file) for tron:0x7a5d8f3a22904838493028304920492039203920"}
{"timestamp": "2026-08-13 00:10:51,747", "level": "INFO", "module": "blockchain_api_tron", "message": "[TronDataFetcher] Initialized for contract 'TR7NHqjeKQxGTCi8q8ZY4pL8otSzgjLj6t'"}
{"timestamp": "2026-08-13 00:10:55,569", "level": "ERROR", "module": "blockchain_api_tron", "message": "[TronDataFetcher] Request failed with HTTP 400: {"message":"relatedAddress is not a valid address"}
"}
{"timestamp": "2026-08-13 00:11:10,389", "level": "INFO", "module": "feature_engineering", "message": "Generating features for TR7NHqjeKQxGTCi8q8ZY4pL8otSzgjLj6t on chain tron..."}
{"timestamp": "2026-08-13 00:11:10,413", "level": "INFO", "module": "online_store", "message": "Cached features in local file for tron:tr7nhqjekqxgtci8q8zy4pl8otszgjlj6t"}
{"timestamp": "2026-08-13 00:11:10,427", "level": "INFO", "module": "offline_store", "message": "Saved feature snapshot to offline store for TR7NHqjeKQxGTCi8q8ZY4pL8otSzgjLj6t"}
{"timestamp": "2026-08-13 00:11:10,428", "level": "INFO", "module": "blockchain_api_tron", "message": "[TronDataFetcher] Initialized for contract 'TR7NHqjeKQxGTCi8q8ZY4pL8otSzgjLj6t'"}
{"timestamp": "2026-08-13 00:11:24,394", "level": "INFO", "module": "feature_engineering", "message": "Generating features for TY00000000000000000000000000000bad on chain tron..."}
{"timestamp": "2026-08-13 00:11:24,422", "level": "INFO", "module": "online_store", "message": "Cached features in local file for tron:ty00000000000000000000000000000bad"}
{"timestamp": "2026-08-13 00:11:24,436", "level": "INFO", "module": "offline_store", "message": "Saved feature snapshot to offline store for TY00000000000000000000000000000bad"}
{"timestamp": "2026-08-13 00:11:24,437", "level": "INFO", "module": "blockchain_api_tron", "message": "[TronDataFetcher] Initialized for contract 'TR7NHqjeKQxGTCi8q8ZY4pL8otSzgjLj6t'"}
{"timestamp": "2026-08-13 00:11:25,871", "level": "ERROR", "module": "blockchain_api_tron", "message": "[TronDataFetcher] Request failed with HTTP 400: {"success":false,"error":"A valid account address is required.","statusCode":400}"}
{"timestamp": "2026-08-13 00:11:27,608", "level": "ERROR", "module": "blockchain_api_tron", "message": "[TronDataFetcher] Request failed with HTTP 400: {"message":"relatedAddress is not a valid address"}
"}
{"timestamp": "2026-08-13 00:14:36,286", "level": "INFO", "module": "feature_engineering", "message": "Generating features for 0x7A5D8F3A22904838493028304920492039203920 on chain ethereum..."}
{"timestamp": "2026-08-13 00:14:36,312", "level": "INFO", "module": "online_store", "message": "Cached features in local file for ethereum:0x7a5d8f3a22904838493028304920492039203920"}
{"timestamp": "2026-08-13 00:14:36,324", "level": "INFO", "module": "offline_store", "message": "Saved feature snapshot to offline store for 0x7A5D8F3A22904838493028304920492039203920"}
{"timestamp": "2026-08-17 23:07:50,994", "level": "INFO", "module": "train_tabular", "message": "Generating mock tabular dataset with 50000 samples..."}
{"timestamp": "2026-08-17 23:07:51,707", "level": "INFO", "module": "train_tabular", "message": "Saved massive mock dataset to data/datasets/tabular_dataset.csv"}
{"timestamp": "2026-08-17 23:07:51,935", "level": "INFO", "module": "train_tabular", "message": "Saved scaler to models/scaler.pkl"}
{"timestamp": "2026-08-17 23:07:51,935", "level": "INFO", "module": "train_tabular", "message": "Performing Hyperparameter Tuning for XGBoost..."}
{"timestamp": "2026-08-17 23:07:56,913", "level": "INFO", "module": "train_gnn", "message": "Generating massive mock wallet graph with 5000 nodes..."}
{"timestamp": "2026-08-17 23:08:05,719", "level": "INFO", "module": "train_tabular", "message": "Best XGBoost Params: {'learning_rate': 0.1, 'max_depth': 5, 'n_estimators': 200}"}
{"timestamp": "2026-08-17 23:08:05,719", "level": "INFO", "module": "train_tabular", "message": "Training random_forest..."}
{"timestamp": "2026-08-17 23:08:13,475", "level": "INFO", "module": "train_gnn", "message": "Training GNN model with strict Train/Test splits..."}
{"timestamp": "2026-08-17 23:08:14,239", "level": "INFO", "module": "train_gnn", "message": "Epoch 010 | Train Loss: 0.2316 | Train Acc: 0.9630 | Test Acc: 0.9650"}
{"timestamp": "2026-08-17 23:08:14,933", "level": "INFO", "module": "train_gnn", "message": "Epoch 020 | Train Loss: 0.1813 | Train Acc: 0.9630 | Test Acc: 0.9650"}
{"timestamp": "2026-08-17 23:08:15,593", "level": "INFO", "module": "train_gnn", "message": "Epoch 030 | Train Loss: 0.1637 | Train Acc: 0.9630 | Test Acc: 0.9650"}
{"timestamp": "2026-08-17 23:08:16,246", "level": "INFO", "module": "train_gnn", "message": "Epoch 040 | Train Loss: 0.1594 | Train Acc: 0.9630 | Test Acc: 0.9650"}
{"timestamp": "2026-08-17 23:08:16,908", "level": "INFO", "module": "train_gnn", "message": "Epoch 050 | Train Loss: 0.1538 | Train Acc: 0.9630 | Test Acc: 0.9650"}
{"timestamp": "2026-08-17 23:08:17,583", "level": "INFO", "module": "train_gnn", "message": "Epoch 060 | Train Loss: 0.1470 | Train Acc: 0.9630 | Test Acc: 0.9650"}
{"timestamp": "2026-08-17 23:08:18,217", "level": "INFO", "module": "train_gnn", "message": "Epoch 070 | Train Loss: 0.1336 | Train Acc: 0.9630 | Test Acc: 0.9650"}
{"timestamp": "2026-08-17 23:08:18,880", "level": "INFO", "module": "train_gnn", "message": "Epoch 080 | Train Loss: 0.1094 | Train Acc: 0.9630 | Test Acc: 0.9650"}
{"timestamp": "2026-08-17 23:08:19,553", "level": "INFO", "module": "train_gnn", "message": "Epoch 090 | Train Loss: 0.0760 | Train Acc: 0.9630 | Test Acc: 0.9650"}
{"timestamp": "2026-08-17 23:08:20,205", "level": "INFO", "module": "train_gnn", "message": "Epoch 100 | Train Loss: 0.0551 | Train Acc: 0.9630 | Test Acc: 0.9650"}
{"timestamp": "2026-08-17 23:08:20,876", "level": "INFO", "module": "train_gnn", "message": "Epoch 110 | Train Loss: 0.0458 | Train Acc: 0.9630 | Test Acc: 0.9650"}
{"timestamp": "2026-08-17 23:08:21,514", "level": "INFO", "module": "train_gnn", "message": "Epoch 120 | Train Loss: 0.0417 | Train Acc: 0.9630 | Test Acc: 0.9650"}
{"timestamp": "2026-08-17 23:08:22,171", "level": "INFO", "module": "train_gnn", "message": "Epoch 130 | Train Loss: 0.0390 | Train Acc: 0.9630 | Test Acc: 0.9650"}
{"timestamp": "2026-08-17 23:08:22,835", "level": "INFO", "module": "train_gnn", "message": "Epoch 140 | Train Loss: 0.0372 | Train Acc: 0.9630 | Test Acc: 0.9650"}
{"timestamp": "2026-08-17 23:08:23,496", "level": "INFO", "module": "train_gnn", "message": "Epoch 150 | Train Loss: 0.0357 | Train Acc: 0.9630 | Test Acc: 0.9650"}
{"timestamp": "2026-08-17 23:08:23,532", "level": "INFO", "module": "train_gnn", "message": "Saved best GNN model (Test Acc: 0.9650) to models/graph/gnn_model.pt"}
{"timestamp": "2026-08-17 23:08:26,102", "level": "INFO", "module": "train_tabular", "message": "random_forest Evaluation: F1=0.4564, AUC=0.8138"}
{"timestamp": "2026-08-17 23:08:26,195", "level": "INFO", "module": "train_tabular", "message": "Training gradient_boosting..."}
{"timestamp": "2026-08-17 23:08:39,177", "level": "INFO", "module": "train_tabular", "message": "gradient_boosting Evaluation: F1=0.4506, AUC=0.8198"}
{"timestamp": "2026-08-17 23:08:39,184", "level": "INFO", "module": "train_tabular", "message": "Training xgboost..."}
{"timestamp": "2026-08-17 23:08:39,231", "level": "INFO", "module": "train_tabular", "message": "xgboost Evaluation: F1=0.4606, AUC=0.8185"}
{"timestamp": "2026-08-17 23:08:39,238", "level": "INFO", "module": "train_tabular", "message": "Best model was xgboost with F1=0.4606"}
{"timestamp": "2026-08-17 23:08:39,239", "level": "INFO", "module": "train_tabular", "message": "Generating Evaluation Charts..."}
{"timestamp": "2026-08-17 23:08:42,071", "level": "INFO", "module": "train_tabular", "message": "Saved best model to models/tabular/best_model.pkl and generated charts in models/figures/"}
{"timestamp": "2026-08-17 23:09:17,917", "level": "INFO", "module": "train_autoencoder", "message": "Training Autoencoder with Early Stopping..."}
{"timestamp": "2026-08-17 23:09:26,035", "level": "INFO", "module": "train_autoencoder", "message": "Epoch 005 | Train MSE: 0.647345 | Val MSE: 0.648184"}
{"timestamp": "2026-08-17 23:09:34,213", "level": "INFO", "module": "train_autoencoder", "message": "Epoch 010 | Train MSE: 0.614689 | Val MSE: 0.612838"}
{"timestamp": "2026-08-17 23:09:42,584", "level": "INFO", "module": "train_autoencoder", "message": "Epoch 015 | Train MSE: 0.608203 | Val MSE: 0.608729"}
{"timestamp": "2026-08-17 23:09:50,403", "level": "INFO", "module": "train_autoencoder", "message": "Epoch 020 | Train MSE: 0.606934 | Val MSE: 0.608060"}
{"timestamp": "2026-08-17 23:09:51,991", "level": "INFO", "module": "train_autoencoder", "message": "Early stopping triggered at epoch 21. Best Val MSE: 0.607589"}
{"timestamp": "2026-08-17 23:09:51,998", "level": "INFO", "module": "train_autoencoder", "message": "Saved best Autoencoder model to models/anomaly/autoencoder.pt"}
